order_id,customer_id,order_date,order_status,sales_channel,shipping_cost_USD,discount_pct,discount_pct_flag,region,country
ORD-00001,CUST-0095,2022-09-17,Completed,Phone,18.37,2,Acceptable,Africa,Ghana
ORD-00002,CUST-0053,2021-06-22,Completed,Marketplace,44.71,33,Acceptable,Latin America,Argentina
ORD-00003,CUST-0127,2024-02-28,Refunded,In-Store,14.05,4,Acceptable,North America,United States
ORD-00004,CUST-0065,2024-03-20,Refunded,Unknown,8.55,27,Acceptable,Middle East,UAE
ORD-00005,CUST-0367,2024-03-05,Refunded,Marketplace,41.43,8,Acceptable,Middle East,UAE
ORD-00006,CUST-0110,2021-09-29,Cancelled,Marketplace,38.50,34,Acceptable,Middle East,Saudi Arabia
ORD-00007,CUST-0358,2020-02-21,Completed,In-Store,14.07,8,Acceptable,Asia Pacific,India
ORD-00008,CUST-0183,2020-06-16,Completed,In-Store,4.27,139,Review Recommended,Latin America,Chile
ORD-00009,CUST-0143,2024-05-20,Completed,Mobile App,13.24,6,Acceptable,Europe,Spain
ORD-00010,CUST-0104,2020-02-04,Pending,Mobile App,44.24,24,Acceptable,North America,Canada
ORD-00011,CUST-0137,2020-02-08,Completed,Phone,19.40,34,Acceptable,Latin America,Colombia
ORD-00012,CUST-0340,2021-01-15,Completed,Marketplace,25.83,5,Acceptable,Africa,Ghana
ORD-00013,CUST-0086,2021-12-16,Completed,Phone,32.68,1,Acceptable,Europe,Spain
ORD-00014,CUST-0323,2021-03-08,Pending,Unknown,43.92,9,Acceptable,Europe,Spain
ORD-00015,CUST-0300,2021-12-31,Completed,Website,33.68,26,Acceptable,Africa,Nigeria
ORD-00016,CUST-0080,2020-05-14,Cancelled,Phone,41.00,29,Acceptable,Europe,United Kingdom
ORD-00017,CUST-0127,2024-08-27,Completed,Partner Portal,20.73,33,Acceptable,North America,United States
ORD-00018,CUST-0400,2020-01-24,Completed,Mobile App,38.25,18,Acceptable,Asia Pacific,Australia
ORD-00019,CUST-0278,2023-02-25,Cancelled,Mobile App,30.56,3,Acceptable,North America,United States
ORD-00020,CUST-0270,2020-06-15,Pending,In-Store,12.11,6,Acceptable,Middle East,Qatar
ORD-00021,CUST-0466,2020-03-19,Cancelled,Phone,10.85,28,Acceptable,Europe,Spain
ORD-00022,CUST-0338,2021-02-16,Cancelled,Marketplace,1.32,4,Acceptable,Europe,Sweden
ORD-00023,CUST-0139,2020-08-09,Cancelled,Unknown,0.61,21,Acceptable,Europe,Netherlands
ORD-00024,CUST-0205,2022-04-11,Pending,Phone,41.29,23,Acceptable,Europe,Spain
ORD-00025,CUST-0383,2022-08-26,Refunded,Website,41.20,19,Acceptable,Africa,Ghana
ORD-00026,CUST-0233,2023-01-20,Pending,In-Store,20.66,13,Acceptable,Europe,Germany
ORD-00027,CUST-0295,2023-05-03,Completed,Partner Portal,30.22,19,Acceptable,Europe,France
ORD-00028,CUST-0211,2022-09-10,Completed,Partner Portal,23.86,32,Acceptable,Middle East,UAE
ORD-00029,CUST-0151,2023-03-24,Refunded,Partner Portal,32.94,6,Acceptable,Europe,Sweden
ORD-00030,CUST-0121,2023-05-26,Completed,Phone,22.97,114,Review Recommended,Europe,Germany
ORD-00031,CUST-0371,2023-07-12,Refunded,Mobile App,9.56,4,Acceptable,North America,United States
ORD-00032,CUST-0250,2021-11-26,Pending,Unknown,12.29,34,Acceptable,Europe,Sweden
ORD-00033,CUST-0212,2020-07-14,Completed,Website,8.30,2,Acceptable,Middle East,Saudi Arabia
ORD-00034,CUST-0242,2022-12-31,Refunded,Partner Portal,1.70,16,Acceptable,Asia Pacific,India
ORD-00035,CUST-0394,2023-10-18,Pending,Partner Portal,37.52,11,Acceptable,Latin America,Argentina
ORD-00036,CUST-0386,2020-05-28,Completed,Mobile App,38.81,7,Acceptable,Latin America,Chile
ORD-00037,CUST-0182,2021-07-26,Completed,Website,24.67,26,Acceptable,Latin America,Colombia
ORD-00038,CUST-0238,2021-12-29,Cancelled,Partner Portal,38.17,27,Acceptable,Latin America,Argentina
ORD-00039,CUST-0205,2023-12-16,Completed,Partner Portal,3.21,1,Acceptable,Europe,Spain
ORD-00040,CUST-0230,2021-09-03,Completed,Partner Portal,16.58,4,Acceptable,Latin America,Colombia
ORD-00041,CUST-0120,2023-10-30,Cancelled,In-Store,1.99,28,Acceptable,Middle East,Saudi Arabia
ORD-00042,CUST-0217,2024-03-22,Refunded,Unknown,24.63,20,Acceptable,Middle East,UAE
ORD-00043,CUST-0007,2020-04-04,Cancelled,Marketplace,24.21,14,Acceptable,Middle East,Saudi Arabia
ORD-00044,CUST-0092,2023-01-11,Completed,In-Store,1.79,4,Acceptable,Latin America,Brazil
ORD-00045,CUST-0249,2022-10-20,Cancelled,Marketplace,24.47,27,Acceptable,Africa,Kenya
ORD-00046,CUST-0377,2023-06-29,Completed,In-Store,21.19,3,Acceptable,Middle East,Qatar
ORD-00047,CUST-0327,2024-02-07,Completed,Partner Portal,7.12,17,Acceptable,Middle East,Saudi Arabia
ORD-00048,CUST-0107,2022-08-27,Completed,Phone,12.03,30,Acceptable,Middle East,Saudi Arabia
ORD-00049,CUST-0101,2024-09-25,Pending,Unknown,19.13,23,Acceptable,Middle East,Qatar
ORD-00050,CUST-0018,2024-12-22,Cancelled,Marketplace,25.61,18,Acceptable,Africa,Ghana
ORD-00051,CUST-0277,2020-04-08,Cancelled,Marketplace,17.29,31,Acceptable,Middle East,Saudi Arabia
ORD-00052,CUST-0019,2020-02-08,Refunded,Mobile App,25.55,25,Acceptable,Asia Pacific,India
ORD-00053,CUST-0155,2020-11-16,Completed,Partner Portal,19.68,7,Acceptable,North America,Mexico
ORD-00054,CUST-0120,2023-05-12,Cancelled,Partner Portal,0.11,2,Acceptable,Middle East,Saudi Arabia
ORD-00055,CUST-0280,2021-12-20,Cancelled,In-Store,38.66,9,Acceptable,Latin America,Colombia
ORD-00056,CUST-0259,2024-05-15,Refunded,Phone,28.63,17,Acceptable,North America,Mexico
ORD-00057,CUST-0118,2022-06-22,Cancelled,Marketplace,44.83,22,Acceptable,Latin America,Brazil
ORD-00058,CUST-0083,2024-03-18,Completed,Mobile App,10.93,25,Acceptable,Latin America,Argentina
ORD-00059,CUST-0272,2023-04-04,Completed,Website,43.92,119,Review Recommended,Africa,South Africa
ORD-00060,CUST-0380,2022-03-02,Pending,Phone,38.37,12,Acceptable,Asia Pacific,Singapore
ORD-00061,CUST-0201,2020-09-12,Completed,Website,12.13,6,Acceptable,Africa,Nigeria
ORD-00062,CUST-0088,2021-07-31,Refunded,Mobile App,27.95,22,Acceptable,North America,Canada
ORD-00063,CUST-0232,2024-06-30,Refunded,Mobile App,28.11,13,Acceptable,Middle East,Saudi Arabia
ORD-00064,CUST-0389,2021-02-11,Refunded,Marketplace,12.51,26,Acceptable,Latin America,Colombia
ORD-00065,CUST-0084,2021-03-18,Pending,Mobile App,20.64,31,Acceptable,North America,United States
ORD-00066,CUST-0227,2020-08-25,Completed,Website,25.69,24,Acceptable,North America,Mexico
ORD-00067,CUST-0085,2022-12-18,Refunded,Mobile App,31.75,1,Acceptable,Middle East,UAE
ORD-00068,CUST-0365,2024-09-16,Cancelled,Marketplace,0.49,34,Acceptable,Europe,United Kingdom
ORD-00069,CUST-0288,2022-06-26,Completed,Marketplace,13.07,34,Acceptable,Africa,Kenya
ORD-00070,CUST-0449,2022-04-03,Pending,Website,39.22,30,Acceptable,Europe,United Kingdom
ORD-00071,CUST-0388,2023-03-18,Pending,Website,4.04,32,Acceptable,Asia Pacific,South Korea
ORD-00072,CUST-0478,2024-01-25,Completed,Website,15.79,29,Acceptable,North America,Mexico
ORD-00073,CUST-0364,2021-01-03,Completed,Phone,41.48,29,Acceptable,Africa,Nigeria
ORD-00074,CUST-0207,2022-02-07,Pending,Partner Portal,38.39,21,Acceptable,Europe,United Kingdom
ORD-00075,CUST-0390,2022-07-27,Pending,Website,38.73,24,Acceptable,Middle East,Saudi Arabia
ORD-00076,CUST-0137,2024-05-13,Completed,Mobile App,2.90,33,Acceptable,Latin America,Colombia
ORD-00077,CUST-0344,2020-03-03,Cancelled,Phone,43.70,9,Acceptable,Africa,Nigeria
ORD-00078,CUST-0017,2021-02-02,Completed,Website,39.63,30,Acceptable,Middle East,Saudi Arabia
ORD-00079,CUST-0310,2022-12-31,Refunded,Phone,44.63,30,Acceptable,Latin America,Chile
ORD-00080,CUST-0160,2021-12-31,Completed,In-Store,13.65,25,Acceptable,Latin America,Colombia
ORD-00081,CUST-0263,2024-07-15,Completed,Website,36.53,1,Acceptable,Asia Pacific,Singapore
ORD-00082,CUST-0140,2024-06-19,Pending,In-Store,17.58,20,Acceptable,Latin America,Brazil
ORD-00083,CUST-0378,2020-12-16,Completed,Website,6.98,19,Acceptable,Middle East,Saudi Arabia
ORD-00084,CUST-0462,2022-07-22,Completed,Partner Portal,27.39,19,Acceptable,Middle East,Saudi Arabia
ORD-00085,CUST-0437,2023-04-15,Completed,Partner Portal,10.85,23,Acceptable,North America,Canada
ORD-00086,CUST-0248,2024-05-12,Completed,Mobile App,30.99,4,Acceptable,Europe,Netherlands
ORD-00087,CUST-0438,2024-10-04,Completed,Phone,37.63,24,Acceptable,Europe,Sweden
ORD-00088,CUST-0309,2024-03-15,Completed,Website,41.47,7,Acceptable,Africa,South Africa
ORD-00089,CUST-0404,2021-07-02,Refunded,In-Store,26.09,17,Acceptable,Latin America,Colombia
ORD-00090,CUST-0010,2022-04-11,Refunded,Partner Portal,40.38,0,Acceptable,Latin America,Chile
ORD-00091,CUST-0292,2020-03-05,Refunded,Phone,11.76,17,Acceptable,Europe,France
ORD-00092,CUST-0424,2021-10-20,Pending,Partner Portal,42.36,6,Acceptable,Latin America,Chile
ORD-00093,CUST-0451,2023-11-10,Cancelled,Phone,2.50,24,Acceptable,Middle East,Qatar
ORD-00094,CUST-0021,2024-11-08,Cancelled,Phone,4.20,2,Acceptable,Asia Pacific,Australia
ORD-00095,CUST-0004,2024-12-20,Completed,Website,22.68,26,Acceptable,Latin America,Colombia
ORD-00096,CUST-0168,2023-06-05,Completed,Website,22.82,12,Acceptable,North America,Canada
ORD-00097,CUST-0397,2021-06-14,Completed,In-Store,7.64,27,Acceptable,Latin America,Argentina
ORD-00098,CUST-0219,2024-07-13,Cancelled,Mobile App,15.67,6,Acceptable,Asia Pacific,Australia
ORD-00099,CUST-0211,2021-10-21,Pending,Marketplace,2.76,11,Acceptable,Middle East,UAE
ORD-00100,CUST-0475,2024-06-16,Pending,Website,20.53,7,Acceptable,North America,Mexico
ORD-00101,CUST-0274,2021-10-25,Completed,Partner Portal,7.42,13,Acceptable,North America,Canada
ORD-00102,CUST-0180,2020-06-23,Completed,Marketplace,12.26,33,Acceptable,North America,Mexico
ORD-00103,CUST-0136,2023-01-26,Pending,Mobile App,11.11,34,Acceptable,Europe,Sweden
ORD-00104,CUST-0165,2022-06-22,Refunded,In-Store,20.23,24,Acceptable,Europe,Germany
ORD-00105,CUST-0102,2024-09-10,Completed,Partner Portal,41.52,10,Acceptable,Latin America,Chile
ORD-00106,CUST-0361,2024-06-17,Refunded,Unknown,37.40,23,Acceptable,Latin America,Brazil
ORD-00107,CUST-0169,2023-03-19,Completed,Website,43.85,34,Acceptable,Asia Pacific,South Korea
ORD-00108,CUST-0244,2022-12-08,Completed,Phone,30.14,14,Acceptable,North America,Mexico
ORD-00109,CUST-0455,2024-12-13,Completed,Partner Portal,0.63,22,Acceptable,Asia Pacific,Australia
ORD-00110,CUST-0034,2021-02-02,Pending,Marketplace,27.13,15,Acceptable,Middle East,UAE
ORD-00111,CUST-0163,2021-09-22,Cancelled,Website,8.28,4,Acceptable,Asia Pacific,Singapore
ORD-00112,CUST-0136,2022-12-13,Refunded,Phone,36.56,16,Acceptable,Europe,Sweden
ORD-00113,CUST-0416,2023-06-30,Completed,Partner Portal,24.71,23,Acceptable,Middle East,Saudi Arabia
ORD-00114,CUST-0275,2021-07-28,Refunded,In-Store,20.68,17,Acceptable,Africa,South Africa
ORD-00115,CUST-0078,2023-08-10,Refunded,Mobile App,4.58,0,Acceptable,Europe,United Kingdom
ORD-00116,CUST-0466,2023-04-11,Refunded,Phone,34.09,17,Acceptable,Europe,Spain
ORD-00117,CUST-0348,2024-09-08,Refunded,In-Store,18.53,9,Acceptable,Middle East,UAE
ORD-00118,CUST-0447,2023-07-09,Refunded,Partner Portal,29.24,15,Acceptable,Middle East,UAE
ORD-00119,CUST-0222,2024-06-25,Refunded,Marketplace,35.72,15,Acceptable,Asia Pacific,India
ORD-00120,CUST-0216,2021-04-09,Pending,Mobile App,1.65,12,Acceptable,Africa,Kenya
ORD-00121,CUST-0174,2024-03-21,Cancelled,In-Store,28.47,11,Acceptable,Europe,Spain
ORD-00122,CUST-0261,2021-01-21,Completed,Marketplace,32.19,139,Review Recommended,Africa,Ghana
ORD-00123,CUST-0455,2023-12-09,Refunded,Website,3.59,4,Acceptable,Asia Pacific,Australia
ORD-00124,CUST-0405,2020-05-26,Completed,Website,28.52,8,Acceptable,Asia Pacific,Japan
ORD-00125,CUST-0019,2021-04-13,Pending,Unknown,11.31,116,Review Recommended,Asia Pacific,India
ORD-00126,CUST-0113,2020-11-08,Completed,Mobile App,16.23,27,Acceptable,North America,United States
ORD-00127,CUST-0224,2022-12-22,Refunded,In-Store,25.63,28,Acceptable,Europe,Germany
ORD-00128,CUST-0480,2020-03-23,Cancelled,Marketplace,11.58,11,Acceptable,North America,Canada
ORD-00129,CUST-0239,2020-06-13,Pending,Partner Portal,40.66,33,Acceptable,Africa,Kenya
ORD-00130,CUST-0214,2022-03-18,Completed,Website,13.44,21,Acceptable,Middle East,UAE
ORD-00131,CUST-0204,2023-08-29,Pending,Marketplace,25.73,34,Acceptable,Africa,South Africa
ORD-00132,CUST-0050,2023-09-30,Pending,Mobile App,23.06,13,Acceptable,Latin America,Chile
ORD-00133,CUST-0263,2023-09-28,Cancelled,In-Store,5.84,149,Review Recommended,Asia Pacific,Singapore
ORD-00134,CUST-0149,2024-12-30,Completed,Mobile App,0.83,8,Acceptable,Europe,Germany
ORD-00135,CUST-0293,2023-03-25,Refunded,Marketplace,39.72,126,Review Recommended,Europe,Spain
ORD-00136,CUST-0341,2023-02-21,Pending,Mobile App,29.53,15,Acceptable,Middle East,UAE
ORD-00137,CUST-0379,2020-06-09,Refunded,In-Store,9.22,10,Acceptable,Europe,United Kingdom
ORD-00138,CUST-0450,2022-10-03,Completed,Website,43.21,10,Acceptable,Europe,France
ORD-00139,CUST-0162,2022-07-25,Completed,Partner Portal,25.27,25,Acceptable,Middle East,Qatar
ORD-00140,CUST-0038,2024-07-11,Pending,In-Store,3.39,33,Acceptable,Africa,South Africa
ORD-00141,CUST-0420,2024-02-03,Completed,Unknown,17.02,17,Acceptable,Europe,France
ORD-00142,CUST-0174,2021-05-27,Completed,In-Store,11.20,12,Acceptable,Europe,Spain
ORD-00143,CUST-0122,2022-05-10,Completed,Partner Portal,33.63,15,Acceptable,Africa,Nigeria
ORD-00144,CUST-0064,2020-04-23,Completed,Mobile App,23.87,0,Acceptable,North America,Mexico
ORD-00145,CUST-0393,2023-05-19,Cancelled,Partner Portal,16.63,34,Acceptable,Middle East,UAE
ORD-00146,CUST-0211,2022-06-20,Completed,Marketplace,37.31,17,Acceptable,Middle East,UAE
ORD-00147,CUST-0016,2024-02-02,Completed,Marketplace,3.07,8,Acceptable,North America,Mexico
ORD-00148,CUST-0124,2024-06-04,Completed,Phone,28.11,22,Acceptable,Latin America,Argentina
ORD-00149,CUST-0373,2023-01-18,Completed,In-Store,28.09,20,Acceptable,Europe,France
ORD-00150,CUST-0416,2024-07-08,Completed,Partner Portal,19.57,34,Acceptable,Middle East,Saudi Arabia
ORD-00151,CUST-0255,2022-05-09,Refunded,Partner Portal,25.88,16,Acceptable,Africa,Nigeria
ORD-00152,CUST-0075,2020-06-17,Completed,Mobile App,18.84,19,Acceptable,Africa,South Africa
ORD-00153,CUST-0480,2021-10-30,Cancelled,Phone,21.83,10,Acceptable,North America,Canada
ORD-00154,CUST-0067,2020-08-30,Completed,Partner Portal,13.69,15,Acceptable,Africa,Ghana
ORD-00155,CUST-0199,2022-11-17,Completed,Mobile App,15.10,8,Acceptable,Europe,United Kingdom
ORD-00156,CUST-0132,2024-12-06,Completed,Website,4.04,33,Acceptable,Africa,South Africa
ORD-00157,CUST-0058,2020-07-11,Completed,Marketplace,15.31,31,Acceptable,Asia Pacific,South Korea
ORD-00158,CUST-0479,2020-02-29,Completed,Website,9.08,4,Acceptable,Latin America,Argentina
ORD-00159,CUST-0259,2022-03-25,Completed,Marketplace,12.13,13,Acceptable,North America,Mexico
ORD-00160,CUST-0218,2024-04-12,Pending,In-Store,0.74,11,Acceptable,Africa,South Africa
ORD-00161,CUST-0230,2024-11-29,Completed,In-Store,30.28,28,Acceptable,Latin America,Colombia
ORD-00162,CUST-0446,2023-10-17,Refunded,Partner Portal,6.11,6,Acceptable,North America,Mexico
ORD-00163,CUST-0454,2024-04-30,Cancelled,Partner Portal,39.84,32,Acceptable,Europe,Germany
ORD-00164,CUST-0265,2022-09-13,Completed,In-Store,31.26,34,Acceptable,North America,United States
ORD-00165,CUST-0037,2024-11-01,Completed,Website,29.25,127,Review Recommended,North America,Mexico
ORD-00166,CUST-0012,2023-03-13,Refunded,Mobile App,24.24,13,Acceptable,Europe,Netherlands
ORD-00167,CUST-0004,2024-12-29,Refunded,Phone,10.45,6,Acceptable,Latin America,Colombia
ORD-00168,CUST-0153,2022-06-30,Completed,Marketplace,21.80,9,Acceptable,NA Region,United States
ORD-00169,CUST-0335,2022-02-27,Completed,In-Store,24.13,27,Acceptable,Europe,Germany
ORD-00170,CUST-0058,2022-10-06,Refunded,Mobile App,24.96,22,Acceptable,Asia Pacific,South Korea
ORD-00171,CUST-0419,2022-01-22,Cancelled,In-Store,19.91,35,Acceptable,Africa,Ghana
ORD-00172,CUST-0219,2021-08-18,Completed,Mobile App,29.49,33,Acceptable,Asia Pacific,Australia
ORD-00173,CUST-0435,2021-11-03,Pending,Website,33.28,17,Acceptable,Asia Pacific,India
ORD-00174,CUST-0143,2023-05-10,Completed,In-Store,0.65,8,Acceptable,Europe,Spain
ORD-00175,CUST-0358,2021-05-27,Refunded,Website,8.99,2,Acceptable,Asia Pacific,India
ORD-00176,CUST-0157,2024-01-10,Completed,Phone,42.56,2,Acceptable,Latin America,Chile
ORD-00177,CUST-0024,2024-10-03,Cancelled,Partner Portal,0.81,17,Acceptable,Africa,Nigeria
ORD-00178,CUST-0058,2023-08-28,Completed,Phone,23.14,13,Acceptable,Asia Pacific,South Korea
ORD-00179,CUST-0437,2020-06-25,Cancelled,Unknown,42.40,19,Acceptable,North America,Canada
ORD-00180,CUST-0414,2021-10-06,Completed,Website,24.27,24,Acceptable,NA Region,Canada
ORD-00181,CUST-0467,2021-12-18,Cancelled,Mobile App,15.12,11,Acceptable,Middle East,Qatar
ORD-00182,CUST-0300,2023-02-21,Refunded,In-Store,10.87,15,Acceptable,Africa,Nigeria
ORD-00183,CUST-0380,2023-07-30,Completed,Phone,29.22,12,Acceptable,Asia Pacific,Singapore
ORD-00184,CUST-0270,2023-12-30,Completed,Mobile App,14.20,20,Acceptable,Middle East,Qatar
ORD-00185,CUST-0317,2020-12-13,Refunded,Mobile App,43.51,30,Acceptable,Middle East,Qatar
ORD-00186,CUST-0364,2024-11-25,Refunded,Website,28.21,29,Acceptable,Africa,Nigeria
ORD-00187,CUST-0048,2021-04-01,Completed,Marketplace,34.00,11,Acceptable,North America,Canada
ORD-00188,CUST-0398,2024-04-09,Completed,Unknown,42.12,11,Acceptable,Latin America,Brazil
ORD-00189,CUST-0302,2020-07-03,Refunded,Mobile App,44.81,5,Acceptable,Asia Pacific,Australia
ORD-00190,CUST-0269,2022-08-29,Completed,Phone,16.08,28,Acceptable,Africa,Ghana
ORD-00191,CUST-0313,2024-07-20,Pending,Phone,18.36,25,Acceptable,Africa,Kenya
ORD-00192,CUST-0465,2020-03-28,Completed,Phone,43.09,33,Acceptable,Asia Pacific,India
ORD-00193,CUST-0143,2023-01-17,Completed,In-Store,2.92,17,Acceptable,Europe,Spain
ORD-00194,CUST-0085,2020-04-16,Completed,Marketplace,25.88,18,Acceptable,Middle East,UAE
ORD-00195,CUST-0029,2021-12-02,Cancelled,Partner Portal,6.21,2,Acceptable,Middle East,Saudi Arabia
ORD-00196,CUST-0099,2021-06-09,Completed,Partner Portal,34.57,24,Acceptable,Latin America,Chile
ORD-00197,CUST-0259,2020-07-03,Completed,Mobile App,43.09,12,Acceptable,North America,Mexico
ORD-00198,CUST-0210,2020-07-12,Completed,Website,41.89,19,Acceptable,Europe,Germany
ORD-00199,CUST-0358,2024-08-21,Completed,Phone,40.88,30,Acceptable,Asia Pacific,India
ORD-00200,CUST-0327,2020-08-22,Cancelled,Mobile App,15.30,31,Acceptable,Middle East,Saudi Arabia
ORD-00201,CUST-0207,2022-06-08,Completed,Website,30.96,33,Acceptable,Europe,United Kingdom
ORD-00202,CUST-0375,2022-08-30,Cancelled,Marketplace,16.40,21,Acceptable,North America,United States
ORD-00203,CUST-0086,2021-10-28,Cancelled,Website,9.15,4,Acceptable,Europe,Spain
ORD-00204,CUST-0097,2021-01-14,Refunded,Mobile App,18.44,0,Acceptable,Europe,Netherlands
ORD-00205,CUST-0061,2022-02-03,Completed,Partner Portal,10.42,29,Acceptable,Africa,Ghana
ORD-00206,CUST-0022,2021-06-23,Completed,Mobile App,25.75,25,Acceptable,North America,United States
ORD-00207,CUST-0281,2024-04-11,Completed,Website,25.09,10,Acceptable,Latin America,Colombia
ORD-00208,CUST-0040,2022-08-15,Completed,Phone,11.66,31,Acceptable,Asia Pacific,Singapore
ORD-00209,CUST-0421,2024-12-17,Refunded,Marketplace,7.42,8,Acceptable,North America,Canada
ORD-00210,CUST-0405,2020-02-23,Completed,Partner Portal,16.91,30,Acceptable,Asia Pacific,Japan
ORD-00211,CUST-0383,2021-02-24,Completed,Marketplace,25.87,4,Acceptable,Africa,Ghana
ORD-00212,CUST-0103,2021-07-04,Completed,In-Store,29.28,7,Acceptable,North America,Canada
ORD-00213,CUST-0306,2024-06-11,Completed,Marketplace,39.31,30,Acceptable,Europe,Spain
ORD-00214,CUST-0254,2024-11-20,Cancelled,Phone,31.15,4,Acceptable,Asia Pacific,Singapore
ORD-00215,CUST-0042,2021-08-12,Pending,Mobile App,18.02,10,Acceptable,Africa,Kenya
ORD-00216,CUST-0162,2022-06-03,Pending,Partner Portal,8.63,19,Acceptable,Middle East,Qatar
ORD-00217,CUST-0166,2024-12-20,Completed,Partner Portal,28.10,5,Acceptable,Latin America,Argentina
ORD-00218,CUST-0285,2020-01-07,Pending,Phone,33.71,7,Acceptable,Middle East,UAE
ORD-00219,CUST-0146,2022-11-04,Completed,Phone,15.62,31,Acceptable,Africa,Kenya
ORD-00220,CUST-0219,2022-10-31,Completed,Mobile App,12.35,30,Acceptable,Asia Pacific,Australia
ORD-00221,CUST-0398,2023-04-03,Pending,Phone,35.72,19,Acceptable,Latin America,Brazil
ORD-00222,CUST-0322,2024-07-05,Cancelled,Website,30.59,28,Acceptable,Africa,Ghana
ORD-00223,CUST-0283,2023-05-15,Pending,Phone,5.51,17,Acceptable,Middle East,Saudi Arabia
ORD-00224,CUST-0267,2023-06-15,Pending,Marketplace,35.42,25,Acceptable,Europe,Netherlands
ORD-00225,CUST-0009,2023-10-30,Completed,In-Store,32.93,12,Acceptable,Europe,United Kingdom
ORD-00226,CUST-0266,2023-09-12,Completed,Marketplace,34.03,2,Acceptable,Asia Pacific,Japan
ORD-00227,CUST-0409,2020-02-21,Completed,In-Store,29.84,12,Acceptable,North America,United States
ORD-00228,CUST-0055,2020-09-08,Completed,Mobile App,27.97,3,Acceptable,North America,Canada
ORD-00229,CUST-0444,2020-01-22,Cancelled,Partner Portal,38.87,122,Review Recommended,Asia Pacific,Singapore
ORD-00230,CUST-0383,2020-09-19,Completed,Partner Portal,15.30,6,Acceptable,Africa,Ghana
ORD-00231,CUST-0109,2023-03-28,Cancelled,Marketplace,29.72,17,Acceptable,Latin America,Chile
ORD-00232,CUST-0462,2021-10-13,Completed,Marketplace,30.23,25,Acceptable,Middle East,Saudi Arabia
ORD-00233,CUST-0249,2024-07-24,Completed,Mobile App,6.22,16,Acceptable,Africa,Kenya
ORD-00234,CUST-0254,2021-03-31,Completed,Partner Portal,33.02,11,Acceptable,Asia Pacific,Singapore
ORD-00235,CUST-0259,2024-12-30,Completed,Phone,0.73,27,Acceptable,North America,Mexico
ORD-00236,CUST-0411,2024-06-17,Completed,Marketplace,31.41,30,Acceptable,Asia Pacific,Singapore
ORD-00237,CUST-0108,2023-04-11,Refunded,Website,32.85,30,Acceptable,North America,United States
ORD-00238,CUST-0034,2023-07-17,Refunded,Marketplace,21.51,26,Acceptable,Middle East,UAE
ORD-00239,CUST-0055,2023-03-10,Completed,Partner Portal,12.76,16,Acceptable,North America,Canada
ORD-00240,CUST-0248,2020-09-18,Completed,Website,33.65,32,Acceptable,Europe,Netherlands
ORD-00241,CUST-0246,2020-02-22,Pending,In-Store,9.25,9,Acceptable,Asia Pacific,Singapore
ORD-00242,CUST-0083,2024-05-05,Completed,Mobile App,1.50,29,Acceptable,Latin America,Argentina
ORD-00243,CUST-0315,2023-09-09,Completed,Partner Portal,28.75,35,Acceptable,Africa,Nigeria
ORD-00244,CUST-0310,2022-04-23,Refunded,Partner Portal,17.19,0,Acceptable,Latin America,Chile
ORD-00245,CUST-0402,2020-03-18,Refunded,Phone,15.23,32,Acceptable,Africa,Nigeria
ORD-00246,CUST-0112,2020-07-17,Completed,In-Store,25.88,28,Acceptable,Africa,Kenya
ORD-00247,CUST-0193,2023-10-20,Pending,Phone,23.60,34,Acceptable,North America,Canada
ORD-00248,CUST-0431,2021-03-28,Refunded,In-Store,0.30,7,Acceptable,Asia Pacific,Singapore
ORD-00249,CUST-0325,2023-04-11,Completed,Unknown,35.16,19,Acceptable,Latin America,Chile
ORD-00250,CUST-0157,2020-02-26,Cancelled,Unknown,2.97,131,Review Recommended,Latin America,Chile
ORD-00251,CUST-0393,2023-08-29,Cancelled,Marketplace,2.15,31,Acceptable,Middle East,UAE
ORD-00252,CUST-0061,2022-07-08,Refunded,Marketplace,33.37,18,Acceptable,Africa,Ghana
ORD-00253,CUST-0188,2022-06-18,Completed,Mobile App,29.10,23,Acceptable,Africa,South Africa
ORD-00254,CUST-0119,2020-09-05,Completed,Phone,28.99,5,Acceptable,North America,Canada
ORD-00255,CUST-0326,2023-08-27,Completed,In-Store,28.44,3,Acceptable,Europe,Netherlands
ORD-00256,CUST-0469,2020-09-01,Completed,Marketplace,1.85,11,Acceptable,Africa,Nigeria
ORD-00257,CUST-0045,2021-02-19,Completed,Unknown,19.80,34,Acceptable,Latin America,Colombia
ORD-00258,CUST-0090,2024-06-27,Completed,Phone,17.80,28,Acceptable,Asia Pacific,India
ORD-00259,CUST-0134,2024-12-31,Completed,In-Store,13.57,25,Acceptable,North America,United States
ORD-00260,CUST-0076,2024-06-04,Cancelled,In-Store,44.24,4,Acceptable,Africa,Ghana
ORD-00261,CUST-0134,2023-11-01,Completed,Mobile App,2.87,15,Acceptable,North America,United States
ORD-00262,CUST-0352,2023-08-16,Completed,Phone,41.18,31,Acceptable,Europe,France
ORD-00263,CUST-0139,2021-04-10,Completed,In-Store,11.44,18,Acceptable,Europe,Netherlands
ORD-00264,CUST-0324,2024-11-30,Completed,Partner Portal,38.74,3,Acceptable,Europe,United Kingdom
ORD-00265,CUST-0190,2022-07-30,Cancelled,Marketplace,40.16,27,Acceptable,Africa,South Africa
ORD-00266,CUST-0302,2024-01-17,Pending,Website,22.50,18,Acceptable,Asia Pacific,Australia
ORD-00267,CUST-0245,2022-07-09,Cancelled,In-Store,34.69,3,Acceptable,Europe,Sweden
ORD-00268,CUST-0259,2022-01-13,Cancelled,Marketplace,3.68,29,Acceptable,North America,Mexico
ORD-00269,CUST-0331,2024-05-19,Cancelled,Website,29.65,27,Acceptable,Africa,Kenya
ORD-00270,CUST-0186,2022-10-23,Completed,Mobile App,21.68,29,Acceptable,Asia Pacific,Singapore
ORD-00271,CUST-0298,2024-04-24,Cancelled,Marketplace,28.39,19,Acceptable,Africa,South Africa
ORD-00272,CUST-0370,2022-06-23,Completed,Unknown,25.76,26,Acceptable,North America,United States
ORD-00273,CUST-0372,2021-02-25,Refunded,Marketplace,39.29,26,Acceptable,Latin America,Chile
ORD-00274,CUST-0432,2022-03-15,Cancelled,Mobile App,22.36,13,Acceptable,North America,United States
ORD-00275,CUST-0343,2022-12-13,Refunded,Marketplace,14.43,15,Acceptable,Europe,France
ORD-00276,CUST-0057,2020-09-28,Pending,In-Store,35.46,16,Acceptable,Africa,Ghana
ORD-00277,CUST-0022,2020-07-31,Completed,Marketplace,6.25,27,Acceptable,North America,United States
ORD-00278,CUST-0395,2023-08-14,Completed,Website,37.73,16,Acceptable,Middle East,Qatar
ORD-00279,CUST-0180,2024-01-11,Cancelled,Marketplace,3.01,10,Acceptable,North America,Mexico
ORD-00280,CUST-0463,2023-07-03,Completed,In-Store,21.39,10,Acceptable,Africa,South Africa
ORD-00281,CUST-0324,2020-01-30,Refunded,Mobile App,36.72,2,Acceptable,Europe,United Kingdom
ORD-00282,CUST-0395,2023-01-28,Completed,Mobile App,42.54,34,Acceptable,Middle East,Qatar
ORD-00283,CUST-0337,2021-03-03,Refunded,Mobile App,42.55,18,Acceptable,Middle East,UAE
ORD-00284,CUST-0375,2024-01-21,Cancelled,Mobile App,31.15,28,Acceptable,North America,United States
ORD-00285,CUST-0144,2020-06-26,Cancelled,Partner Portal,38.38,9,Acceptable,Asia Pacific,Japan
ORD-00286,CUST-0039,2021-11-14,Refunded,Phone,33.91,14,Acceptable,North America,Mexico
ORD-00287,CUST-0329,2024-11-11,Refunded,Mobile App,18.35,30,Acceptable,Latin America,Colombia
ORD-00288,CUST-0181,2022-10-26,Refunded,Unknown,44.73,122,Review Recommended,North America,Mexico
ORD-00289,CUST-0019,2024-06-03,Completed,Mobile App,16.57,6,Acceptable,Asia Pacific,India
ORD-00290,CUST-0269,2022-09-11,Completed,Mobile App,4.48,31,Acceptable,Africa,Ghana
ORD-00291,CUST-0191,2021-06-27,Refunded,Mobile App,15.51,23,Acceptable,North America,Canada
ORD-00292,CUST-0361,2024-06-01,Completed,Unknown,11.91,34,Acceptable,Latin America,Brazil
ORD-00293,CUST-0362,2022-12-01,Pending,Website,0.05,18,Acceptable,Asia Pacific,India
ORD-00294,CUST-0295,2024-01-22,Completed,Partner Portal,27.31,28,Acceptable,Europe,France
ORD-00295,CUST-0271,2024-10-15,Cancelled,Partner Portal,33.36,17,Acceptable,Latin America,Chile
ORD-00296,CUST-0003,2023-05-09,Completed,Mobile App,38.29,25,Acceptable,Latin America,Colombia
ORD-00297,CUST-0240,2021-05-01,Completed,Marketplace,24.45,26,Acceptable,Europe,United Kingdom
ORD-00298,CUST-0160,2022-07-31,Refunded,Unknown,10.38,17,Acceptable,Latin America,Colombia
ORD-00299,CUST-0409,2021-10-02,Pending,In-Store,41.30,29,Acceptable,North America,United States
ORD-00300,CUST-0341,2020-05-25,Completed,In-Store,43.39,11,Acceptable,Middle East,UAE
ORD-00301,CUST-0329,2021-02-09,Completed,Partner Portal,0.79,13,Acceptable,Latin America,Colombia
ORD-00302,CUST-0423,2023-05-02,Completed,In-Store,4.25,18,Acceptable,Latin America,Colombia
ORD-00303,CUST-0301,2020-04-05,Refunded,Unknown,4.54,33,Acceptable,North America,United States
ORD-00304,CUST-0362,2020-04-28,Completed,Phone,22.44,28,Acceptable,Asia Pacific,India
ORD-00305,CUST-0043,2020-08-13,Pending,Phone,41.27,21,Acceptable,Middle East,UAE
ORD-00306,CUST-0007,2023-09-21,Refunded,Website,28.72,20,Acceptable,Middle East,Saudi Arabia
ORD-00307,CUST-0271,2023-07-07,Pending,Marketplace,29.18,25,Acceptable,Latin America,Chile
ORD-00308,CUST-0201,2021-01-01,Pending,In-Store,22.80,14,Acceptable,Africa,Nigeria
ORD-00309,CUST-0017,2022-12-10,Completed,Marketplace,10.02,13,Acceptable,Middle East,Saudi Arabia
ORD-00310,CUST-0164,2022-12-07,Completed,Phone,3.62,7,Acceptable,North America,Mexico
ORD-00311,CUST-0339,2023-07-24,Pending,Partner Portal,22.72,4,Acceptable,Africa,South Africa
ORD-00312,CUST-0437,2023-07-14,Completed,Phone,34.70,20,Acceptable,NA Region,Canada
ORD-00313,CUST-0298,2024-03-27,Refunded,Unknown,23.19,30,Acceptable,Africa,South Africa
ORD-00314,CUST-0123,2022-08-06,Refunded,Marketplace,12.23,11,Acceptable,Asia Pacific,Singapore
ORD-00315,CUST-0201,2021-06-26,Cancelled,Website,43.27,5,Acceptable,Africa,Nigeria
ORD-00316,CUST-0311,2023-03-03,Completed,Unknown,2.72,3,Acceptable,Asia Pacific,Japan
ORD-00317,CUST-0416,2022-07-20,Completed,Website,18.81,141,Review Recommended,Middle East,Saudi Arabia
ORD-00318,CUST-0372,2024-04-06,Completed,Website,29.18,32,Acceptable,Latin America,Chile
ORD-00319,CUST-0176,2024-06-08,Pending,Partner Portal,21.13,14,Acceptable,Europe,Spain
ORD-00320,CUST-0143,2021-03-23,Completed,In-Store,32.14,21,Acceptable,Europe,Spain
ORD-00321,CUST-0308,2024-07-25,Completed,In-Store,28.74,26,Acceptable,Europe,Sweden
ORD-00322,CUST-0208,2024-11-11,Pending,Partner Portal,0.43,2,Acceptable,Europe,Germany
ORD-00323,CUST-0366,2022-12-22,Completed,Phone,18.72,22,Acceptable,Europe,Spain
ORD-00324,CUST-0147,2023-04-30,Pending,Mobile App,18.67,20,Acceptable,Latin America,Brazil
ORD-00325,CUST-0209,2023-04-02,Completed,Partner Portal,29.60,10,Acceptable,Europe,France
ORD-00326,CUST-0099,2020-10-15,Completed,In-Store,31.66,24,Acceptable,Latin America,Chile
ORD-00327,CUST-0150,2020-06-18,Completed,Website,19.35,34,Acceptable,North America,Mexico
ORD-00328,CUST-0464,2021-01-20,Refunded,Phone,12.88,29,Acceptable,Europe,Netherlands
ORD-00329,CUST-0025,2020-12-09,Completed,Partner Portal,24.63,29,Acceptable,Europe,Sweden
ORD-00330,CUST-0179,2024-05-18,Completed,In-Store,18.45,22,Acceptable,Middle East,Qatar
ORD-00331,CUST-0067,2021-04-21,Refunded,Website,32.47,19,Acceptable,Africa,Ghana
ORD-00332,CUST-0295,2022-03-26,Cancelled,Mobile App,23.43,19,Acceptable,Europe,France
ORD-00333,CUST-0142,2020-10-12,Pending,Mobile App,29.22,12,Acceptable,Asia Pacific,Singapore
ORD-00334,CUST-0035,2020-05-13,Completed,Unknown,8.29,11,Acceptable,Europe,Spain
ORD-00335,CUST-0472,2024-09-07,Completed,Mobile App,0.86,13,Acceptable,Europe,Netherlands
ORD-00336,CUST-0414,2020-12-23,Pending,Mobile App,21.85,32,Acceptable,North America,Canada
ORD-00337,CUST-0170,2023-11-23,Completed,Mobile App,7.46,21,Acceptable,North America,Mexico
ORD-00338,CUST-0197,2021-03-13,Completed,Unknown,41.88,16,Acceptable,Latin America,Colombia
ORD-00339,CUST-0416,2020-03-01,Completed,Phone,2.24,21,Acceptable,Middle East,Saudi Arabia
ORD-00340,CUST-0087,2021-03-07,Cancelled,In-Store,23.06,33,Acceptable,Asia Pacific,Australia
ORD-00341,CUST-0456,2023-05-14,Pending,Marketplace,19.47,2,Acceptable,Europe,Sweden
ORD-00342,CUST-0436,2024-09-02,Pending,Phone,20.55,31,Acceptable,Middle East,Qatar
ORD-00343,CUST-0050,2023-08-24,Cancelled,In-Store,7.91,13,Acceptable,Latin America,Chile
ORD-00344,CUST-0146,2020-05-21,Pending,Phone,30.97,16,Acceptable,Africa,Kenya
ORD-00345,CUST-0013,2021-06-14,Pending,Website,25.45,25,Acceptable,Latin America,Brazil
ORD-00346,CUST-0125,2021-09-17,Cancelled,Partner Portal,7.16,24,Acceptable,Africa,Ghana
ORD-00347,CUST-0168,2022-06-27,Pending,Mobile App,36.94,21,Acceptable,North America,Canada
ORD-00348,CUST-0004,2022-04-29,Refunded,Partner Portal,8.78,19,Acceptable,Latin America,Colombia
ORD-00349,CUST-0305,2020-11-28,Completed,In-Store,42.37,27,Acceptable,North America,United States
ORD-00350,CUST-0244,2023-06-28,Pending,In-Store,4.21,30,Acceptable,North America,Mexico
ORD-00351,CUST-0477,2020-02-24,Pending,In-Store,22.53,6,Acceptable,Europe,Germany
ORD-00352,CUST-0254,2022-11-01,Completed,Unknown,36.90,29,Acceptable,Asia Pacific,Singapore
ORD-00353,CUST-0318,2021-04-14,Completed,Mobile App,32.36,119,Review Recommended,Asia Pacific,South Korea
ORD-00354,CUST-0276,2020-07-04,Refunded,Mobile App,17.22,3,Acceptable,Asia Pacific,India
ORD-00355,CUST-0089,2024-12-27,Pending,Unknown,38.32,19,Acceptable,Europe,Sweden
ORD-00356,CUST-0410,2020-07-03,Completed,Website,42.01,26,Acceptable,Latin America,Brazil
ORD-00357,CUST-0332,2022-12-27,Refunded,Phone,3.61,28,Acceptable,Africa,Nigeria
ORD-00358,CUST-0441,2023-09-06,Pending,Mobile App,15.31,22,Acceptable,Latin America,Argentina
ORD-00359,CUST-0103,2021-11-18,Completed,Partner Portal,32.27,10,Acceptable,North America,Canada
ORD-00360,CUST-0293,2022-06-19,Refunded,In-Store,5.11,16,Acceptable,Europe,Spain
ORD-00361,CUST-0313,2020-11-20,Refunded,In-Store,34.17,5,Acceptable,Africa,Kenya
ORD-00362,CUST-0478,2023-04-13,Refunded,Partner Portal,43.84,29,Acceptable,North America,Mexico
ORD-00363,CUST-0028,2023-05-30,Refunded,Website,23.89,18,Acceptable,Middle East,Saudi Arabia
ORD-00364,CUST-0204,2023-07-04,Completed,Mobile App,33.89,17,Acceptable,Africa,South Africa
ORD-00365,CUST-0130,2021-02-01,Completed,Mobile App,11.91,26,Acceptable,Middle East,UAE
ORD-00366,CUST-0001,2024-09-12,Pending,Mobile App,3.40,11,Acceptable,Latin America,Argentina
ORD-00367,CUST-0138,2023-01-27,Completed,Unknown,17.56,7,Acceptable,Middle East,UAE
ORD-00368,CUST-0139,2024-09-06,Refunded,Partner Portal,29.10,15,Acceptable,Europe,Netherlands
ORD-00369,CUST-0447,2023-06-20,Cancelled,Phone,34.17,23,Acceptable,Middle East,UAE
ORD-00370,CUST-0348,2023-06-03,Completed,In-Store,21.21,130,Review Recommended,Middle East,UAE
ORD-00371,CUST-0161,2022-10-13,Completed,Mobile App,0.56,8,Acceptable,NA Region,Mexico
ORD-00372,CUST-0453,2021-04-27,Refunded,Website,24.06,1,Acceptable,Latin America,Argentina
ORD-00373,CUST-0026,2023-11-03,Cancelled,Partner Portal,37.99,15,Acceptable,Africa,South Africa
ORD-00374,CUST-0405,2021-11-25,Cancelled,In-Store,14.25,1,Acceptable,Asia Pacific,Japan
ORD-00375,CUST-0175,2023-06-09,Cancelled,In-Store,14.44,3,Acceptable,Africa,Ghana
ORD-00376,CUST-0447,2022-11-01,Pending,Marketplace,40.52,30,Acceptable,Middle East,UAE
ORD-00377,CUST-0101,2024-03-18,Pending,Mobile App,22.30,12,Acceptable,Middle East,Qatar
ORD-00378,CUST-0063,2024-05-28,Cancelled,Marketplace,44.83,17,Acceptable,Middle East,Saudi Arabia
ORD-00379,CUST-0272,2022-05-06,Completed,Marketplace,13.88,35,Acceptable,Africa,South Africa
ORD-00380,CUST-0141,2024-06-23,Completed,Mobile App,30.13,4,Acceptable,North America,United States
ORD-00381,CUST-0359,2021-04-10,Refunded,Phone,44.77,4,Acceptable,Europe,Netherlands
ORD-00382,CUST-0388,2021-12-08,Pending,Website,43.48,22,Acceptable,Asia Pacific,South Korea
ORD-00383,CUST-0168,2024-06-18,Refunded,Partner Portal,13.21,0,Acceptable,North America,Canada
ORD-00384,CUST-0165,2023-02-27,Completed,Marketplace,33.18,33,Acceptable,Europe,Germany
ORD-00385,CUST-0296,2020-04-28,Pending,In-Store,39.62,6,Acceptable,Europe,Germany
ORD-00386,CUST-0382,2021-06-14,Cancelled,Website,11.68,28,Acceptable,Latin America,Brazil
ORD-00387,CUST-0356,2023-11-10,Completed,Partner Portal,38.88,15,Acceptable,Europe,Sweden
ORD-00388,CUST-0315,2024-04-19,Completed,Unknown,19.38,33,Acceptable,Africa,Nigeria
ORD-00389,CUST-0110,2020-06-01,Completed,Partner Portal,8.35,31,Acceptable,Middle East,Saudi Arabia
ORD-00390,CUST-0172,2020-03-07,Completed,Phone,2.24,8,Acceptable,Latin America,Argentina
ORD-00391,CUST-0106,2020-10-25,Completed,Mobile App,9.76,17,Acceptable,Latin America,Chile
ORD-00392,CUST-0365,2023-09-29,Refunded,Website,10.56,17,Acceptable,Europe,United Kingdom
ORD-00393,CUST-0140,2023-01-30,Completed,Phone,43.35,12,Acceptable,Latin America,Brazil
ORD-00394,CUST-0151,2024-08-05,Pending,In-Store,35.74,145,Review Recommended,Europe,Sweden
ORD-00395,CUST-0246,2024-05-25,Cancelled,Partner Portal,7.25,8,Acceptable,Asia Pacific,Singapore
ORD-00396,CUST-0425,2021-02-16,Completed,In-Store,27.53,28,Acceptable,North America,Canada
ORD-00397,CUST-0244,2022-09-14,Pending,In-Store,5.29,18,Acceptable,North America,Mexico
ORD-00398,CUST-0192,2020-11-28,Pending,Phone,16.97,18,Acceptable,Latin America,Argentina
ORD-00399,CUST-0259,2020-04-03,Completed,Marketplace,17.56,0,Acceptable,North America,Mexico
ORD-00400,CUST-0334,2022-10-15,Pending,Mobile App,29.58,6,Acceptable,Asia Pacific,South Korea
ORD-00401,CUST-0477,2024-05-06,Completed,In-Store,29.59,22,Acceptable,Europe,Germany
ORD-00402,CUST-0139,2020-08-21,Cancelled,Website,5.68,1,Acceptable,Europe,Netherlands
ORD-00403,CUST-0194,2024-09-25,Completed,In-Store,19.56,21,Acceptable,Asia Pacific,Australia
ORD-00404,CUST-0075,2021-06-05,Cancelled,Phone,15.62,24,Acceptable,Africa,South Africa
ORD-00405,CUST-0044,2021-10-29,Pending,In-Store,43.45,17,Acceptable,Africa,South Africa
ORD-00406,CUST-0441,2024-03-31,Refunded,Mobile App,34.42,12,Acceptable,Latin America,Argentina
ORD-00407,CUST-0373,2023-07-26,Completed,Phone,27.97,3,Acceptable,Europe,France
ORD-00408,CUST-0319,2021-11-10,Completed,Phone,3.51,24,Acceptable,Middle East,UAE
ORD-00409,CUST-0332,2020-02-18,Completed,Unknown,44.13,18,Acceptable,Africa,Nigeria
ORD-00410,CUST-0068,2024-12-26,Completed,Unknown,34.11,27,Acceptable,Europe,Sweden
ORD-00411,CUST-0381,2021-06-08,Completed,Marketplace,11.44,25,Acceptable,Middle East,UAE
ORD-00412,CUST-0068,2021-11-01,Completed,Partner Portal,27.04,12,Acceptable,Europe,Sweden
ORD-00413,CUST-0474,2020-11-27,Completed,Website,22.84,22,Acceptable,Europe,Germany
ORD-00414,CUST-0220,2023-08-24,Completed,Marketplace,2.45,35,Acceptable,North America,United States
ORD-00415,CUST-0219,2021-04-30,Completed,Phone,6.93,25,Acceptable,Asia Pacific,Australia
ORD-00416,CUST-0190,2020-12-25,Completed,Marketplace,35.75,34,Acceptable,Africa,South Africa
ORD-00417,CUST-0429,2022-02-26,Completed,Website,14.07,144,Review Recommended,Asia Pacific,India
ORD-00418,CUST-0458,2023-06-29,Pending,In-Store,43.90,10,Acceptable,Africa,Kenya
ORD-00419,CUST-0059,2020-09-17,Completed,Marketplace,6.72,33,Acceptable,North America,Mexico
ORD-00420,CUST-0276,2021-07-22,Completed,Phone,43.36,11,Acceptable,Asia Pacific,India
ORD-00421,CUST-0039,2023-04-16,Pending,Website,25.84,4,Acceptable,North America,Mexico
ORD-00422,CUST-0460,2022-06-07,Completed,Phone,2.53,131,Review Recommended,Europe,Netherlands
ORD-00423,CUST-0127,2024-03-02,Completed,Marketplace,25.47,16,Acceptable,North America,United States
ORD-00424,CUST-0177,2023-05-02,Completed,Partner Portal,41.04,22,Acceptable,Asia Pacific,India
ORD-00425,CUST-0437,2021-10-18,Completed,Unknown,18.83,6,Acceptable,North America,Canada
ORD-00426,CUST-0252,2024-02-10,Cancelled,Website,44.25,10,Acceptable,North America,Mexico
ORD-00427,CUST-0412,2021-09-22,Cancelled,In-Store,18.97,33,Acceptable,Africa,South Africa
ORD-00428,CUST-0291,2021-03-30,Completed,In-Store,1.16,12,Acceptable,Middle East,UAE
ORD-00429,CUST-0066,2023-07-20,Pending,Website,42.76,20,Acceptable,Asia Pacific,South Korea
ORD-00430,CUST-0479,2024-03-03,Completed,Unknown,36.29,7,Acceptable,Latin America,Argentina
ORD-00431,CUST-0457,2024-01-15,Completed,Mobile App,38.18,13,Acceptable,North America,Mexico
ORD-00432,CUST-0078,2022-05-31,Cancelled,Mobile App,34.29,6,Acceptable,Europe,United Kingdom
ORD-00433,CUST-0449,2023-05-16,Cancelled,Partner Portal,9.38,29,Acceptable,Europe,United Kingdom
ORD-00434,CUST-0097,2022-06-06,Cancelled,Phone,9.37,30,Acceptable,Europe,Netherlands
ORD-00435,CUST-0444,2021-09-13,Completed,In-Store,19.32,30,Acceptable,Asia Pacific,Singapore
ORD-00436,CUST-0049,2021-04-14,Completed,Marketplace,24.48,27,Acceptable,Europe,United Kingdom
ORD-00437,CUST-0178,2024-12-01,Pending,Mobile App,24.69,10,Acceptable,Latin America,Argentina
ORD-00438,CUST-0420,2021-03-01,Completed,Marketplace,15.75,34,Acceptable,Europe,France
ORD-00439,CUST-0466,2023-12-17,Cancelled,Partner Portal,40.18,33,Acceptable,Europe,Spain
ORD-00440,CUST-0331,2020-08-15,Completed,Website,44.29,6,Acceptable,Africa,Kenya
ORD-00441,CUST-0109,2023-02-08,Completed,Phone,35.53,18,Acceptable,Latin America,Chile
ORD-00442,CUST-0110,2024-06-01,Completed,In-Store,12.10,2,Acceptable,Middle East,Saudi Arabia
ORD-00443,CUST-0158,2021-09-16,Cancelled,Marketplace,25.47,32,Acceptable,Middle East,Saudi Arabia
ORD-00444,CUST-0157,2021-03-25,Completed,Unknown,30.83,26,Acceptable,Latin America,Chile
ORD-00445,CUST-0155,2022-07-28,Refunded,Phone,38.38,9,Acceptable,North America,Mexico
ORD-00446,CUST-0347,2023-11-07,Completed,Mobile App,30.42,31,Acceptable,North America,Mexico
ORD-00447,CUST-0111,2022-08-19,Refunded,Partner Portal,18.01,23,Acceptable,Latin America,Colombia
ORD-00448,CUST-0088,2022-02-13,Completed,Marketplace,19.95,30,Acceptable,North America,Canada
ORD-00449,CUST-0299,2020-05-01,Completed,Website,6.98,30,Acceptable,Latin America,Argentina
ORD-00450,CUST-0192,2022-09-29,Pending,In-Store,1.55,9,Acceptable,Latin America,Argentina
ORD-00451,CUST-0372,2022-05-02,Pending,Marketplace,26.11,13,Acceptable,Latin America,Chile
ORD-00452,CUST-0204,2020-04-21,Completed,Marketplace,29.93,21,Acceptable,Africa,South Africa
ORD-00453,CUST-0106,2021-03-14,Pending,In-Store,24.02,8,Acceptable,Latin America,Chile
ORD-00454,CUST-0063,2023-05-10,Completed,Phone,35.36,35,Acceptable,Middle East,Saudi Arabia
ORD-00455,CUST-0447,2024-05-31,Completed,Partner Portal,27.03,30,Acceptable,Middle East,UAE
ORD-00456,CUST-0006,2020-01-11,Completed,Website,24.24,7,Acceptable,Asia Pacific,South Korea
ORD-00457,CUST-0256,2022-12-17,Cancelled,Website,3.72,4,Acceptable,Europe,Netherlands
ORD-00458,CUST-0398,2022-04-08,Completed,In-Store,44.10,144,Review Recommended,Latin America,Brazil
ORD-00459,CUST-0306,2024-10-05,Pending,In-Store,6.68,14,Acceptable,Europe,Spain
ORD-00460,CUST-0063,2021-04-08,Cancelled,Partner Portal,31.11,11,Acceptable,Middle East,Saudi Arabia
ORD-00461,CUST-0013,2023-12-16,Completed,Website,40.23,14,Acceptable,Latin America,Brazil
ORD-00462,CUST-0075,2021-10-11,Pending,Phone,20.57,24,Acceptable,Africa,South Africa
ORD-00463,CUST-0129,2020-09-10,Cancelled,Marketplace,36.75,13,Acceptable,North America,Mexico
ORD-00464,CUST-0201,2022-01-07,Refunded,Marketplace,30.21,29,Acceptable,Africa,Nigeria
ORD-00465,CUST-0062,2024-06-02,Pending,Website,0.80,21,Acceptable,North America,Mexico
ORD-00466,CUST-0208,2020-06-04,Refunded,Website,35.67,28,Acceptable,Europe,Germany
ORD-00467,CUST-0172,2022-07-16,Completed,Mobile App,3.40,21,Acceptable,Latin America,Argentina
ORD-00468,CUST-0192,2020-04-02,Completed,Partner Portal,29.24,26,Acceptable,Latin America,Argentina
ORD-00469,CUST-0372,2021-12-03,Pending,Unknown,32.93,33,Acceptable,Latin America,Chile
ORD-00470,CUST-0476,2022-11-19,Completed,Partner Portal,42.32,27,Acceptable,Africa,Kenya
ORD-00471,CUST-0144,2020-01-30,Cancelled,Mobile App,16.16,3,Acceptable,Asia Pacific,Japan
ORD-00472,CUST-0043,2020-11-30,Completed,Marketplace,34.67,24,Acceptable,Middle East,UAE
ORD-00473,CUST-0448,2021-04-25,Cancelled,Marketplace,33.73,9,Acceptable,Africa,South Africa
ORD-00474,CUST-0459,2024-10-24,Cancelled,Phone,3.80,12,Acceptable,Europe,Spain
ORD-00475,CUST-0112,2022-09-28,Pending,Marketplace,24.47,13,Acceptable,Africa,Kenya
ORD-00476,CUST-0425,2020-06-11,Completed,Partner Portal,36.63,2,Acceptable,North America,Canada
ORD-00477,CUST-0394,2022-06-26,Refunded,In-Store,13.23,13,Acceptable,Latin America,Argentina
ORD-00478,CUST-0186,2022-08-30,Completed,In-Store,19.55,14,Acceptable,Asia Pacific,Singapore
ORD-00479,CUST-0371,2023-01-28,Completed,In-Store,18.22,3,Acceptable,North America,United States
ORD-00480,CUST-0263,2024-12-09,Refunded,Website,22.11,34,Acceptable,Asia Pacific,Singapore
ORD-00481,CUST-0221,2020-03-06,Completed,Marketplace,16.49,29,Acceptable,Asia Pacific,Japan
ORD-00482,CUST-0298,2023-09-29,Completed,Partner Portal,6.10,31,Acceptable,Africa,South Africa
ORD-00483,CUST-0164,2021-08-03,Cancelled,Marketplace,10.86,26,Acceptable,North America,Mexico
ORD-00484,CUST-0460,2021-11-30,Cancelled,Website,38.67,34,Acceptable,Europe,Netherlands
ORD-00485,CUST-0347,2021-06-06,Refunded,Phone,29.86,28,Acceptable,North America,Mexico
ORD-00486,CUST-0236,2024-07-01,Pending,Mobile App,3.69,9,Acceptable,Middle East,Qatar
ORD-00487,CUST-0454,2020-09-16,Pending,Mobile App,20.36,126,Review Recommended,Europe,Germany
ORD-00488,CUST-0262,2022-07-21,Cancelled,Website,2.20,19,Acceptable,North America,Canada
ORD-00489,CUST-0117,2021-01-11,Refunded,Website,22.40,4,Acceptable,Europe,Germany
ORD-00490,CUST-0138,2021-09-09,Completed,Unknown,14.87,3,Acceptable,Middle East,UAE
ORD-00491,CUST-0123,2024-10-28,Completed,Marketplace,3.73,6,Acceptable,Asia Pacific,Singapore
ORD-00492,CUST-0450,2022-02-08,Completed,Mobile App,34.42,28,Acceptable,Europe,France
ORD-00493,CUST-0194,2023-01-12,Completed,Phone,13.43,13,Acceptable,Asia Pacific,Australia
ORD-00494,CUST-0145,2021-06-22,Refunded,Marketplace,10.24,23,Acceptable,Europe,Germany
ORD-00495,CUST-0250,2021-08-18,Completed,Website,13.61,15,Acceptable,Europe,Sweden
ORD-00496,CUST-0420,2023-03-02,Pending,Mobile App,26.52,27,Acceptable,Europe,France
ORD-00497,CUST-0291,2024-08-27,Completed,Marketplace,29.09,10,Acceptable,Middle East,UAE
ORD-00498,CUST-0050,2023-02-08,Cancelled,Partner Portal,34.80,8,Acceptable,Latin America,Chile
ORD-00499,CUST-0328,2022-12-16,Refunded,In-Store,11.87,28,Acceptable,Middle East,UAE
ORD-00500,CUST-0187,2023-01-19,Refunded,Mobile App,38.08,20,Acceptable,North America,Canada
ORD-00501,CUST-0208,2020-03-18,Refunded,Phone,24.37,15,Acceptable,Europe,Germany
ORD-00502,CUST-0269,2021-01-24,Cancelled,In-Store,28.05,23,Acceptable,Africa,Ghana
ORD-00503,CUST-0256,2021-06-08,Completed,Partner Portal,16.42,30,Acceptable,Europe,Netherlands
ORD-00504,CUST-0060,2023-09-24,Cancelled,Phone,34.00,12,Acceptable,Latin America,Chile
ORD-00505,CUST-0159,2022-07-06,Pending,Website,7.36,29,Acceptable,North America,Mexico
ORD-00506,CUST-0164,2020-10-24,Pending,Phone,7.50,25,Acceptable,North America,Mexico
ORD-00507,CUST-0077,2023-02-02,Completed,Partner Portal,6.12,1,Acceptable,Asia Pacific,Australia
ORD-00508,CUST-0174,2020-10-17,Cancelled,Phone,15.07,13,Acceptable,Europe,Spain
ORD-00509,CUST-0417,2022-04-30,Refunded,Website,13.43,34,Acceptable,Middle East,UAE
ORD-00510,CUST-0447,2022-01-21,Completed,In-Store,0.01,8,Acceptable,Middle East,UAE
ORD-00511,CUST-0295,2024-03-29,Pending,Website,9.72,2,Acceptable,Europe,France
ORD-00512,CUST-0395,2023-08-18,Completed,Partner Portal,25.74,13,Acceptable,Middle East,Qatar
ORD-00513,CUST-0107,2023-05-31,Completed,Mobile App,30.82,1,Acceptable,Middle East,Saudi Arabia
ORD-00514,CUST-0189,2024-07-08,Refunded,Unknown,42.42,15,Acceptable,Africa,Nigeria
ORD-00515,CUST-0345,2021-01-04,Refunded,Marketplace,28.69,22,Acceptable,Latin America,Chile
ORD-00516,CUST-0264,2020-09-24,Completed,Marketplace,22.16,4,Acceptable,Europe,United Kingdom
ORD-00517,CUST-0474,2021-08-19,Pending,Marketplace,30.04,23,Acceptable,Europe,Germany
ORD-00518,CUST-0005,2024-03-05,Completed,Marketplace,22.86,10,Acceptable,Africa,South Africa
ORD-00519,CUST-0398,2020-08-12,Completed,Phone,42.36,14,Acceptable,Latin America,Brazil
ORD-00520,CUST-0039,2023-06-13,Completed,In-Store,0.67,15,Acceptable,North America,Mexico
ORD-00521,CUST-0326,2020-12-22,Completed,Partner Portal,18.50,24,Acceptable,Europe,Netherlands
ORD-00522,CUST-0117,2024-11-25,Completed,Partner Portal,38.90,26,Acceptable,Europe,Germany
ORD-00523,CUST-0016,2020-09-01,Refunded,Phone,15.17,0,Acceptable,NA Region,Mexico
ORD-00524,CUST-0274,2024-02-04,Pending,Marketplace,11.26,27,Acceptable,NA Region,Canada
ORD-00525,CUST-0417,2022-03-28,Completed,Partner Portal,2.51,22,Acceptable,Middle East,UAE
ORD-00526,CUST-0171,2024-04-29,Refunded,Website,19.83,21,Acceptable,Europe,Netherlands
ORD-00527,CUST-0030,2024-06-28,Cancelled,Mobile App,32.72,1,Acceptable,Asia Pacific,India
ORD-00528,CUST-0026,2024-05-12,Completed,Mobile App,5.57,16,Acceptable,Africa,South Africa
ORD-00529,CUST-0324,2020-05-02,Completed,Partner Portal,24.46,5,Acceptable,Europe,United Kingdom
ORD-00530,CUST-0095,2021-10-29,Cancelled,In-Store,34.48,0,Acceptable,Africa,Ghana
ORD-00531,CUST-0237,2021-06-17,Completed,Marketplace,4.83,11,Acceptable,Latin America,Brazil
ORD-00532,CUST-0149,2022-07-21,Completed,Website,32.17,24,Acceptable,Europe,Germany
ORD-00533,CUST-0449,2020-06-17,Completed,Mobile App,23.84,35,Acceptable,Europe,United Kingdom
ORD-00534,CUST-0057,2020-03-22,Cancelled,Mobile App,36.86,7,Acceptable,Africa,Ghana
ORD-00535,CUST-0279,2024-11-11,Completed,Phone,23.31,35,Acceptable,Latin America,Chile
ORD-00536,CUST-0444,2023-01-22,Cancelled,Mobile App,44.41,25,Acceptable,Asia Pacific,Singapore
ORD-00537,CUST-0405,2021-12-20,Pending,In-Store,9.18,11,Acceptable,Asia Pacific,Japan
ORD-00538,CUST-0038,2024-08-27,Completed,Partner Portal,29.22,11,Acceptable,Africa,South Africa
ORD-00539,CUST-0125,2020-07-13,Completed,Marketplace,11.76,29,Acceptable,Africa,Ghana
ORD-00540,CUST-0078,2021-09-13,Pending,Marketplace,14.65,20,Acceptable,Europe,United Kingdom
ORD-00541,CUST-0461,2020-09-11,Refunded,Mobile App,37.09,26,Acceptable,Middle East,Qatar
ORD-00542,CUST-0442,2021-08-31,Completed,In-Store,21.62,14,Acceptable,North America,United States
ORD-00543,CUST-0231,2020-11-12,Pending,Mobile App,13.57,5,Acceptable,Asia Pacific,India
ORD-00544,CUST-0027,2021-10-17,Completed,Marketplace,28.29,25,Acceptable,Africa,South Africa
ORD-00545,CUST-0395,2021-12-04,Completed,Mobile App,42.11,7,Acceptable,Middle East,Qatar
ORD-00546,CUST-0025,2022-09-10,Cancelled,Website,4.29,29,Acceptable,Europe,Sweden
ORD-00547,CUST-0310,2020-09-12,Pending,Marketplace,8.85,20,Acceptable,Latin America,Chile
ORD-00548,CUST-0389,2021-03-12,Completed,Website,27.21,34,Acceptable,Latin America,Colombia
ORD-00549,CUST-0478,2024-01-05,Pending,Mobile App,2.57,1,Acceptable,North America,Mexico
ORD-00550,CUST-0156,2020-11-13,Completed,Website,3.33,114,Review Recommended,Africa,Nigeria
ORD-00551,CUST-0081,2020-07-01,Completed,Phone,29.20,8,Acceptable,North America,Mexico
ORD-00552,CUST-0136,2024-08-09,Refunded,Mobile App,24.75,21,Acceptable,Europe,Sweden
ORD-00553,CUST-0140,2022-12-13,Pending,In-Store,33.80,5,Acceptable,Latin America,Brazil
ORD-00554,CUST-0256,2023-07-15,Completed,In-Store,31.33,12,Acceptable,Europe,Netherlands
ORD-00555,CUST-0166,2020-01-22,Completed,Partner Portal,37.03,11,Acceptable,Latin America,Argentina
ORD-00556,CUST-0093,2024-10-22,Cancelled,Marketplace,7.13,13,Acceptable,North America,Canada
ORD-00557,CUST-0319,2021-12-30,Cancelled,Marketplace,24.19,3,Acceptable,Middle East,UAE
ORD-00558,CUST-0474,2020-01-16,Completed,Partner Portal,11.81,6,Acceptable,Europe,Germany
ORD-00559,CUST-0199,2024-03-04,Pending,Phone,3.92,34,Acceptable,Europe,United Kingdom
ORD-00560,CUST-0052,2023-12-25,Refunded,Marketplace,24.08,14,Acceptable,North America,Canada
ORD-00561,CUST-0340,2020-07-22,Completed,Website,11.29,32,Acceptable,Africa,Ghana
ORD-00562,CUST-0002,2023-02-24,Cancelled,Phone,42.18,7,Acceptable,Middle East,Qatar
ORD-00563,CUST-0119,2020-05-24,Refunded,Marketplace,18.11,23,Acceptable,North America,Canada
ORD-00564,CUST-0200,2023-09-26,Completed,Marketplace,37.55,11,Acceptable,North America,United States
ORD-00565,CUST-0076,2024-09-19,Completed,Phone,17.92,2,Acceptable,Africa,Ghana
ORD-00566,CUST-0055,2024-01-09,Refunded,Website,22.27,26,Acceptable,North America,Canada
ORD-00567,CUST-0308,2021-01-22,Completed,Marketplace,21.53,3,Acceptable,Europe,Sweden
ORD-00568,CUST-0299,2022-12-04,Pending,Website,32.45,21,Acceptable,Latin America,Argentina
ORD-00569,CUST-0418,2024-02-12,Completed,Mobile App,32.39,14,Acceptable,Asia Pacific,Singapore
ORD-00570,CUST-0225,2021-11-12,Refunded,Phone,33.77,21,Acceptable,North America,Canada
ORD-00571,CUST-0085,2023-10-11,Refunded,Website,38.24,31,Acceptable,Middle East,UAE
ORD-00572,CUST-0055,2021-09-30,Completed,Unknown,27.35,10,Acceptable,North America,Canada
ORD-00573,CUST-0194,2021-11-13,Completed,In-Store,24.55,28,Acceptable,Asia Pacific,Australia
ORD-00574,CUST-0418,2020-11-08,Pending,Partner Portal,43.82,11,Acceptable,Asia Pacific,Singapore
ORD-00575,CUST-0082,2024-12-26,Refunded,In-Store,43.08,15,Acceptable,Africa,South Africa
ORD-00576,CUST-0366,2020-06-10,Completed,Phone,7.48,12,Acceptable,Europe,Spain
ORD-00577,CUST-0250,2022-05-04,Completed,Website,13.09,10,Acceptable,Europe,Sweden
ORD-00578,CUST-0428,2022-04-23,Cancelled,Mobile App,7.60,4,Acceptable,Africa,Kenya
ORD-00579,CUST-0011,2020-10-10,Completed,Phone,25.87,26,Acceptable,North America,Canada
ORD-00580,CUST-0123,2022-02-10,Refunded,Mobile App,30.20,1,Acceptable,Asia Pacific,Singapore
ORD-00581,CUST-0331,2023-06-25,Completed,Website,22.58,3,Acceptable,Africa,Kenya
ORD-00582,CUST-0341,2021-10-09,Completed,Partner Portal,17.76,11,Acceptable,Middle East,UAE
ORD-00583,CUST-0136,2020-05-06,Completed,Phone,3.10,20,Acceptable,Europe,Sweden
ORD-00584,CUST-0354,2023-05-27,Completed,Website,16.72,35,Acceptable,Europe,France
ORD-00585,CUST-0362,2022-03-04,Pending,Marketplace,31.03,27,Acceptable,Asia Pacific,India
ORD-00586,CUST-0051,2022-08-04,Completed,Marketplace,6.39,27,Acceptable,Middle East,Qatar
ORD-00587,CUST-0198,2024-09-29,Pending,Marketplace,29.79,4,Acceptable,North America,United States
ORD-00588,CUST-0253,2024-04-24,Completed,Marketplace,0.52,15,Acceptable,Africa,Nigeria
ORD-00589,CUST-0149,2020-10-02,Completed,Phone,39.51,13,Acceptable,Europe,Germany
ORD-00590,CUST-0267,2022-01-19,Pending,Mobile App,3.46,35,Acceptable,Europe,Netherlands
ORD-00591,CUST-0223,2023-10-05,Cancelled,Partner Portal,29.45,9,Acceptable,Asia Pacific,South Korea
ORD-00592,CUST-0033,2021-02-19,Cancelled,Website,22.87,16,Acceptable,Middle East,Qatar
ORD-00593,CUST-0066,2024-06-13,Completed,In-Store,38.13,9,Acceptable,Asia Pacific,South Korea
ORD-00594,CUST-0377,2020-05-29,Cancelled,Website,41.05,12,Acceptable,Middle East,Qatar
ORD-00595,CUST-0227,2022-01-04,Completed,Mobile App,3.66,10,Acceptable,North America,Mexico
ORD-00596,CUST-0233,2022-01-31,Completed,Partner Portal,15.14,28,Acceptable,Europe,Germany
ORD-00597,CUST-0094,2024-03-01,Refunded,Phone,41.89,19,Acceptable,Europe,Germany
ORD-00598,CUST-0182,2023-04-16,Refunded,Marketplace,34.24,24,Acceptable,Latin America,Colombia
ORD-00599,CUST-0107,2023-08-29,Refunded,Phone,33.78,10,Acceptable,Middle East,Saudi Arabia
ORD-00600,CUST-0364,2022-10-25,Cancelled,Partner Portal,42.58,9,Acceptable,Africa,Nigeria
ORD-00601,CUST-0142,2024-07-24,Completed,Phone,30.10,13,Acceptable,Asia Pacific,Singapore
ORD-00602,CUST-0409,2021-09-21,Pending,Unknown,2.36,20,Acceptable,North America,United States
ORD-00603,CUST-0024,2022-09-25,Pending,Phone,26.96,30,Acceptable,Africa,Nigeria
ORD-00604,CUST-0313,2020-07-14,Refunded,Mobile App,20.04,0,Acceptable,Africa,Kenya
ORD-00605,CUST-0385,2024-07-23,Cancelled,Mobile App,5.59,23,Acceptable,Middle East,Saudi Arabia
ORD-00606,CUST-0174,2023-11-14,Refunded,Mobile App,35.09,25,Acceptable,Europe,Spain
ORD-00607,CUST-0358,2021-05-19,Pending,Marketplace,8.67,19,Acceptable,Asia Pacific,India
ORD-00608,CUST-0326,2020-03-18,Completed,Phone,41.03,9,Acceptable,Europe,Netherlands
ORD-00609,CUST-0222,2024-05-04,Cancelled,Website,23.29,2,Acceptable,Asia Pacific,India
ORD-00610,CUST-0241,2020-10-10,Refunded,Website,36.93,11,Acceptable,Europe,Germany
ORD-00611,CUST-0436,2024-01-21,Refunded,Marketplace,7.21,1,Acceptable,Middle East,Qatar
ORD-00612,CUST-0328,2024-11-18,Pending,Website,2.23,23,Acceptable,Middle East,UAE
ORD-00613,CUST-0179,2022-06-18,Refunded,Marketplace,4.98,27,Acceptable,Middle East,Qatar
ORD-00614,CUST-0100,2020-06-14,Cancelled,In-Store,14.73,32,Acceptable,Europe,United Kingdom
ORD-00615,CUST-0449,2024-07-20,Refunded,Phone,33.45,3,Acceptable,Europe,United Kingdom
ORD-00616,CUST-0010,2023-03-07,Pending,Phone,19.33,20,Acceptable,Latin America,Chile
ORD-00617,CUST-0152,2022-11-18,Completed,Partner Portal,15.93,22,Acceptable,Middle East,Saudi Arabia
ORD-00618,CUST-0025,2023-10-29,Refunded,In-Store,34.91,25,Acceptable,Europe,Sweden
ORD-00619,CUST-0349,2023-07-14,Completed,Marketplace,36.46,11,Acceptable,Asia Pacific,South Korea
ORD-00620,CUST-0219,2024-04-25,Pending,Mobile App,44.28,19,Acceptable,Asia Pacific,Australia
ORD-00621,CUST-0204,2022-03-15,Completed,Partner Portal,2.30,27,Acceptable,Africa,South Africa
ORD-00622,CUST-0225,2022-04-21,Pending,In-Store,23.81,27,Acceptable,North America,Canada
ORD-00623,CUST-0326,2022-08-20,Completed,Partner Portal,16.66,11,Acceptable,Europe,Netherlands
ORD-00624,CUST-0325,2023-11-24,Pending,Partner Portal,38.51,22,Acceptable,Latin America,Chile
ORD-00625,CUST-0009,2024-02-11,Completed,Phone,29.60,7,Acceptable,Europe,United Kingdom
ORD-00626,CUST-0300,2024-04-25,Completed,In-Store,14.97,8,Acceptable,Africa,Nigeria
ORD-00627,CUST-0465,2021-04-22,Completed,Partner Portal,37.73,7,Acceptable,Asia Pacific,India
ORD-00628,CUST-0253,2020-08-26,Completed,Marketplace,21.43,26,Acceptable,Africa,Nigeria
ORD-00629,CUST-0073,2024-12-25,Completed,Mobile App,27.02,29,Acceptable,Latin America,Argentina
ORD-00630,CUST-0014,2023-06-19,Refunded,In-Store,2.78,33,Acceptable,Africa,South Africa
ORD-00631,CUST-0040,2023-03-10,Refunded,Website,10.29,18,Acceptable,Asia Pacific,Singapore
ORD-00632,CUST-0255,2024-01-25,Completed,Partner Portal,3.42,14,Acceptable,Africa,Nigeria
ORD-00633,CUST-0371,2020-07-04,Completed,Phone,26.81,2,Acceptable,North America,United States
ORD-00634,CUST-0069,2024-09-12,Completed,In-Store,22.81,27,Acceptable,Latin America,Argentina
ORD-00635,CUST-0295,2023-10-06,Completed,Website,2.45,9,Acceptable,Europe,France
ORD-00636,CUST-0220,2022-01-09,Refunded,Mobile App,30.86,14,Acceptable,North America,United States
ORD-00637,CUST-0259,2021-08-10,Pending,Mobile App,23.50,2,Acceptable,North America,Mexico
ORD-00638,CUST-0393,2020-04-13,Completed,Partner Portal,7.01,20,Acceptable,Middle East,UAE
ORD-00639,CUST-0407,2020-09-25,Completed,Phone,11.30,16,Acceptable,Middle East,Qatar
ORD-00640,CUST-0100,2022-07-27,Refunded,Partner Portal,26.33,27,Acceptable,Europe,United Kingdom
ORD-00641,CUST-0372,2022-04-04,Pending,Unknown,20.04,20,Acceptable,Latin America,Chile
ORD-00642,CUST-0241,2024-04-23,Cancelled,Marketplace,36.64,30,Acceptable,Europe,Germany
ORD-00643,CUST-0258,2022-02-19,Pending,In-Store,23.13,15,Acceptable,Asia Pacific,Singapore
ORD-00644,CUST-0110,2022-08-13,Cancelled,Phone,5.24,13,Acceptable,Middle East,Saudi Arabia
ORD-00645,CUST-0440,2022-07-25,Completed,Unknown,1.04,1,Acceptable,Asia Pacific,India
ORD-00646,CUST-0365,2020-05-25,Refunded,Phone,14.62,16,Acceptable,Europe,United Kingdom
ORD-00647,CUST-0331,2020-04-09,Completed,Phone,12.82,4,Acceptable,Africa,Kenya
ORD-00648,CUST-0125,2022-07-08,Cancelled,Mobile App,42.44,14,Acceptable,Africa,Ghana
ORD-00649,CUST-0253,2022-09-18,Completed,Partner Portal,26.62,20,Acceptable,Africa,Nigeria
ORD-00650,CUST-0274,2024-03-07,Completed,Mobile App,34.20,5,Acceptable,North America,Canada
ORD-00651,CUST-0396,2022-09-29,Cancelled,Marketplace,2.04,16,Acceptable,Asia Pacific,India
ORD-00652,CUST-0469,2023-08-11,Completed,Marketplace,10.99,30,Acceptable,Africa,Nigeria
ORD-00653,CUST-0037,2020-07-03,Completed,Phone,5.84,14,Acceptable,North America,Mexico
ORD-00654,CUST-0442,2022-11-13,Completed,Unknown,44.94,33,Acceptable,North America,United States
ORD-00655,CUST-0201,2020-01-13,Completed,Phone,3.63,33,Acceptable,Africa,Nigeria
ORD-00656,CUST-0185,2023-08-30,Refunded,Phone,21.53,14,Acceptable,Europe,Netherlands
ORD-00657,CUST-0197,2021-03-18,Completed,Unknown,2.86,12,Acceptable,Latin America,Colombia
ORD-00658,CUST-0280,2024-10-09,Completed,Unknown,41.07,0,Acceptable,Latin America,Colombia
ORD-00659,CUST-0181,2021-02-10,Completed,Phone,7.51,26,Acceptable,North America,Mexico
ORD-00660,CUST-0327,2020-09-29,Pending,Marketplace,37.08,5,Acceptable,Middle East,Saudi Arabia
ORD-00661,CUST-0003,2021-08-02,Refunded,Website,4.71,34,Acceptable,Latin America,Colombia
ORD-00662,CUST-0438,2024-03-03,Completed,Mobile App,39.60,35,Acceptable,Europe,Sweden
ORD-00663,CUST-0272,2020-12-30,Completed,Partner Portal,29.89,20,Acceptable,Africa,South Africa
ORD-00664,CUST-0088,2023-12-28,Completed,Marketplace,19.40,13,Acceptable,North America,Canada
ORD-00665,CUST-0048,2023-07-19,Cancelled,Partner Portal,24.15,21,Acceptable,North America,Canada
ORD-00666,CUST-0016,2024-03-15,Completed,In-Store,25.73,30,Acceptable,North America,Mexico
ORD-00667,CUST-0227,2021-08-18,Completed,Mobile App,27.22,25,Acceptable,North America,Mexico
ORD-00668,CUST-0233,2023-03-10,Completed,Website,38.23,20,Acceptable,Europe,Germany
ORD-00669,CUST-0480,2023-03-17,Pending,Mobile App,28.14,29,Acceptable,North America,Canada
ORD-00670,CUST-0051,2024-11-12,Cancelled,Website,44.62,1,Acceptable,Middle East,Qatar
ORD-00671,CUST-0254,2024-08-05,Cancelled,Phone,2.68,21,Acceptable,Asia Pacific,Singapore
ORD-00672,CUST-0300,2021-05-13,Completed,Website,38.08,6,Acceptable,Africa,Nigeria
ORD-00673,CUST-0184,2024-03-02,Pending,Phone,9.07,29,Acceptable,Africa,South Africa
ORD-00674,CUST-0242,2020-06-05,Completed,Mobile App,36.92,26,Acceptable,Asia Pacific,India
ORD-00675,CUST-0125,2024-01-10,Cancelled,Partner Portal,7.95,5,Acceptable,Africa,Ghana
ORD-00676,CUST-0405,2022-11-04,Completed,Phone,5.66,4,Acceptable,Asia Pacific,Japan
ORD-00677,CUST-0352,2022-12-22,Completed,Mobile App,16.67,0,Acceptable,Europe,France
ORD-00678,CUST-0215,2023-04-29,Refunded,Mobile App,2.70,24,Acceptable,Europe,United Kingdom
ORD-00679,CUST-0170,2020-04-04,Refunded,Unknown,43.83,18,Acceptable,North America,Mexico
ORD-00680,CUST-0181,2024-06-12,Pending,Marketplace,14.76,12,Acceptable,North America,Mexico
ORD-00681,CUST-0178,2020-11-29,Pending,Website,30.13,13,Acceptable,Latin America,Argentina
ORD-00682,CUST-0039,2020-05-03,Completed,Website,12.48,14,Acceptable,North America,Mexico
ORD-00683,CUST-0191,2024-08-15,Completed,Website,15.79,25,Acceptable,North America,Canada
ORD-00684,CUST-0262,2024-09-28,Cancelled,In-Store,9.35,22,Acceptable,North America,Canada
ORD-00685,CUST-0229,2023-11-18,Refunded,Website,33.38,2,Acceptable,Middle East,Qatar
ORD-00686,CUST-0128,2023-06-11,Completed,Mobile App,4.00,125,Review Recommended,North America,United States
ORD-00687,CUST-0125,2023-07-20,Pending,In-Store,6.64,13,Acceptable,Africa,Ghana
ORD-00688,CUST-0084,2021-02-14,Completed,Phone,5.45,33,Acceptable,North America,United States
ORD-00689,CUST-0318,2023-11-11,Refunded,Phone,36.81,8,Acceptable,Asia Pacific,South Korea
ORD-00690,CUST-0322,2024-04-27,Pending,Website,36.39,148,Review Recommended,Africa,Ghana
ORD-00691,CUST-0133,2024-03-28,Completed,Mobile App,10.11,10,Acceptable,Africa,Ghana
ORD-00692,CUST-0038,2022-08-26,Pending,Mobile App,3.73,17,Acceptable,Africa,South Africa
ORD-00693,CUST-0221,2023-01-27,Completed,Phone,43.35,27,Acceptable,Asia Pacific,Japan
ORD-00694,CUST-0373,2022-06-14,Refunded,Partner Portal,27.87,25,Acceptable,Europe,France
ORD-00695,CUST-0403,2022-09-04,Refunded,Unknown,10.79,25,Acceptable,Africa,Kenya
ORD-00696,CUST-0315,2021-03-09,Completed,Marketplace,31.41,30,Acceptable,Africa,Nigeria
ORD-00697,CUST-0335,2024-03-06,Pending,Marketplace,25.81,35,Acceptable,Europe,Germany
ORD-00698,CUST-0185,2022-09-02,Refunded,Phone,15.35,24,Acceptable,Europe,Netherlands
ORD-00699,CUST-0258,2021-11-02,Refunded,Mobile App,5.73,7,Acceptable,Asia Pacific,Singapore
ORD-00700,CUST-0350,2020-12-06,Cancelled,Mobile App,7.25,26,Acceptable,Africa,Ghana
ORD-00701,CUST-0087,2021-11-06,Cancelled,In-Store,35.97,20,Acceptable,Asia Pacific,Australia
ORD-00702,CUST-0049,2023-07-13,Completed,Partner Portal,33.40,2,Acceptable,Europe,United Kingdom
ORD-00703,CUST-0183,2022-02-06,Completed,Phone,15.92,111,Review Recommended,Latin America,Chile
ORD-00704,CUST-0316,2023-06-08,Completed,In-Store,9.63,26,Acceptable,Africa,Kenya
ORD-00705,CUST-0306,2022-03-15,Refunded,Website,20.23,120,Review Recommended,Europe,Spain
ORD-00706,CUST-0333,2024-09-20,Completed,Website,0.31,27,Acceptable,Asia Pacific,Singapore
ORD-00707,CUST-0122,2020-10-04,Completed,Phone,44.92,0,Acceptable,Africa,Nigeria
ORD-00708,CUST-0368,2021-01-22,Cancelled,Mobile App,27.94,12,Acceptable,Africa,Nigeria
ORD-00709,CUST-0288,2023-09-23,Completed,Phone,20.68,25,Acceptable,Africa,Kenya
ORD-00710,CUST-0251,2024-02-17,Completed,Unknown,17.70,6,Acceptable,North America,Canada
ORD-00711,CUST-0429,2020-07-13,Completed,Partner Portal,34.07,20,Acceptable,Asia Pacific,India
ORD-00712,CUST-0001,2021-08-28,Completed,Website,33.83,12,Acceptable,Latin America,Argentina
ORD-00713,CUST-0441,2021-07-11,Pending,Marketplace,33.68,32,Acceptable,Latin America,Argentina
ORD-00714,CUST-0269,2021-07-09,Cancelled,Phone,31.14,21,Acceptable,Africa,Ghana
ORD-00715,CUST-0173,2020-04-03,Completed,Phone,26.22,8,Acceptable,Europe,United Kingdom
ORD-00716,CUST-0161,2023-01-02,Completed,Website,14.37,20,Acceptable,NA Region,Mexico
ORD-00717,CUST-0402,2021-02-09,Cancelled,Partner Portal,20.12,29,Acceptable,Africa,Nigeria
ORD-00718,CUST-0199,2023-10-01,Refunded,Marketplace,33.58,19,Acceptable,Europe,United Kingdom
ORD-00719,CUST-0059,2023-08-18,Completed,Phone,32.97,13,Acceptable,North America,Mexico
ORD-00720,CUST-0447,2022-09-05,Cancelled,In-Store,42.21,18,Acceptable,Middle East,UAE
ORD-00721,CUST-0075,2024-03-10,Refunded,In-Store,20.74,9,Acceptable,Africa,South Africa
ORD-00722,CUST-0124,2024-09-08,Completed,In-Store,12.40,21,Acceptable,Latin America,Argentina
ORD-00723,CUST-0160,2024-08-09,Completed,Phone,24.51,23,Acceptable,Latin America,Colombia
ORD-00724,CUST-0471,2023-03-09,Refunded,Marketplace,25.45,13,Acceptable,Latin America,Brazil
ORD-00725,CUST-0348,2023-05-06,Completed,Partner Portal,3.79,22,Acceptable,Middle East,UAE
ORD-00726,CUST-0026,2023-04-15,Completed,Partner Portal,24.37,11,Acceptable,Africa,South Africa
ORD-00727,CUST-0115,2022-12-11,Completed,Marketplace,42.10,5,Acceptable,Middle East,UAE
ORD-00728,CUST-0164,2022-07-05,Completed,Partner Portal,16.97,33,Acceptable,North America,Mexico
ORD-00729,CUST-0204,2023-08-28,Pending,Website,12.04,21,Acceptable,Africa,South Africa
ORD-00730,CUST-0193,2020-03-10,Completed,Marketplace,9.98,22,Acceptable,North America,Canada
ORD-00731,CUST-0394,2023-04-17,Refunded,Website,12.32,15,Acceptable,Latin America,Argentina
ORD-00732,CUST-0001,2024-07-27,Completed,Mobile App,1.21,13,Acceptable,Latin America,Argentina
ORD-00733,CUST-0309,2024-06-29,Cancelled,Phone,38.11,120,Review Recommended,Africa,South Africa
ORD-00734,CUST-0234,2022-07-16,Completed,Mobile App,36.04,8,Acceptable,Europe,Germany
ORD-00735,CUST-0268,2021-07-07,Completed,In-Store,27.42,3,Acceptable,Europe,France
ORD-00736,CUST-0353,2024-10-28,Completed,Phone,43.57,12,Acceptable,Europe,France
ORD-00737,CUST-0419,2023-01-23,Pending,Phone,16.61,20,Acceptable,Africa,Ghana
ORD-00738,CUST-0382,2020-11-24,Pending,Phone,5.94,8,Acceptable,Latin America,Brazil
ORD-00739,CUST-0391,2021-11-13,Completed,In-Store,34.50,14,Acceptable,Asia Pacific,South Korea
ORD-00740,CUST-0323,2022-10-25,Completed,Partner Portal,30.59,20,Acceptable,Europe,Spain
ORD-00741,CUST-0001,2024-05-05,Completed,Phone,41.45,11,Acceptable,Latin America,Argentina
ORD-00742,CUST-0051,2022-05-21,Refunded,Partner Portal,21.04,26,Acceptable,Middle East,Qatar
ORD-00743,CUST-0192,2023-02-06,Pending,Website,32.57,16,Acceptable,Latin America,Argentina
ORD-00744,CUST-0468,2023-09-19,Completed,Mobile App,28.88,7,Acceptable,North America,Canada
ORD-00745,CUST-0346,2021-09-09,Completed,Phone,21.85,33,Acceptable,North America,Canada
ORD-00746,CUST-0429,2023-08-18,Pending,Partner Portal,25.99,14,Acceptable,Asia Pacific,India
ORD-00747,CUST-0090,2022-01-13,Completed,Unknown,30.55,9,Acceptable,Asia Pacific,India
ORD-00748,CUST-0146,2024-10-28,Completed,Partner Portal,3.46,17,Acceptable,Africa,Kenya
ORD-00749,CUST-0032,2022-05-17,Pending,Marketplace,31.42,5,Acceptable,Europe,Netherlands
ORD-00750,CUST-0449,2024-08-12,Refunded,Phone,23.39,7,Acceptable,Europe,United Kingdom
ORD-00751,CUST-0399,2024-09-26,Completed,Website,3.43,15,Acceptable,Latin America,Chile
ORD-00752,CUST-0046,2024-01-08,Pending,In-Store,7.64,14,Acceptable,Asia Pacific,Japan
ORD-00753,CUST-0167,2024-03-02,Cancelled,Website,2.40,15,Acceptable,North America,United States
ORD-00754,CUST-0281,2021-02-02,Refunded,Marketplace,0.34,13,Acceptable,Latin America,Colombia
ORD-00755,CUST-0194,2020-09-09,Completed,Phone,29.92,4,Acceptable,Asia Pacific,Australia
ORD-00756,CUST-0232,2020-11-04,Refunded,In-Store,2.15,35,Acceptable,Middle East,Saudi Arabia
ORD-00757,CUST-0274,2023-01-08,Completed,Mobile App,28.91,32,Acceptable,North America,Canada
ORD-00758,CUST-0052,2023-05-07,Completed,Marketplace,23.56,35,Acceptable,North America,Canada
ORD-00759,CUST-0310,2020-03-02,Pending,Mobile App,3.14,6,Acceptable,Latin America,Chile
ORD-00760,CUST-0385,2020-12-12,Pending,Mobile App,19.28,33,Acceptable,Middle East,Saudi Arabia
ORD-00761,CUST-0139,2024-12-21,Refunded,In-Store,13.26,27,Acceptable,Europe,Netherlands
ORD-00762,CUST-0395,2023-06-25,Cancelled,Phone,30.80,1,Acceptable,Middle East,Qatar
ORD-00763,CUST-0416,2023-09-19,Completed,Phone,34.13,13,Acceptable,Middle East,Saudi Arabia
ORD-00764,CUST-0034,2020-10-10,Completed,Mobile App,19.92,12,Acceptable,Middle East,UAE
ORD-00765,CUST-0024,2022-06-01,Cancelled,Mobile App,40.84,8,Acceptable,Africa,Nigeria
ORD-00766,CUST-0047,2021-07-05,Refunded,Phone,12.35,12,Acceptable,Asia Pacific,India
ORD-00767,CUST-0454,2021-09-09,Pending,Marketplace,8.21,7,Acceptable,Europe,Germany
ORD-00768,CUST-0479,2023-12-22,Completed,Partner Portal,6.92,14,Acceptable,Latin America,Argentina
ORD-00769,CUST-0235,2021-10-17,Completed,In-Store,34.92,34,Acceptable,Middle East,UAE
ORD-00770,CUST-0457,2023-11-09,Pending,Partner Portal,35.57,24,Acceptable,North America,Mexico
ORD-00771,CUST-0109,2023-08-14,Completed,Partner Portal,30.02,3,Acceptable,Latin America,Chile
ORD-00772,CUST-0377,2023-03-27,Completed,Marketplace,13.12,18,Acceptable,Middle East,Qatar
ORD-00773,CUST-0041,2021-03-28,Pending,Marketplace,36.70,24,Acceptable,Europe,Netherlands
ORD-00774,CUST-0373,2021-07-26,Refunded,Mobile App,20.43,17,Acceptable,Europe,France
ORD-00775,CUST-0327,2023-01-20,Cancelled,Mobile App,7.15,25,Acceptable,Middle East,Saudi Arabia
ORD-00776,CUST-0230,2020-05-19,Completed,Mobile App,14.30,3,Acceptable,Latin America,Colombia
ORD-00777,CUST-0351,2024-01-03,Completed,Mobile App,3.90,30,Acceptable,Europe,Spain
ORD-00778,CUST-0256,2024-05-21,Completed,Mobile App,20.37,8,Acceptable,Europe,Netherlands
ORD-00779,CUST-0013,2023-11-01,Pending,Phone,7.64,24,Acceptable,Latin America,Brazil
ORD-00780,CUST-0323,2021-06-20,Completed,Mobile App,1.35,29,Acceptable,Europe,Spain
ORD-00781,CUST-0044,2023-03-30,Pending,Unknown,15.66,4,Acceptable,Africa,South Africa
ORD-00782,CUST-0065,2020-03-02,Refunded,Phone,43.59,24,Acceptable,Middle East,UAE
ORD-00783,CUST-0448,2020-02-09,Completed,Mobile App,38.51,32,Acceptable,Africa,South Africa
ORD-00784,CUST-0134,2023-03-15,Pending,Partner Portal,26.86,8,Acceptable,North America,United States
ORD-00785,CUST-0287,2024-01-30,Completed,Unknown,30.15,29,Acceptable,North America,Canada
ORD-00786,CUST-0403,2021-11-12,Refunded,In-Store,14.22,13,Acceptable,Africa,Kenya
ORD-00787,CUST-0440,2021-03-16,Completed,In-Store,6.96,28,Acceptable,Asia Pacific,India
ORD-00788,CUST-0014,2022-06-01,Completed,Marketplace,20.86,26,Acceptable,Africa,South Africa
ORD-00789,CUST-0362,2024-12-21,Completed,In-Store,14.94,30,Acceptable,Asia Pacific,India
ORD-00790,CUST-0386,2022-01-09,Completed,Marketplace,26.64,29,Acceptable,Latin America,Chile
ORD-00791,CUST-0054,2023-05-01,Pending,Partner Portal,34.89,10,Acceptable,Africa,Ghana
ORD-00792,CUST-0059,2024-11-30,Completed,Marketplace,31.42,20,Acceptable,North America,Mexico
ORD-00793,CUST-0157,2021-06-26,Completed,Mobile App,11.45,3,Acceptable,Latin America,Chile
ORD-00794,CUST-0054,2022-02-20,Cancelled,Phone,19.15,11,Acceptable,Africa,Ghana
ORD-00795,CUST-0165,2024-03-09,Completed,In-Store,36.50,3,Acceptable,Europe,Germany
ORD-00796,CUST-0268,2021-11-27,Pending,Phone,44.44,17,Acceptable,Europe,France
ORD-00797,CUST-0336,2022-01-30,Pending,Marketplace,27.68,13,Acceptable,Latin America,Chile
ORD-00798,CUST-0109,2022-02-10,Completed,Website,42.08,13,Acceptable,Latin America,Chile
ORD-00799,CUST-0133,2020-07-10,Completed,Phone,1.39,2,Acceptable,Africa,Ghana
ORD-00800,CUST-0030,2021-06-15,Completed,Phone,26.43,1,Acceptable,Asia Pacific,India
ORD-00801,CUST-0036,2023-11-18,Refunded,Website,18.36,18,Acceptable,Latin America,Colombia
ORD-00802,CUST-0241,2024-10-17,Completed,Mobile App,16.01,29,Acceptable,Europe,Germany
ORD-00803,CUST-0308,2021-07-04,Completed,Marketplace,43.96,5,Acceptable,Europe,Sweden
ORD-00804,CUST-0220,2020-05-21,Completed,In-Store,4.47,29,Acceptable,North America,United States
ORD-00805,CUST-0407,2023-11-28,Pending,In-Store,25.04,16,Acceptable,Middle East,Qatar
ORD-00806,CUST-0267,2023-10-21,Cancelled,Mobile App,5.67,147,Review Recommended,Europe,Netherlands
ORD-00807,CUST-0378,2021-09-02,Completed,Phone,17.07,5,Acceptable,Middle East,Saudi Arabia
ORD-00808,CUST-0177,2022-12-11,Completed,Phone,11.73,26,Acceptable,Asia Pacific,India
ORD-00809,CUST-0477,2024-01-04,Refunded,Partner Portal,8.79,142,Review Recommended,Europe,Germany
ORD-00810,CUST-0472,2023-01-21,Completed,Website,25.97,15,Acceptable,Europe,Netherlands
ORD-00811,CUST-0404,2022-02-01,Cancelled,Partner Portal,16.85,1,Acceptable,Latin America,Colombia
ORD-00812,CUST-0028,2024-05-25,Completed,Website,36.93,27,Acceptable,Middle East,Saudi Arabia
ORD-00813,CUST-0286,2024-06-10,Refunded,Website,17.61,6,Acceptable,Africa,South Africa
ORD-00814,CUST-0420,2023-09-21,Completed,Phone,42.87,35,Acceptable,Europe,France
ORD-00815,CUST-0386,2022-05-10,Completed,Mobile App,43.98,10,Acceptable,Latin America,Chile
ORD-00816,CUST-0238,2024-07-03,Completed,Phone,32.54,5,Acceptable,Latin America,Argentina
ORD-00817,CUST-0473,2022-01-04,Completed,Unknown,8.27,20,Acceptable,Europe,France
ORD-00818,CUST-0323,2022-09-24,Completed,Phone,33.19,31,Acceptable,Europe,Spain
ORD-00819,CUST-0293,2024-08-16,Completed,Phone,27.09,8,Acceptable,Europe,Spain
ORD-00820,CUST-0409,2022-12-26,Cancelled,Marketplace,11.82,12,Acceptable,North America,United States
ORD-00821,CUST-0347,2024-02-06,Completed,Website,25.76,24,Acceptable,North America,Mexico
ORD-00822,CUST-0362,2023-12-09,Completed,Phone,22.41,16,Acceptable,Asia Pacific,India
ORD-00823,CUST-0279,2023-10-14,Completed,In-Store,17.23,26,Acceptable,Latin America,Chile
ORD-00824,CUST-0357,2021-11-07,Completed,Unknown,23.68,24,Acceptable,North America,Mexico
ORD-00825,CUST-0195,2022-11-11,Pending,Unknown,29.13,11,Acceptable,Africa,Nigeria
ORD-00826,CUST-0475,2024-04-26,Refunded,In-Store,33.03,29,Acceptable,North America,Mexico
ORD-00827,CUST-0067,2021-04-21,Pending,Marketplace,22.64,29,Acceptable,Africa,Ghana
ORD-00828,CUST-0407,2023-10-17,Completed,Unknown,27.12,3,Acceptable,Middle East,Qatar
ORD-00829,CUST-0041,2021-03-06,Completed,Website,2.74,20,Acceptable,Europe,Netherlands
ORD-00830,CUST-0150,2021-06-25,Cancelled,Partner Portal,14.58,12,Acceptable,North America,Mexico
ORD-00831,CUST-0201,2020-11-20,Completed,Partner Portal,20.16,11,Acceptable,Africa,Nigeria
ORD-00832,CUST-0101,2024-04-09,Pending,Mobile App,28.26,30,Acceptable,Middle East,Qatar
ORD-00833,CUST-0075,2024-10-08,Refunded,Marketplace,27.53,28,Acceptable,Africa,South Africa
ORD-00834,CUST-0197,2022-06-03,Pending,Marketplace,20.16,17,Acceptable,Latin America,Colombia
ORD-00835,CUST-0258,2020-12-23,Completed,Mobile App,21.57,28,Acceptable,Asia Pacific,Singapore
ORD-00836,CUST-0121,2023-07-22,Cancelled,Unknown,12.94,32,Acceptable,Europe,Germany
ORD-00837,CUST-0182,2021-07-08,Pending,Phone,6.95,28,Acceptable,Latin America,Colombia
ORD-00838,CUST-0005,2023-02-15,Completed,Phone,33.98,6,Acceptable,Africa,South Africa
ORD-00839,CUST-0091,2024-09-19,Cancelled,Website,44.82,13,Acceptable,Africa,Ghana
ORD-00840,CUST-0050,2022-06-17,Cancelled,Partner Portal,10.44,28,Acceptable,Latin America,Chile
ORD-00841,CUST-0005,2021-01-12,Completed,Marketplace,28.88,25,Acceptable,Africa,South Africa
ORD-00842,CUST-0415,2023-09-26,Cancelled,In-Store,28.37,22,Acceptable,Asia Pacific,South Korea
ORD-00843,CUST-0472,2024-11-02,Pending,Phone,30.77,32,Acceptable,Europe,Netherlands
ORD-00844,CUST-0254,2023-09-05,Refunded,Mobile App,11.58,23,Acceptable,Asia Pacific,Singapore
ORD-00845,CUST-0232,2024-12-26,Completed,Partner Portal,15.20,6,Acceptable,Middle East,Saudi Arabia
ORD-00846,CUST-0449,2021-06-15,Cancelled,Phone,44.96,20,Acceptable,Europe,United Kingdom
ORD-00847,CUST-0349,2021-08-04,Completed,Mobile App,8.63,8,Acceptable,Asia Pacific,South Korea
ORD-00848,CUST-0032,2023-09-03,Refunded,Mobile App,10.79,23,Acceptable,Europe,Netherlands
ORD-00849,CUST-0467,2024-06-23,Refunded,Marketplace,26.37,7,Acceptable,Middle East,Qatar
ORD-00850,CUST-0237,2024-02-21,Cancelled,Mobile App,13.25,8,Acceptable,Latin America,Brazil
ORD-00851,CUST-0009,2020-09-11,Completed,Partner Portal,33.01,5,Acceptable,Europe,United Kingdom
ORD-00852,CUST-0430,2024-12-11,Pending,Phone,24.63,15,Acceptable,Middle East,Saudi Arabia
ORD-00853,CUST-0177,2020-09-05,Completed,Partner Portal,18.86,31,Acceptable,Asia Pacific,India
ORD-00854,CUST-0365,2021-08-02,Pending,Phone,25.70,27,Acceptable,Europe,United Kingdom
ORD-00855,CUST-0390,2023-11-16,Refunded,Mobile App,3.95,6,Acceptable,Middle East,Saudi Arabia
ORD-00856,CUST-0195,2022-01-07,Cancelled,In-Store,27.62,31,Acceptable,Africa,Nigeria
ORD-00857,CUST-0003,2023-10-16,Cancelled,Marketplace,23.69,128,Review Recommended,Latin America,Colombia
ORD-00858,CUST-0187,2021-07-23,Pending,Phone,1.84,25,Acceptable,North America,Canada
ORD-00859,CUST-0050,2023-07-11,Cancelled,Website,34.85,12,Acceptable,Latin America,Chile
ORD-00860,CUST-0318,2021-11-26,Completed,Marketplace,33.55,26,Acceptable,Asia Pacific,South Korea
ORD-00861,CUST-0162,2022-11-16,Refunded,Mobile App,38.96,30,Acceptable,Middle East,Qatar
ORD-00862,CUST-0073,2020-10-10,Completed,Partner Portal,39.95,8,Acceptable,Latin America,Argentina
ORD-00863,CUST-0030,2022-06-11,Refunded,Partner Portal,36.83,11,Acceptable,Asia Pacific,India
ORD-00864,CUST-0227,2024-01-21,Completed,Phone,31.78,33,Acceptable,North America,Mexico
ORD-00865,CUST-0013,2024-10-01,Cancelled,Website,9.84,5,Acceptable,Latin America,Brazil
ORD-00866,CUST-0316,2022-10-01,Refunded,Marketplace,39.71,33,Acceptable,Africa,Kenya
ORD-00867,CUST-0034,2022-10-19,Completed,Mobile App,9.73,8,Acceptable,Middle East,UAE
ORD-00868,CUST-0301,2023-09-02,Completed,Phone,25.30,18,Acceptable,North America,United States
ORD-00869,CUST-0472,2023-05-12,Completed,Website,39.47,32,Acceptable,Europe,Netherlands
ORD-00870,CUST-0109,2024-06-11,Pending,Phone,30.60,10,Acceptable,Latin America,Chile
ORD-00871,CUST-0062,2023-09-13,Refunded,Marketplace,17.96,143,Review Recommended,North America,Mexico
ORD-00872,CUST-0395,2021-03-24,Completed,Partner Portal,12.16,22,Acceptable,Middle East,Qatar
ORD-00873,CUST-0404,2020-05-21,Refunded,Website,9.60,3,Acceptable,Latin America,Colombia
ORD-00874,CUST-0313,2023-04-09,Completed,Unknown,13.07,21,Acceptable,Africa,Kenya
ORD-00875,CUST-0401,2020-10-11,Completed,Website,24.81,0,Acceptable,Middle East,Qatar
ORD-00876,CUST-0387,2022-08-05,Cancelled,Unknown,34.97,28,Acceptable,Middle East,Qatar
ORD-00877,CUST-0219,2020-10-29,Cancelled,Website,9.28,6,Acceptable,Asia Pacific,Australia
ORD-00878,CUST-0160,2024-11-07,Refunded,Marketplace,29.42,33,Acceptable,Latin America,Colombia
ORD-00879,CUST-0301,2021-07-09,Cancelled,Website,16.54,16,Acceptable,North America,United States
ORD-00880,CUST-0187,2021-02-09,Cancelled,Phone,22.90,32,Acceptable,North America,Canada
ORD-00881,CUST-0082,2023-06-07,Completed,In-Store,2.70,4,Acceptable,Africa,South Africa
ORD-00882,CUST-0341,2021-04-05,Cancelled,Mobile App,14.95,11,Acceptable,Middle East,UAE
ORD-00883,CUST-0320,2020-04-26,Refunded,Phone,7.09,18,Acceptable,Middle East,UAE
ORD-00884,CUST-0158,2022-10-20,Completed,Website,31.21,6,Acceptable,Middle East,Saudi Arabia
ORD-00885,CUST-0336,2022-10-23,Completed,Marketplace,42.77,32,Acceptable,Latin America,Chile
ORD-00886,CUST-0284,2020-05-14,Pending,Website,21.53,9,Acceptable,North America,United States
ORD-00887,CUST-0003,2020-09-16,Completed,In-Store,12.13,26,Acceptable,Latin America,Colombia
ORD-00888,CUST-0422,2021-03-27,Completed,Partner Portal,34.68,19,Acceptable,NA Region,Canada
ORD-00889,CUST-0121,2021-07-01,Refunded,Website,31.03,16,Acceptable,Europe,Germany
ORD-00890,CUST-0067,2020-10-10,Pending,In-Store,38.18,9,Acceptable,Africa,Ghana
ORD-00891,CUST-0454,2021-09-18,Completed,Website,34.32,2,Acceptable,Europe,Germany
ORD-00892,CUST-0225,2023-10-02,Completed,Mobile App,37.45,34,Acceptable,North America,Canada
ORD-00893,CUST-0264,2022-05-31,Pending,Partner Portal,37.39,25,Acceptable,Europe,United Kingdom
ORD-00894,CUST-0457,2022-05-02,Completed,Unknown,37.50,5,Acceptable,North America,Mexico
ORD-00895,CUST-0288,2020-04-02,Refunded,Phone,25.78,9,Acceptable,Africa,Kenya
ORD-00896,CUST-0115,2022-10-27,Completed,Marketplace,24.44,21,Acceptable,Middle East,UAE
ORD-00897,CUST-0097,2024-03-19,Completed,Partner Portal,29.10,31,Acceptable,Europe,Netherlands
ORD-00898,CUST-0179,2023-07-25,Completed,In-Store,18.71,30,Acceptable,Middle East,Qatar
ORD-00899,CUST-0125,2022-02-13,Completed,Marketplace,43.35,12,Acceptable,Africa,Ghana
ORD-00900,CUST-0403,2023-03-12,Cancelled,Phone,29.37,10,Acceptable,Africa,Kenya
ORD-00901,CUST-0208,2023-10-23,Completed,Mobile App,3.88,9,Acceptable,Europe,Germany
ORD-00902,CUST-0218,2021-03-30,Refunded,In-Store,36.33,9,Acceptable,Africa,South Africa
ORD-00903,CUST-0103,2020-01-10,Completed,Partner Portal,10.29,30,Acceptable,North America,Canada
ORD-00904,CUST-0078,2022-11-29,Refunded,Phone,15.21,1,Acceptable,Europe,United Kingdom
ORD-00905,CUST-0263,2021-06-24,Cancelled,Marketplace,18.88,33,Acceptable,Asia Pacific,Singapore
ORD-00906,CUST-0065,2024-12-02,Refunded,Unknown,18.39,0,Acceptable,Middle East,UAE
ORD-00907,CUST-0361,2024-04-05,Cancelled,Website,35.75,7,Acceptable,Latin America,Brazil
ORD-00908,CUST-0092,2020-10-23,Pending,Unknown,7.23,30,Acceptable,Latin America,Brazil
ORD-00909,CUST-0003,2021-11-18,Completed,Phone,25.37,31,Acceptable,Latin America,Colombia
ORD-00910,CUST-0058,2022-02-12,Refunded,Unknown,7.82,3,Acceptable,Asia Pacific,South Korea
ORD-00911,CUST-0315,2022-06-08,Completed,Mobile App,25.49,18,Acceptable,Africa,Nigeria
ORD-00912,CUST-0348,2024-09-16,Completed,In-Store,17.59,27,Acceptable,Middle East,UAE
ORD-00913,CUST-0299,2023-02-02,Cancelled,In-Store,32.48,27,Acceptable,Latin America,Argentina
ORD-00914,CUST-0308,2024-06-24,Completed,In-Store,13.25,24,Acceptable,Europe,Sweden
ORD-00915,CUST-0313,2022-10-13,Completed,Unknown,28.19,9,Acceptable,Africa,Kenya
ORD-00916,CUST-0039,2022-01-10,Refunded,In-Store,30.32,8,Acceptable,North America,Mexico
ORD-00917,CUST-0363,2022-10-29,Completed,Partner Portal,5.10,4,Acceptable,Africa,Kenya
ORD-00918,CUST-0187,2020-01-01,Completed,Phone,28.58,11,Acceptable,North America,Canada
ORD-00919,CUST-0426,2021-06-20,Completed,In-Store,12.03,22,Acceptable,Africa,Ghana
ORD-00920,CUST-0212,2024-06-23,Cancelled,Marketplace,21.60,1,Acceptable,Middle East,Saudi Arabia
ORD-00921,CUST-0097,2021-03-09,Cancelled,In-Store,13.20,29,Acceptable,Europe,Netherlands
ORD-00922,CUST-0356,2024-07-24,Pending,In-Store,13.60,8,Acceptable,Europe,Sweden
ORD-00923,CUST-0218,2024-12-05,Completed,Partner Portal,34.06,18,Acceptable,Africa,South Africa
ORD-00924,CUST-0164,2021-11-19,Completed,Partner Portal,40.37,4,Acceptable,North America,Mexico
ORD-00925,CUST-0417,2020-10-01,Pending,Website,37.04,3,Acceptable,Middle East,UAE
ORD-00926,CUST-0398,2021-06-09,Cancelled,Phone,31.56,13,Acceptable,Latin America,Brazil
ORD-00927,CUST-0289,2023-06-20,Refunded,Partner Portal,26.66,13,Acceptable,Europe,Netherlands
ORD-00928,CUST-0141,2023-04-13,Completed,Website,28.11,30,Acceptable,North America,United States
ORD-00929,CUST-0075,2022-06-20,Refunded,Mobile App,27.16,16,Acceptable,Africa,South Africa
ORD-00930,CUST-0349,2021-09-09,Completed,In-Store,23.04,35,Acceptable,Asia Pacific,South Korea
ORD-00931,CUST-0182,2022-04-05,Completed,In-Store,8.30,30,Acceptable,Latin America,Colombia
ORD-00932,CUST-0219,2020-03-05,Completed,In-Store,4.19,10,Acceptable,Asia Pacific,Australia
ORD-00933,CUST-0222,2024-10-06,Pending,Partner Portal,27.57,19,Acceptable,Asia Pacific,India
ORD-00934,CUST-0157,2024-10-07,Cancelled,Partner Portal,9.81,25,Acceptable,Latin America,Chile
ORD-00935,CUST-0333,2021-01-14,Completed,Mobile App,32.45,24,Acceptable,Asia Pacific,Singapore
ORD-00936,CUST-0246,2021-03-27,Pending,Website,10.09,3,Acceptable,Asia Pacific,Singapore
ORD-00937,CUST-0176,2020-02-16,Cancelled,Unknown,12.88,6,Acceptable,Europe,Spain
ORD-00938,CUST-0079,2021-10-06,Cancelled,Phone,23.56,30,Acceptable,Africa,South Africa
ORD-00939,CUST-0321,2020-06-08,Completed,Mobile App,20.67,27,Acceptable,Europe,United Kingdom
ORD-00940,CUST-0225,2021-04-26,Cancelled,Website,40.11,27,Acceptable,North America,Canada
ORD-00941,CUST-0006,2021-03-05,Pending,Partner Portal,4.22,6,Acceptable,Asia Pacific,South Korea
ORD-00942,CUST-0189,2020-10-13,Completed,Phone,5.24,24,Acceptable,Africa,Nigeria
ORD-00943,CUST-0327,2022-07-18,Pending,Mobile App,1.82,21,Acceptable,Middle East,Saudi Arabia
ORD-00944,CUST-0188,2021-05-06,Completed,Partner Portal,19.01,35,Acceptable,Africa,South Africa
ORD-00945,CUST-0125,2022-08-28,Pending,Partner Portal,8.73,11,Acceptable,Africa,Ghana
ORD-00946,CUST-0138,2024-08-17,Completed,Phone,2.98,14,Acceptable,Middle East,UAE
ORD-00947,CUST-0022,2024-12-09,Completed,Phone,34.14,5,Acceptable,North America,United States
ORD-00948,CUST-0278,2024-06-17,Completed,Unknown,9.17,24,Acceptable,North America,United States
ORD-00949,CUST-0018,2024-06-15,Completed,Unknown,33.51,131,Review Recommended,Africa,Ghana
ORD-00950,CUST-0398,2023-05-02,Pending,Marketplace,43.33,28,Acceptable,Latin America,Brazil
ORD-00951,CUST-0166,2023-11-30,Refunded,Mobile App,12.46,11,Acceptable,Latin America,Argentina
ORD-00952,CUST-0413,2024-01-31,Completed,Website,11.92,2,Acceptable,Europe,Germany
ORD-00953,CUST-0185,2021-11-10,Pending,Mobile App,41.82,2,Acceptable,Europe,Netherlands
ORD-00954,CUST-0059,2022-11-03,Completed,In-Store,28.40,29,Acceptable,NA Region,Mexico
ORD-00955,CUST-0174,2022-03-15,Completed,Partner Portal,37.98,5,Acceptable,Europe,Spain
ORD-00956,CUST-0216,2023-11-14,Cancelled,Mobile App,13.88,13,Acceptable,Africa,Kenya
ORD-00957,CUST-0125,2022-11-11,Completed,Mobile App,4.15,13,Acceptable,Africa,Ghana
ORD-00958,CUST-0288,2021-11-24,Completed,Mobile App,16.77,4,Acceptable,Africa,Kenya
ORD-00959,CUST-0076,2024-02-10,Completed,Partner Portal,36.53,30,Acceptable,Africa,Ghana
ORD-00960,CUST-0369,2024-01-17,Refunded,Phone,36.40,7,Acceptable,Middle East,Qatar
ORD-00961,CUST-0453,2021-02-04,Pending,Partner Portal,38.98,14,Acceptable,Latin America,Argentina
ORD-00962,CUST-0191,2020-05-04,Refunded,Phone,18.31,5,Acceptable,North America,Canada
ORD-00963,CUST-0085,2023-12-29,Refunded,Marketplace,9.76,11,Acceptable,Middle East,UAE
ORD-00964,CUST-0072,2020-02-13,Pending,In-Store,41.16,9,Acceptable,Latin America,Colombia
ORD-00965,CUST-0462,2023-04-21,Completed,Partner Portal,5.67,27,Acceptable,Middle East,Saudi Arabia
ORD-00966,CUST-0206,2024-07-30,Pending,Partner Portal,27.64,6,Acceptable,Europe,Netherlands
ORD-00967,CUST-0066,2020-05-09,Cancelled,Unknown,10.93,5,Acceptable,Asia Pacific,South Korea
ORD-00968,CUST-0433,2021-05-15,Completed,Phone,2.39,23,Acceptable,Latin America,Argentina
ORD-00969,CUST-0171,2022-02-23,Completed,Mobile App,14.06,25,Acceptable,Europe,Netherlands
ORD-00970,CUST-0454,2021-01-02,Completed,Phone,40.52,33,Acceptable,Europe,Germany
ORD-00971,CUST-0004,2021-07-13,Cancelled,Mobile App,11.72,23,Acceptable,Latin America,Colombia
ORD-00972,CUST-0167,2021-08-09,Refunded,Unknown,11.38,34,Acceptable,North America,United States
ORD-00973,CUST-0195,2021-09-04,Pending,In-Store,30.40,31,Acceptable,Africa,Nigeria
ORD-00974,CUST-0116,2022-01-04,Completed,In-Store,17.74,26,Acceptable,Latin America,Chile
ORD-00975,CUST-0071,2020-08-30,Refunded,Marketplace,1.37,24,Acceptable,Latin America,Argentina
ORD-00976,CUST-0215,2022-09-28,Completed,Marketplace,43.89,20,Acceptable,Europe,United Kingdom
ORD-00977,CUST-0442,2023-09-23,Refunded,Website,11.16,26,Acceptable,North America,United States
ORD-00978,CUST-0403,2023-09-17,Pending,Website,16.09,33,Acceptable,Africa,Kenya
ORD-00979,CUST-0180,2024-12-20,Completed,Mobile App,25.93,28,Acceptable,North America,Mexico
ORD-00980,CUST-0348,2020-08-23,Completed,Mobile App,23.72,31,Acceptable,Middle East,UAE
ORD-00981,CUST-0292,2020-09-18,Completed,Website,23.91,28,Acceptable,Europe,France
ORD-00982,CUST-0397,2024-09-08,Pending,Marketplace,43.48,1,Acceptable,Latin America,Argentina
ORD-00983,CUST-0395,2022-08-28,Cancelled,Mobile App,7.11,8,Acceptable,Middle East,Qatar
ORD-00984,CUST-0308,2022-09-07,Pending,Partner Portal,24.50,35,Acceptable,Europe,Sweden
ORD-00985,CUST-0092,2020-03-08,Refunded,Website,4.70,18,Acceptable,Latin America,Brazil
ORD-00986,CUST-0400,2024-02-05,Refunded,Partner Portal,6.07,13,Acceptable,Asia Pacific,Australia
ORD-00987,CUST-0174,2020-12-30,Completed,Phone,26.56,12,Acceptable,Europe,Spain
ORD-00988,CUST-0018,2021-11-12,Completed,Phone,29.79,17,Acceptable,Africa,Ghana
ORD-00989,CUST-0275,2020-08-05,Pending,Partner Portal,38.23,20,Acceptable,Africa,South Africa
ORD-00990,CUST-0022,2022-07-20,Refunded,Marketplace,36.92,2,Acceptable,North America,United States
ORD-00991,CUST-0395,2021-10-22,Completed,Marketplace,35.32,34,Acceptable,Middle East,Qatar
ORD-00992,CUST-0425,2024-02-20,Completed,In-Store,6.46,2,Acceptable,North America,Canada
ORD-00993,CUST-0366,2023-06-18,Pending,Mobile App,41.08,10,Acceptable,Europe,Spain
ORD-00994,CUST-0132,2020-11-15,Pending,Phone,21.99,25,Acceptable,Africa,South Africa
ORD-00995,CUST-0402,2022-11-25,Refunded,In-Store,40.56,7,Acceptable,Africa,Nigeria
ORD-00996,CUST-0428,2023-10-25,Refunded,Marketplace,14.20,8,Acceptable,Africa,Kenya
ORD-00997,CUST-0409,2024-12-31,Completed,Marketplace,9.90,7,Acceptable,North America,United States
ORD-00998,CUST-0466,2020-03-14,Completed,In-Store,7.27,21,Acceptable,Europe,Spain
ORD-00999,CUST-0087,2020-09-02,Completed,Phone,16.67,25,Acceptable,Asia Pacific,Australia
ORD-01000,CUST-0225,2021-07-24,Completed,Marketplace,19.04,4,Acceptable,North America,Canada
ORD-01001,CUST-0019,2022-01-15,Pending,Partner Portal,37.43,27,Acceptable,Asia Pacific,India
ORD-01002,CUST-0337,2023-01-06,Pending,Mobile App,0.19,30,Acceptable,Middle East,UAE
ORD-01003,CUST-0265,2020-12-31,Refunded,In-Store,9.47,34,Acceptable,North America,United States
ORD-01004,CUST-0148,2020-12-12,Cancelled,Website,9.03,19,Acceptable,Middle East,UAE
ORD-01005,CUST-0005,2021-10-01,Pending,Website,4.24,9,Acceptable,Africa,South Africa
ORD-01006,CUST-0221,2021-03-06,Completed,Partner Portal,0.82,34,Acceptable,Asia Pacific,Japan
ORD-01007,CUST-0176,2021-10-14,Cancelled,Marketplace,11.58,30,Acceptable,Europe,Spain
ORD-01008,CUST-0423,2021-02-10,Completed,In-Store,42.56,18,Acceptable,Latin America,Colombia
ORD-01009,CUST-0413,2020-12-14,Cancelled,Partner Portal,27.25,7,Acceptable,Europe,Germany
ORD-01010,CUST-0093,2022-07-27,Completed,Mobile App,30.50,12,Acceptable,North America,Canada
ORD-01011,CUST-0077,2021-11-01,Pending,Website,20.06,14,Acceptable,Asia Pacific,Australia
ORD-01012,CUST-0317,2020-12-01,Pending,Website,13.56,2,Acceptable,Middle East,Qatar
ORD-01013,CUST-0408,2020-05-20,Completed,In-Store,37.00,1,Acceptable,Latin America,Colombia
ORD-01014,CUST-0109,2021-01-11,Refunded,Mobile App,22.97,29,Acceptable,Latin America,Chile
ORD-01015,CUST-0325,2022-05-03,Cancelled,Website,13.64,27,Acceptable,Latin America,Chile
ORD-01016,CUST-0092,2022-11-29,Completed,Mobile App,41.13,23,Acceptable,Latin America,Brazil
ORD-01017,CUST-0456,2020-09-20,Cancelled,Marketplace,5.93,1,Acceptable,Europe,Sweden
ORD-01018,CUST-0078,2020-09-07,Pending,Mobile App,31.29,18,Acceptable,Europe,United Kingdom
ORD-01019,CUST-0129,2021-03-10,Cancelled,In-Store,15.54,18,Acceptable,North America,Mexico
ORD-01020,CUST-0235,2022-01-19,Completed,Mobile App,26.57,11,Acceptable,Middle East,UAE
ORD-01021,CUST-0144,2020-06-02,Cancelled,Phone,1.55,27,Acceptable,Asia Pacific,Japan
ORD-01022,CUST-0414,2020-03-01,Completed,In-Store,11.11,0,Acceptable,North America,Canada
ORD-01023,CUST-0443,2024-02-01,Refunded,Partner Portal,40.35,19,Acceptable,Asia Pacific,Australia
ORD-01024,CUST-0267,2024-03-09,Completed,Partner Portal,43.89,34,Acceptable,Europe,Netherlands
ORD-01025,CUST-0122,2022-02-17,Completed,Website,11.37,1,Acceptable,Africa,Nigeria
ORD-01026,CUST-0345,2021-11-02,Completed,In-Store,12.65,17,Acceptable,Latin America,Chile
ORD-01027,CUST-0135,2023-12-18,Completed,Phone,9.27,33,Acceptable,North America,Mexico
ORD-01028,CUST-0319,2023-08-09,Cancelled,Partner Portal,41.80,22,Acceptable,Middle East,UAE
ORD-01029,CUST-0433,2022-10-14,Pending,Marketplace,35.67,28,Acceptable,Latin America,Argentina
ORD-01030,CUST-0433,2021-04-16,Refunded,In-Store,22.28,5,Acceptable,Latin America,Argentina
ORD-01031,CUST-0141,2020-03-30,Completed,Mobile App,2.89,27,Acceptable,North America,United States
ORD-01032,CUST-0428,2021-12-04,Completed,Marketplace,24.66,30,Acceptable,Africa,Kenya
ORD-01033,CUST-0473,2022-01-22,Cancelled,Mobile App,9.69,15,Acceptable,Europe,France
ORD-01034,CUST-0401,2022-08-13,Completed,Phone,20.19,10,Acceptable,Middle East,Qatar
ORD-01035,CUST-0002,2020-06-08,Completed,Partner Portal,8.49,2,Acceptable,Middle East,Qatar
ORD-01036,CUST-0146,2020-12-04,Completed,Mobile App,42.35,2,Acceptable,Africa,Kenya
ORD-01037,CUST-0125,2023-06-16,Completed,Website,22.76,17,Acceptable,Africa,Ghana
ORD-01038,CUST-0455,2022-11-28,Refunded,Website,7.98,21,Acceptable,Asia Pacific,Australia
ORD-01039,CUST-0249,2022-04-16,Pending,Marketplace,31.19,2,Acceptable,Africa,Kenya
ORD-01040,CUST-0376,2023-03-08,Refunded,Partner Portal,4.03,23,Acceptable,Latin America,Brazil
ORD-01041,CUST-0352,2023-09-28,Completed,Mobile App,36.39,21,Acceptable,Europe,France
ORD-01042,CUST-0309,2022-06-29,Completed,Mobile App,8.11,4,Acceptable,Africa,South Africa
ORD-01043,CUST-0026,2022-01-20,Completed,In-Store,16.99,33,Acceptable,Africa,South Africa
ORD-01044,CUST-0163,2022-10-08,Completed,Phone,37.87,28,Acceptable,Asia Pacific,Singapore
ORD-01045,CUST-0450,2022-02-25,Completed,Unknown,36.70,32,Acceptable,Europe,France
ORD-01046,CUST-0332,2021-04-18,Cancelled,Website,40.77,1,Acceptable,Africa,Nigeria
ORD-01047,CUST-0155,2021-09-06,Completed,Partner Portal,22.82,124,Review Recommended,North America,Mexico
ORD-01048,CUST-0407,2023-12-10,Completed,Unknown,21.72,9,Acceptable,Middle East,Qatar
ORD-01049,CUST-0478,2021-08-03,Completed,Website,4.43,5,Acceptable,North America,Mexico
ORD-01050,CUST-0438,2021-04-17,Completed,Phone,29.98,15,Acceptable,Europe,Sweden
ORD-01051,CUST-0195,2022-12-07,Completed,Marketplace,9.08,34,Acceptable,Africa,Nigeria
ORD-01052,CUST-0197,2024-05-11,Refunded,Marketplace,41.80,9,Acceptable,Latin America,Colombia
ORD-01053,CUST-0092,2020-05-31,Pending,Website,6.16,34,Acceptable,Latin America,Brazil
ORD-01054,CUST-0413,2024-07-25,Pending,Partner Portal,27.88,2,Acceptable,Europe,Germany
ORD-01055,CUST-0227,2022-06-23,Completed,Marketplace,44.99,29,Acceptable,North America,Mexico
ORD-01056,CUST-0319,2021-08-21,Completed,Mobile App,41.11,14,Acceptable,Middle East,UAE
ORD-01057,CUST-0384,2021-12-10,Pending,In-Store,18.39,11,Acceptable,Middle East,Qatar
ORD-01058,CUST-0286,2022-07-03,Completed,Marketplace,38.15,32,Acceptable,Africa,South Africa
ORD-01059,CUST-0363,2023-01-28,Completed,In-Store,21.32,29,Acceptable,Africa,Kenya
ORD-01060,CUST-0361,2024-10-27,Cancelled,Website,43.79,34,Acceptable,Latin America,Brazil
ORD-01061,CUST-0244,2021-03-18,Cancelled,Mobile App,38.98,9,Acceptable,North America,Mexico
ORD-01062,CUST-0396,2024-11-19,Pending,Phone,20.02,35,Acceptable,Asia Pacific,India
ORD-01063,CUST-0147,2021-06-20,Completed,In-Store,17.87,18,Acceptable,Latin America,Brazil
ORD-01064,CUST-0185,2023-06-11,Completed,In-Store,6.78,12,Acceptable,Europe,Netherlands
ORD-01065,CUST-0296,2023-12-22,Refunded,Phone,0.18,6,Acceptable,Europe,Germany
ORD-01066,CUST-0308,2020-12-04,Refunded,In-Store,0.67,30,Acceptable,Europe,Sweden
ORD-01067,CUST-0476,2022-05-30,Refunded,Marketplace,17.01,31,Acceptable,Africa,Kenya
ORD-01068,CUST-0222,2022-10-27,Completed,Website,32.43,20,Acceptable,Asia Pacific,India
ORD-01069,CUST-0457,2021-12-02,Completed,Website,39.63,1,Acceptable,North America,Mexico
ORD-01070,CUST-0025,2020-07-21,Cancelled,Mobile App,0.99,10,Acceptable,Europe,Sweden
ORD-01071,CUST-0151,2024-04-10,Completed,Mobile App,31.81,32,Acceptable,Europe,Sweden
ORD-01072,CUST-0368,2024-06-24,Cancelled,Phone,22.23,34,Acceptable,Africa,Nigeria
ORD-01073,CUST-0240,2023-01-31,Completed,Mobile App,25.38,4,Acceptable,Europe,United Kingdom
ORD-01074,CUST-0420,2021-09-29,Pending,Mobile App,5.33,3,Acceptable,Europe,France
ORD-01075,CUST-0192,2022-01-16,Completed,In-Store,43.76,20,Acceptable,Latin America,Argentina
ORD-01076,CUST-0429,2020-08-16,Completed,Marketplace,2.33,10,Acceptable,Asia Pacific,India
ORD-01077,CUST-0255,2023-04-25,Completed,Phone,1.96,28,Acceptable,Africa,Nigeria
ORD-01078,CUST-0362,2020-04-26,Completed,Website,24.98,32,Acceptable,Asia Pacific,India
ORD-01079,CUST-0217,2022-12-01,Completed,Phone,26.50,10,Acceptable,Middle East,UAE
ORD-01080,CUST-0054,2020-08-19,Pending,Partner Portal,11.14,18,Acceptable,Africa,Ghana
ORD-01081,CUST-0034,2020-07-09,Pending,Mobile App,13.46,32,Acceptable,Middle East,UAE
ORD-01082,CUST-0334,2023-10-19,Completed,In-Store,4.87,20,Acceptable,Asia Pacific,South Korea
ORD-01083,CUST-0063,2020-04-12,Completed,Phone,30.91,28,Acceptable,Middle East,Saudi Arabia
ORD-01084,CUST-0376,2023-11-26,Completed,Website,43.52,22,Acceptable,Latin America,Brazil
ORD-01085,CUST-0316,2020-03-26,Completed,In-Store,6.89,11,Acceptable,Africa,Kenya
ORD-01086,CUST-0085,2021-11-15,Cancelled,Marketplace,27.05,13,Acceptable,Middle East,UAE
ORD-01087,CUST-0465,2023-11-20,Completed,Website,26.38,6,Acceptable,Asia Pacific,India
ORD-01088,CUST-0394,2020-05-15,Completed,Mobile App,39.40,20,Acceptable,Latin America,Argentina
ORD-01089,CUST-0225,2020-10-07,Pending,Unknown,14.91,16,Acceptable,North America,Canada
ORD-01090,CUST-0119,2024-12-08,Refunded,Mobile App,6.92,0,Acceptable,North America,Canada
ORD-01091,CUST-0271,2024-06-27,Completed,Partner Portal,12.03,14,Acceptable,Latin America,Chile
ORD-01092,CUST-0306,2021-01-24,Completed,In-Store,44.10,19,Acceptable,Europe,Spain
ORD-01093,CUST-0372,2024-03-27,Completed,Phone,14.82,30,Acceptable,Latin America,Chile
ORD-01094,CUST-0015,2023-05-26,Completed,Marketplace,44.07,0,Acceptable,Africa,Nigeria
ORD-01095,CUST-0309,2023-07-09,Completed,Website,7.55,35,Acceptable,Africa,South Africa
ORD-01096,CUST-0406,2020-11-04,Pending,In-Store,37.57,4,Acceptable,North America,United States
ORD-01097,CUST-0472,2020-01-17,Completed,Mobile App,37.72,10,Acceptable,Europe,Netherlands
ORD-01098,CUST-0229,2021-10-27,Cancelled,Mobile App,29.30,4,Acceptable,Middle East,Qatar
ORD-01099,CUST-0275,2021-09-14,Cancelled,Partner Portal,40.40,19,Acceptable,Africa,South Africa
ORD-01100,CUST-0227,2020-10-22,Completed,Website,32.26,34,Acceptable,North America,Mexico
ORD-01101,CUST-0137,2020-05-21,Completed,Partner Portal,10.62,19,Acceptable,Latin America,Colombia
ORD-01102,CUST-0147,2022-03-07,Completed,Unknown,9.15,3,Acceptable,Latin America,Brazil
ORD-01103,CUST-0276,2021-08-28,Completed,Marketplace,6.08,28,Acceptable,Asia Pacific,India
ORD-01104,CUST-0071,2020-04-14,Pending,Phone,11.60,23,Acceptable,Latin America,Argentina
ORD-01105,CUST-0056,2024-01-01,Completed,Unknown,12.47,18,Acceptable,Asia Pacific,Singapore
ORD-01106,CUST-0461,2021-01-24,Cancelled,In-Store,28.58,12,Acceptable,Middle East,Qatar
ORD-01107,CUST-0462,2023-10-23,Refunded,Phone,24.19,28,Acceptable,Middle East,Saudi Arabia
ORD-01108,CUST-0380,2020-03-05,Refunded,Partner Portal,0.39,6,Acceptable,Asia Pacific,Singapore
ORD-01109,CUST-0297,2022-12-17,Cancelled,In-Store,42.28,19,Acceptable,Middle East,Qatar
ORD-01110,CUST-0236,2024-09-22,Cancelled,Unknown,41.55,14,Acceptable,Middle East,Qatar
ORD-01111,CUST-0450,2023-11-14,Completed,Website,9.94,4,Acceptable,Europe,France
ORD-01112,CUST-0392,2022-09-24,Completed,Website,29.18,19,Acceptable,Asia Pacific,Singapore
ORD-01113,CUST-0013,2022-01-07,Refunded,Website,32.14,12,Acceptable,Latin America,Brazil
ORD-01114,CUST-0447,2020-02-09,Completed,In-Store,6.11,28,Acceptable,Middle East,UAE
ORD-01115,CUST-0427,2023-03-01,Completed,Website,22.22,4,Acceptable,Europe,United Kingdom
ORD-01116,CUST-0106,2020-11-29,Completed,Phone,25.42,19,Acceptable,Latin America,Chile
ORD-01117,CUST-0237,2022-02-15,Refunded,Mobile App,24.92,35,Acceptable,Latin America,Brazil
ORD-01118,CUST-0248,2024-11-27,Completed,In-Store,8.31,10,Acceptable,Europe,Netherlands
ORD-01119,CUST-0046,2021-08-15,Refunded,Marketplace,36.10,3,Acceptable,Asia Pacific,Japan
ORD-01120,CUST-0337,2024-10-18,Completed,Phone,10.89,35,Acceptable,Middle East,UAE
ORD-01121,CUST-0065,2021-08-07,Completed,Partner Portal,44.17,31,Acceptable,Middle East,UAE
ORD-01122,CUST-0211,2023-05-26,Completed,In-Store,5.02,1,Acceptable,Middle East,UAE
ORD-01123,CUST-0270,2021-11-27,Pending,Mobile App,33.90,25,Acceptable,Middle East,Qatar
ORD-01124,CUST-0096,2022-05-05,Refunded,In-Store,15.83,19,Acceptable,Middle East,UAE
ORD-01125,CUST-0373,2023-04-24,Refunded,In-Store,0.58,26,Acceptable,Europe,France
ORD-01126,CUST-0113,2022-12-27,Refunded,In-Store,23.19,14,Acceptable,North America,United States
ORD-01127,CUST-0475,2020-03-10,Cancelled,Marketplace,0.10,0,Acceptable,North America,Mexico
ORD-01128,CUST-0204,2021-11-24,Completed,Unknown,22.40,2,Acceptable,Africa,South Africa
ORD-01129,CUST-0100,2024-11-28,Pending,Marketplace,26.00,13,Acceptable,Europe,United Kingdom
ORD-01130,CUST-0358,2023-08-29,Pending,Phone,28.67,31,Acceptable,Asia Pacific,India
ORD-01131,CUST-0407,2022-04-03,Pending,Website,6.85,7,Acceptable,Middle East,Qatar
ORD-01132,CUST-0355,2020-05-20,Completed,In-Store,14.98,11,Acceptable,Africa,Ghana
ORD-01133,CUST-0402,2020-02-14,Refunded,Phone,5.17,26,Acceptable,Africa,Nigeria
ORD-01134,CUST-0273,2022-10-30,Refunded,Phone,41.65,34,Acceptable,Latin America,Brazil
ORD-01135,CUST-0092,2020-10-07,Pending,Mobile App,2.80,26,Acceptable,Latin America,Brazil
ORD-01136,CUST-0263,2021-10-23,Completed,In-Store,39.43,3,Acceptable,Asia Pacific,Singapore
ORD-01137,CUST-0372,2023-09-24,Pending,Marketplace,39.63,15,Acceptable,Latin America,Chile
ORD-01138,CUST-0137,2021-03-22,Completed,In-Store,34.53,28,Acceptable,Latin America,Colombia
ORD-01139,CUST-0175,2020-01-07,Cancelled,In-Store,42.26,34,Acceptable,Africa,Ghana
ORD-01140,CUST-0344,2021-04-21,Cancelled,In-Store,23.93,16,Acceptable,Africa,Nigeria
ORD-01141,CUST-0420,2022-09-24,Cancelled,Phone,17.74,7,Acceptable,Europe,France
ORD-01142,CUST-0037,2024-09-02,Completed,Marketplace,7.28,16,Acceptable,North America,Mexico
ORD-01143,CUST-0233,2022-01-22,Completed,Marketplace,21.51,13,Acceptable,Europe,Germany
ORD-01144,CUST-0446,2024-06-05,Completed,Website,36.45,13,Acceptable,North America,Mexico
ORD-01145,CUST-0422,2021-04-30,Refunded,Marketplace,20.97,14,Acceptable,North America,Canada
ORD-01146,CUST-0221,2021-03-06,Completed,Website,40.43,9,Acceptable,Asia Pacific,Japan
ORD-01147,CUST-0225,2024-02-04,Cancelled,Partner Portal,13.15,8,Acceptable,North America,Canada
ORD-01148,CUST-0348,2023-11-28,Completed,In-Store,11.04,7,Acceptable,Middle East,UAE
ORD-01149,CUST-0438,2023-11-28,Completed,Website,24.28,23,Acceptable,Europe,Sweden
ORD-01150,CUST-0467,2024-07-19,Refunded,Phone,28.29,1,Acceptable,Middle East,Qatar
ORD-01151,CUST-0393,2020-07-28,Completed,Partner Portal,29.77,28,Acceptable,Middle East,UAE
ORD-01152,CUST-0267,2024-12-16,Cancelled,Mobile App,34.46,31,Acceptable,Europe,Netherlands
ORD-01153,CUST-0144,2022-06-17,Pending,Marketplace,0.31,20,Acceptable,Asia Pacific,Japan
ORD-01154,CUST-0432,2023-03-16,Completed,In-Store,31.97,12,Acceptable,North America,United States
ORD-01155,CUST-0054,2024-09-11,Pending,Marketplace,8.87,141,Review Recommended,Africa,Ghana
ORD-01156,CUST-0202,2021-09-07,Completed,Partner Portal,25.46,15,Acceptable,Middle East,UAE
ORD-01157,CUST-0239,2023-11-24,Completed,Marketplace,23.62,8,Acceptable,Africa,Kenya
ORD-01158,CUST-0413,2020-01-08,Refunded,Partner Portal,29.54,0,Acceptable,Europe,Germany
ORD-01159,CUST-0150,2020-06-18,Pending,Website,22.19,29,Acceptable,North America,Mexico
ORD-01160,CUST-0425,2021-09-24,Completed,Phone,34.04,16,Acceptable,North America,Canada
ORD-01161,CUST-0037,2024-12-18,Refunded,Website,29.70,26,Acceptable,North America,Mexico
ORD-01162,CUST-0422,2023-10-28,Refunded,Marketplace,29.12,28,Acceptable,North America,Canada
ORD-01163,CUST-0310,2020-06-26,Completed,Partner Portal,4.97,14,Acceptable,Latin America,Chile
ORD-01164,CUST-0036,2021-01-10,Completed,Website,15.77,19,Acceptable,Latin America,Colombia
ORD-01165,CUST-0090,2023-12-23,Completed,Marketplace,7.56,34,Acceptable,Asia Pacific,India
ORD-01166,CUST-0302,2022-12-06,Completed,Marketplace,37.64,25,Acceptable,Asia Pacific,Australia
ORD-01167,CUST-0170,2020-03-15,Completed,Partner Portal,20.88,19,Acceptable,North America,Mexico
ORD-01168,CUST-0453,2023-10-14,Completed,Partner Portal,3.44,29,Acceptable,Latin America,Argentina
ORD-01169,CUST-0193,2023-09-16,Completed,Marketplace,44.02,24,Acceptable,North America,Canada
ORD-01170,CUST-0263,2020-08-02,Cancelled,Phone,17.82,7,Acceptable,Asia Pacific,Singapore
ORD-01171,CUST-0325,2021-07-23,Completed,Website,40.69,24,Acceptable,Latin America,Chile
ORD-01172,CUST-0230,2023-11-15,Completed,Website,4.40,25,Acceptable,Latin America,Colombia
ORD-01173,CUST-0459,2023-10-20,Refunded,Mobile App,9.57,33,Acceptable,Europe,Spain
ORD-01174,CUST-0102,2023-09-12,Pending,Website,42.32,30,Acceptable,Latin America,Chile
ORD-01175,CUST-0470,2022-09-24,Refunded,Unknown,41.35,10,Acceptable,Asia Pacific,Japan
ORD-01176,CUST-0093,2020-01-30,Refunded,Marketplace,24.74,9,Acceptable,North America,Canada
ORD-01177,CUST-0001,2023-01-25,Cancelled,Phone,25.75,31,Acceptable,Latin America,Argentina
ORD-01178,CUST-0465,2024-11-13,Cancelled,Partner Portal,28.94,4,Acceptable,Asia Pacific,India
ORD-01179,CUST-0473,2021-12-09,Completed,In-Store,28.63,8,Acceptable,Europe,France
ORD-01180,CUST-0306,2021-06-27,Pending,Partner Portal,2.65,21,Acceptable,Europe,Spain
ORD-01181,CUST-0395,2020-01-10,Refunded,Unknown,9.51,22,Acceptable,Middle East,Qatar
ORD-01182,CUST-0254,2023-11-20,Completed,In-Store,42.52,133,Review Recommended,Asia Pacific,Singapore
ORD-01183,CUST-0044,2024-05-21,Pending,Mobile App,13.44,14,Acceptable,Africa,South Africa
ORD-01184,CUST-0022,2020-02-18,Completed,Partner Portal,21.26,14,Acceptable,North America,United States
ORD-01185,CUST-0303,2024-06-29,Cancelled,In-Store,5.60,28,Acceptable,Middle East,Qatar
ORD-01186,CUST-0350,2024-03-11,Completed,Unknown,15.74,17,Acceptable,Africa,Ghana
ORD-01187,CUST-0462,2022-09-01,Completed,In-Store,42.31,6,Acceptable,Middle East,Saudi Arabia
ORD-01188,CUST-0473,2021-02-16,Pending,Phone,29.94,23,Acceptable,Europe,France
ORD-01189,CUST-0472,2022-01-30,Pending,Phone,32.05,18,Acceptable,Europe,Netherlands
ORD-01190,CUST-0426,2021-03-12,Pending,Website,20.04,3,Acceptable,Africa,Ghana
ORD-01191,CUST-0315,2020-01-15,Completed,Marketplace,24.85,25,Acceptable,Africa,Nigeria
ORD-01192,CUST-0292,2022-02-09,Cancelled,Unknown,29.28,20,Acceptable,Europe,France
ORD-01193,CUST-0269,2024-08-21,Completed,Mobile App,27.54,16,Acceptable,Africa,Ghana
ORD-01194,CUST-0470,2020-03-03,Pending,Mobile App,18.94,31,Acceptable,Asia Pacific,Japan
ORD-01195,CUST-0053,2021-12-12,Completed,Phone,35.18,4,Acceptable,Latin America,Argentina
ORD-01196,CUST-0375,2022-03-26,Cancelled,Partner Portal,6.91,7,Acceptable,North America,United States
ORD-01197,CUST-0175,2023-06-23,Cancelled,Marketplace,29.19,5,Acceptable,Africa,Ghana
ORD-01198,CUST-0154,2023-04-15,Pending,Unknown,32.33,13,Acceptable,Africa,Nigeria
ORD-01199,CUST-0244,2023-04-20,Completed,Marketplace,40.46,15,Acceptable,North America,Mexico
ORD-01200,CUST-0386,2024-11-12,Completed,Partner Portal,19.53,2,Acceptable,Latin America,Chile
ORD-01201,CUST-0384,2020-01-26,Cancelled,Marketplace,33.05,15,Acceptable,Middle East,Qatar
ORD-01202,CUST-0065,2022-12-14,Pending,In-Store,41.67,3,Acceptable,Middle East,UAE
ORD-01203,CUST-0231,2024-07-04,Completed,Mobile App,22.01,30,Acceptable,Asia Pacific,India
ORD-01204,CUST-0342,2021-11-14,Completed,Mobile App,40.26,3,Acceptable,Africa,South Africa
ORD-01205,CUST-0315,2022-10-28,Cancelled,Mobile App,44.13,7,Acceptable,Africa,Nigeria
ORD-01206,CUST-0135,2020-06-01,Pending,Mobile App,4.81,14,Acceptable,North America,Mexico
ORD-01207,CUST-0461,2023-10-04,Completed,Website,6.73,24,Acceptable,Middle East,Qatar
ORD-01208,CUST-0304,2022-02-02,Cancelled,Phone,26.40,6,Acceptable,North America,Mexico
ORD-01209,CUST-0462,2024-02-17,Refunded,Website,3.98,8,Acceptable,Middle East,Saudi Arabia
ORD-01210,CUST-0108,2023-11-20,Refunded,Phone,15.67,12,Acceptable,NA Region,United States
ORD-01211,CUST-0281,2022-07-12,Pending,Phone,33.31,18,Acceptable,Latin America,Colombia
ORD-01212,CUST-0099,2022-11-16,Pending,Mobile App,25.71,1,Acceptable,Latin America,Chile
ORD-01213,CUST-0263,2022-12-01,Completed,In-Store,33.92,0,Acceptable,Asia Pacific,Singapore
ORD-01214,CUST-0308,2024-07-08,Completed,Marketplace,5.32,32,Acceptable,Europe,Sweden
ORD-01215,CUST-0189,2024-12-11,Completed,Mobile App,35.09,14,Acceptable,Africa,Nigeria
ORD-01216,CUST-0045,2020-09-07,Refunded,Unknown,9.28,25,Acceptable,Latin America,Colombia
ORD-01217,CUST-0416,2020-09-12,Completed,Unknown,20.94,2,Acceptable,Middle East,Saudi Arabia
ORD-01218,CUST-0359,2023-03-26,Cancelled,Partner Portal,31.66,32,Acceptable,Europe,Netherlands
ORD-01219,CUST-0457,2023-12-06,Completed,In-Store,18.15,141,Review Recommended,North America,Mexico
ORD-01220,CUST-0047,2024-11-30,Cancelled,Unknown,10.38,27,Acceptable,Asia Pacific,India
ORD-01221,CUST-0051,2021-06-04,Completed,Mobile App,21.29,26,Acceptable,Middle East,Qatar
ORD-01222,CUST-0224,2023-12-05,Cancelled,In-Store,23.60,24,Acceptable,Europe,Germany
ORD-01223,CUST-0177,2023-09-27,Refunded,Website,31.91,21,Acceptable,Asia Pacific,India
ORD-01224,CUST-0150,2024-10-09,Completed,Phone,7.88,24,Acceptable,North America,Mexico
ORD-01225,CUST-0445,2022-03-04,Completed,Mobile App,26.38,13,Acceptable,Asia Pacific,India
ORD-01226,CUST-0429,2021-10-02,Completed,Phone,23.99,22,Acceptable,Asia Pacific,India
ORD-01227,CUST-0087,2021-10-18,Completed,Phone,22.18,15,Acceptable,Asia Pacific,Australia
ORD-01228,CUST-0353,2021-06-25,Cancelled,Mobile App,27.81,6,Acceptable,Europe,France
ORD-01229,CUST-0190,2020-08-26,Completed,Marketplace,18.19,0,Acceptable,Africa,South Africa
ORD-01230,CUST-0025,2023-06-26,Completed,In-Store,21.22,23,Acceptable,Europe,Sweden
ORD-01231,CUST-0286,2020-02-17,Completed,Phone,1.24,11,Acceptable,Africa,South Africa
ORD-01232,CUST-0113,2021-12-22,Pending,Website,29.25,12,Acceptable,North America,United States
ORD-01233,CUST-0263,2023-10-03,Completed,Website,8.08,14,Acceptable,Asia Pacific,Singapore
ORD-01234,CUST-0107,2020-01-03,Completed,Partner Portal,7.53,4,Acceptable,Middle East,Saudi Arabia
ORD-01235,CUST-0416,2024-08-13,Completed,Partner Portal,14.33,12,Acceptable,Middle East,Saudi Arabia
ORD-01236,CUST-0372,2021-05-04,Completed,Marketplace,19.29,31,Acceptable,Latin America,Chile
ORD-01237,CUST-0413,2024-05-05,Pending,In-Store,1.50,4,Acceptable,Europe,Germany
ORD-01238,CUST-0024,2021-05-09,Completed,Phone,5.55,11,Acceptable,Africa,Nigeria
ORD-01239,CUST-0411,2022-09-17,Completed,Phone,39.23,30,Acceptable,Asia Pacific,Singapore
ORD-01240,CUST-0394,2021-06-08,Refunded,Partner Portal,16.28,5,Acceptable,Latin America,Argentina
ORD-01241,CUST-0331,2024-06-16,Completed,Phone,25.68,1,Acceptable,Africa,Kenya
ORD-01242,CUST-0320,2024-07-26,Pending,Marketplace,25.92,29,Acceptable,Middle East,UAE
ORD-01243,CUST-0239,2021-10-17,Refunded,Website,36.20,24,Acceptable,Africa,Kenya
ORD-01244,CUST-0320,2024-01-31,Cancelled,Partner Portal,26.80,5,Acceptable,Middle East,UAE
ORD-01245,CUST-0084,2020-05-05,Cancelled,Phone,12.45,34,Acceptable,North America,United States
ORD-01246,CUST-0271,2022-10-22,Refunded,Marketplace,39.90,20,Acceptable,Latin America,Chile
ORD-01247,CUST-0115,2022-01-12,Completed,Marketplace,7.35,2,Acceptable,Middle East,UAE
ORD-01248,CUST-0345,2023-02-07,Pending,In-Store,6.81,35,Acceptable,Latin America,Chile
ORD-01249,CUST-0332,2021-08-01,Completed,Partner Portal,5.74,26,Acceptable,Africa,Nigeria
ORD-01250,CUST-0314,2022-12-08,Completed,Mobile App,41.54,143,Review Recommended,North America,United States
ORD-01251,CUST-0165,2022-03-21,Completed,Website,22.77,7,Acceptable,Europe,Germany
ORD-01252,CUST-0296,2021-06-24,Completed,In-Store,24.83,19,Acceptable,Europe,Germany
ORD-01253,CUST-0232,2024-06-26,Completed,Mobile App,33.53,6,Acceptable,Middle East,Saudi Arabia
ORD-01254,CUST-0132,2024-08-01,Cancelled,Marketplace,33.36,1,Acceptable,Africa,South Africa
ORD-01255,CUST-0145,2022-04-28,Cancelled,In-Store,34.87,9,Acceptable,Europe,Germany
ORD-01256,CUST-0187,2023-10-12,Refunded,In-Store,6.39,35,Acceptable,North America,Canada
ORD-01257,CUST-0400,2022-08-18,Completed,Website,18.82,3,Acceptable,Asia Pacific,Australia
ORD-01258,CUST-0037,2020-01-21,Completed,Marketplace,20.04,26,Acceptable,North America,Mexico
ORD-01259,CUST-0336,2020-07-14,Completed,Phone,41.10,12,Acceptable,Latin America,Chile
ORD-01260,CUST-0025,2023-06-21,Completed,In-Store,28.11,34,Acceptable,Europe,Sweden
ORD-01261,CUST-0372,2022-03-06,Completed,Marketplace,15.40,23,Acceptable,Latin America,Chile
ORD-01262,CUST-0411,2023-01-06,Completed,Website,8.24,27,Acceptable,Asia Pacific,Singapore
ORD-01263,CUST-0278,2020-07-08,Cancelled,Marketplace,4.67,8,Acceptable,North America,United States
ORD-01264,CUST-0058,2022-11-21,Completed,Partner Portal,12.93,24,Acceptable,Asia Pacific,South Korea
ORD-01265,CUST-0085,2023-11-12,Refunded,Phone,27.65,19,Acceptable,Middle East,UAE
ORD-01266,CUST-0295,2021-06-12,Cancelled,Website,40.07,20,Acceptable,Europe,France
ORD-01267,CUST-0049,2022-08-18,Completed,Phone,22.17,117,Review Recommended,Europe,United Kingdom
ORD-01268,CUST-0019,2020-07-05,Completed,Phone,19.14,19,Acceptable,Asia Pacific,India
ORD-01269,CUST-0322,2022-12-19,Completed,Mobile App,12.98,7,Acceptable,Africa,Ghana
ORD-01270,CUST-0390,2023-08-18,Completed,Website,15.85,15,Acceptable,Middle East,Saudi Arabia
ORD-01271,CUST-0331,2024-12-18,Completed,In-Store,14.82,5,Acceptable,Africa,Kenya
ORD-01272,CUST-0006,2022-01-29,Cancelled,Website,43.88,19,Acceptable,Asia Pacific,South Korea
ORD-01273,CUST-0222,2020-01-18,Completed,Marketplace,16.18,18,Acceptable,Asia Pacific,India
ORD-01274,CUST-0020,2022-11-28,Completed,Website,7.92,28,Acceptable,Latin America,Brazil
ORD-01275,CUST-0167,2024-06-21,Completed,Phone,0.54,32,Acceptable,North America,United States
ORD-01276,CUST-0096,2021-10-31,Completed,Partner Portal,16.66,1,Acceptable,Middle East,UAE
ORD-01277,CUST-0161,2024-08-20,Completed,Partner Portal,21.66,3,Acceptable,North America,Mexico
ORD-01278,CUST-0289,2020-01-15,Pending,In-Store,44.26,8,Acceptable,Europe,Netherlands
ORD-01279,CUST-0333,2023-07-27,Pending,In-Store,12.12,12,Acceptable,Asia Pacific,Singapore
ORD-01280,CUST-0113,2024-01-06,Refunded,Website,23.30,33,Acceptable,North America,United States
ORD-01281,CUST-0181,2022-07-07,Completed,Phone,28.58,4,Acceptable,North America,Mexico
ORD-01282,CUST-0022,2023-08-12,Refunded,Partner Portal,12.52,21,Acceptable,North America,United States
ORD-01283,CUST-0366,2021-11-16,Completed,Partner Portal,40.70,5,Acceptable,Europe,Spain
ORD-01284,CUST-0464,2023-08-17,Completed,Unknown,16.17,135,Review Recommended,Europe,Netherlands
ORD-01285,CUST-0381,2022-11-01,Cancelled,Mobile App,18.91,4,Acceptable,Middle East,UAE
ORD-01286,CUST-0300,2021-07-25,Completed,Mobile App,26.91,12,Acceptable,Africa,Nigeria
ORD-01287,CUST-0361,2022-02-13,Cancelled,Mobile App,24.64,21,Acceptable,Latin America,Brazil
ORD-01288,CUST-0012,2021-07-25,Cancelled,Phone,3.93,10,Acceptable,Europe,Netherlands
ORD-01289,CUST-0026,2024-03-03,Refunded,Mobile App,8.79,30,Acceptable,Africa,South Africa
ORD-01290,CUST-0316,2024-09-29,Pending,Unknown,40.62,4,Acceptable,Africa,Kenya
ORD-01291,CUST-0235,2023-06-17,Completed,Website,35.23,19,Acceptable,Middle East,UAE
ORD-01292,CUST-0440,2024-01-26,Refunded,Website,38.19,135,Review Recommended,Asia Pacific,India
ORD-01293,CUST-0137,2022-01-07,Completed,Marketplace,31.78,19,Acceptable,Latin America,Colombia
ORD-01294,CUST-0478,2021-05-26,Completed,Website,34.88,17,Acceptable,North America,Mexico
ORD-01295,CUST-0293,2023-06-08,Refunded,In-Store,33.97,14,Acceptable,Europe,Spain
ORD-01296,CUST-0253,2020-07-07,Completed,In-Store,21.48,8,Acceptable,Africa,Nigeria
ORD-01297,CUST-0045,2024-11-22,Refunded,Mobile App,30.41,23,Acceptable,Latin America,Colombia
ORD-01298,CUST-0138,2020-12-08,Completed,Marketplace,40.78,146,Review Recommended,Middle East,UAE
ORD-01299,CUST-0128,2024-02-19,Completed,Mobile App,36.29,18,Acceptable,North America,United States
ORD-01300,CUST-0133,2020-11-05,Completed,Partner Portal,6.35,130,Review Recommended,Africa,Ghana
ORD-01301,CUST-0139,2023-11-14,Pending,Mobile App,34.61,1,Acceptable,Europe,Netherlands
ORD-01302,CUST-0403,2022-04-17,Cancelled,Partner Portal,1.12,11,Acceptable,Africa,Kenya
ORD-01303,CUST-0179,2023-04-16,Completed,In-Store,13.71,24,Acceptable,Middle East,Qatar
ORD-01304,CUST-0035,2024-11-01,Pending,In-Store,27.00,18,Acceptable,Europe,Spain
ORD-01305,CUST-0101,2021-10-11,Refunded,Mobile App,1.98,21,Acceptable,Middle East,Qatar
ORD-01306,CUST-0180,2024-10-13,Refunded,Partner Portal,28.04,16,Acceptable,North America,Mexico
ORD-01307,CUST-0087,2020-07-18,Refunded,Phone,15.21,26,Acceptable,Asia Pacific,Australia
ORD-01308,CUST-0328,2022-01-11,Completed,Marketplace,31.56,30,Acceptable,Middle East,UAE
ORD-01309,CUST-0262,2020-01-01,Refunded,Mobile App,4.64,28,Acceptable,North America,Canada
ORD-01310,CUST-0167,2020-03-29,Cancelled,Phone,16.26,14,Acceptable,North America,United States
ORD-01311,CUST-0365,2022-07-28,Cancelled,Mobile App,35.35,27,Acceptable,Europe,United Kingdom
ORD-01312,CUST-0336,2024-07-07,Completed,Website,2.83,27,Acceptable,Latin America,Chile
ORD-01313,CUST-0257,2024-03-22,Refunded,Partner Portal,9.64,30,Acceptable,Europe,France
ORD-01314,CUST-0476,2021-04-13,Completed,Website,21.14,3,Acceptable,Africa,Kenya
ORD-01315,CUST-0208,2021-11-24,Completed,Partner Portal,7.89,21,Acceptable,Europe,Germany
ORD-01316,CUST-0153,2023-07-27,Completed,Mobile App,29.78,20,Acceptable,North America,United States
ORD-01317,CUST-0132,2020-05-06,Completed,Phone,7.09,18,Acceptable,Africa,South Africa
ORD-01318,CUST-0475,2021-09-10,Completed,Phone,24.27,35,Acceptable,North America,Mexico
ORD-01319,CUST-0342,2021-06-27,Completed,Website,24.93,9,Acceptable,Africa,South Africa
ORD-01320,CUST-0130,2020-09-12,Pending,Phone,2.64,12,Acceptable,Middle East,UAE
ORD-01321,CUST-0056,2023-12-29,Completed,Partner Portal,7.88,27,Acceptable,Asia Pacific,Singapore
ORD-01322,CUST-0417,2022-12-30,Completed,Unknown,35.97,26,Acceptable,Middle East,UAE
ORD-01323,CUST-0445,2024-10-26,Pending,In-Store,11.18,26,Acceptable,Asia Pacific,India
ORD-01324,CUST-0056,2022-08-20,Completed,Phone,36.76,13,Acceptable,Asia Pacific,Singapore
ORD-01325,CUST-0225,2023-01-06,Completed,Unknown,32.17,28,Acceptable,North America,Canada
ORD-01326,CUST-0105,2023-11-25,Cancelled,Unknown,8.38,6,Acceptable,North America,Canada
ORD-01327,CUST-0307,2021-08-20,Completed,Phone,11.84,10,Acceptable,North America,Canada
ORD-01328,CUST-0031,2022-11-03,Pending,In-Store,25.51,32,Acceptable,North America,Mexico
ORD-01329,CUST-0219,2022-10-13,Completed,Mobile App,26.73,1,Acceptable,Asia Pacific,Australia
ORD-01330,CUST-0129,2024-02-29,Completed,In-Store,2.25,12,Acceptable,North America,Mexico
ORD-01331,CUST-0147,2020-04-16,Completed,Website,22.27,122,Review Recommended,Latin America,Brazil
ORD-01332,CUST-0047,2023-04-17,Completed,Website,17.73,23,Acceptable,Asia Pacific,India
ORD-01333,CUST-0443,2020-02-04,Completed,Partner Portal,40.25,25,Acceptable,Asia Pacific,Australia
ORD-01334,CUST-0060,2022-12-16,Pending,Marketplace,26.86,19,Acceptable,Latin America,Chile
ORD-01335,CUST-0290,2023-06-03,Completed,Partner Portal,27.60,1,Acceptable,Europe,Netherlands
ORD-01336,CUST-0327,2021-11-27,Pending,Marketplace,22.52,17,Acceptable,Middle East,Saudi Arabia
ORD-01337,CUST-0391,2020-09-03,Completed,In-Store,23.83,6,Acceptable,Asia Pacific,South Korea
ORD-01338,CUST-0465,2020-01-16,Completed,Mobile App,24.98,20,Acceptable,Asia Pacific,India
ORD-01339,CUST-0255,2023-11-25,Pending,Website,24.37,11,Acceptable,Africa,Nigeria
ORD-01340,CUST-0435,2023-11-07,Cancelled,Mobile App,22.06,28,Acceptable,Asia Pacific,India
ORD-01341,CUST-0293,2024-09-29,Refunded,Mobile App,19.31,14,Acceptable,Europe,Spain
ORD-01342,CUST-0091,2023-10-02,Completed,Phone,0.35,15,Acceptable,Africa,Ghana
ORD-01343,CUST-0306,2024-11-20,Refunded,Unknown,13.98,33,Acceptable,Europe,Spain
ORD-01344,CUST-0093,2021-01-11,Completed,Website,30.80,14,Acceptable,North America,Canada
ORD-01345,CUST-0467,2024-08-25,Completed,Partner Portal,11.87,35,Acceptable,Middle East,Qatar
ORD-01346,CUST-0008,2023-11-17,Completed,Marketplace,15.98,147,Review Recommended,Latin America,Chile
ORD-01347,CUST-0387,2023-06-22,Pending,Website,39.69,6,Acceptable,Middle East,Qatar
ORD-01348,CUST-0476,2022-02-08,Refunded,In-Store,22.27,34,Acceptable,Africa,Kenya
ORD-01349,CUST-0194,2024-06-06,Pending,Partner Portal,22.26,18,Acceptable,Asia Pacific,Australia
ORD-01350,CUST-0079,2021-05-04,Cancelled,Mobile App,4.23,24,Acceptable,Africa,South Africa
ORD-01351,CUST-0431,2022-03-02,Pending,Mobile App,35.57,25,Acceptable,Asia Pacific,Singapore
ORD-01352,CUST-0341,2024-08-08,Completed,Mobile App,10.45,27,Acceptable,Middle East,UAE
ORD-01353,CUST-0043,2021-03-04,Completed,Phone,44.63,31,Acceptable,Middle East,UAE
ORD-01354,CUST-0436,2024-08-14,Completed,Website,31.62,21,Acceptable,Middle East,Qatar
ORD-01355,CUST-0443,2021-07-19,Completed,Phone,17.26,24,Acceptable,Asia Pacific,Australia
ORD-01356,CUST-0428,2024-08-03,Pending,Mobile App,4.51,30,Acceptable,Africa,Kenya
ORD-01357,CUST-0175,2024-04-21,Refunded,Website,1.22,3,Acceptable,Africa,Ghana
ORD-01358,CUST-0314,2023-05-18,Cancelled,Phone,41.77,22,Acceptable,North America,United States
ORD-01359,CUST-0325,2024-04-26,Refunded,Phone,13.02,24,Acceptable,Latin America,Chile
ORD-01360,CUST-0134,2023-05-27,Refunded,Phone,42.88,7,Acceptable,North America,United States
ORD-01361,CUST-0015,2022-12-15,Refunded,Partner Portal,40.60,27,Acceptable,Africa,Nigeria
ORD-01362,CUST-0157,2023-03-28,Refunded,Partner Portal,41.71,24,Acceptable,Latin America,Chile
ORD-01363,CUST-0391,2023-09-11,Refunded,In-Store,19.06,16,Acceptable,Asia Pacific,South Korea
ORD-01364,CUST-0099,2024-08-15,Completed,Unknown,23.21,8,Acceptable,Latin America,Chile
ORD-01365,CUST-0176,2022-09-17,Refunded,In-Store,36.98,13,Acceptable,Europe,Spain
ORD-01366,CUST-0368,2020-11-08,Refunded,Marketplace,31.57,31,Acceptable,Africa,Nigeria
ORD-01367,CUST-0155,2023-09-29,Pending,In-Store,40.64,34,Acceptable,North America,Mexico
ORD-01368,CUST-0046,2020-12-15,Completed,Partner Portal,34.80,4,Acceptable,Asia Pacific,Japan
ORD-01369,CUST-0359,2021-01-12,Refunded,Marketplace,20.56,5,Acceptable,Europe,Netherlands
ORD-01370,CUST-0165,2023-03-09,Cancelled,Mobile App,3.39,31,Acceptable,Europe,Germany
ORD-01371,CUST-0078,2022-04-29,Cancelled,In-Store,30.29,20,Acceptable,Europe,United Kingdom
ORD-01372,CUST-0137,2021-11-28,Completed,In-Store,16.91,11,Acceptable,Latin America,Colombia
ORD-01373,CUST-0015,2021-08-07,Refunded,Website,4.24,27,Acceptable,Africa,Nigeria
ORD-01374,CUST-0373,2023-03-26,Completed,Phone,38.74,4,Acceptable,Europe,France
ORD-01375,CUST-0364,2022-05-31,Completed,Phone,38.17,33,Acceptable,Africa,Nigeria
ORD-01376,CUST-0196,2024-11-18,Refunded,Mobile App,28.89,25,Acceptable,Africa,Ghana
ORD-01377,CUST-0150,2022-07-23,Refunded,In-Store,43.78,19,Acceptable,North America,Mexico
ORD-01378,CUST-0300,2021-08-27,Refunded,Phone,3.15,16,Acceptable,Africa,Nigeria
ORD-01379,CUST-0194,2020-08-09,Completed,In-Store,14.19,2,Acceptable,Asia Pacific,Australia
ORD-01380,CUST-0218,2021-10-01,Completed,Marketplace,2.79,33,Acceptable,Africa,South Africa
ORD-01381,CUST-0413,2024-10-25,Completed,In-Store,3.50,10,Acceptable,Europe,Germany
ORD-01382,CUST-0225,2020-08-14,Cancelled,Website,32.26,10,Acceptable,North America,Canada
ORD-01383,CUST-0190,2022-03-27,Refunded,Website,7.40,32,Acceptable,Africa,South Africa
ORD-01384,CUST-0110,2021-07-03,Pending,Marketplace,19.73,33,Acceptable,Middle East,Saudi Arabia
ORD-01385,CUST-0453,2022-04-02,Completed,Mobile App,39.61,28,Acceptable,Latin America,Argentina
ORD-01386,CUST-0164,2022-04-02,Refunded,Unknown,6.73,35,Acceptable,North America,Mexico
ORD-01387,CUST-0070,2022-07-13,Pending,Phone,25.90,14,Acceptable,Middle East,Qatar
ORD-01388,CUST-0383,2021-11-23,Completed,Website,7.36,18,Acceptable,Africa,Ghana
ORD-01389,CUST-0460,2021-08-03,Cancelled,Partner Portal,0.59,18,Acceptable,Europe,Netherlands
ORD-01390,CUST-0068,2022-04-25,Completed,Mobile App,32.42,29,Acceptable,Europe,Sweden
ORD-01391,CUST-0128,2022-11-13,Completed,Website,19.89,15,Acceptable,North America,United States
ORD-01392,CUST-0111,2021-11-28,Pending,Partner Portal,44.96,17,Acceptable,Latin America,Colombia
ORD-01393,CUST-0080,2023-10-05,Cancelled,Partner Portal,41.73,24,Acceptable,Europe,United Kingdom
ORD-01394,CUST-0402,2021-02-21,Cancelled,Unknown,16.63,29,Acceptable,Africa,Nigeria
ORD-01395,CUST-0261,2022-10-03,Refunded,Partner Portal,8.75,5,Acceptable,Africa,Ghana
ORD-01396,CUST-0004,2023-02-17,Pending,Mobile App,17.15,2,Acceptable,Latin America,Colombia
ORD-01397,CUST-0125,2020-09-18,Refunded,Mobile App,24.36,7,Acceptable,Africa,Ghana
ORD-01398,CUST-0349,2022-03-04,Completed,Marketplace,0.34,17,Acceptable,Asia Pacific,South Korea
ORD-01399,CUST-0445,2020-01-25,Cancelled,Phone,7.25,25,Acceptable,Asia Pacific,India
ORD-01400,CUST-0471,2020-08-06,Completed,Phone,17.27,8,Acceptable,Latin America,Brazil
ORD-01401,CUST-0167,2022-07-09,Completed,In-Store,13.69,28,Acceptable,North America,United States
ORD-01402,CUST-0127,2021-11-25,Pending,Marketplace,36.60,8,Acceptable,North America,United States
ORD-01403,CUST-0436,2021-09-08,Completed,Mobile App,13.35,35,Acceptable,Middle East,Qatar
ORD-01404,CUST-0379,2023-03-08,Cancelled,In-Store,35.61,33,Acceptable,Europe,United Kingdom
ORD-01405,CUST-0125,2020-03-26,Cancelled,Phone,44.26,14,Acceptable,Africa,Ghana
ORD-01406,CUST-0193,2022-01-19,Completed,In-Store,27.68,32,Acceptable,North America,Canada
ORD-01407,CUST-0362,2020-05-27,Cancelled,Website,5.56,6,Acceptable,Asia Pacific,India
ORD-01408,CUST-0168,2021-12-02,Completed,Marketplace,17.03,16,Acceptable,North America,Canada
ORD-01409,CUST-0067,2022-07-07,Completed,Phone,21.04,27,Acceptable,Africa,Ghana
ORD-01410,CUST-0001,2023-03-30,Refunded,Marketplace,35.95,21,Acceptable,Latin America,Argentina
ORD-01411,CUST-0001,2023-05-03,Cancelled,Partner Portal,16.26,26,Acceptable,Latin America,Argentina
ORD-01412,CUST-0119,2024-09-13,Cancelled,Website,42.20,16,Acceptable,North America,Canada
ORD-01413,CUST-0058,2020-03-19,Refunded,In-Store,23.41,7,Acceptable,Asia Pacific,South Korea
ORD-01414,CUST-0298,2023-06-26,Cancelled,In-Store,39.53,6,Acceptable,Africa,South Africa
ORD-01415,CUST-0113,2024-11-06,Refunded,In-Store,30.24,11,Acceptable,North America,United States
ORD-01416,CUST-0297,2024-04-08,Completed,Phone,14.42,25,Acceptable,Middle East,Qatar
ORD-01417,CUST-0360,2022-07-21,Completed,Mobile App,43.03,3,Acceptable,Europe,Netherlands
ORD-01418,CUST-0249,2021-06-22,Refunded,In-Store,26.82,4,Acceptable,Africa,Kenya
ORD-01419,CUST-0029,2020-03-24,Pending,Phone,16.96,23,Acceptable,Middle East,Saudi Arabia
ORD-01420,CUST-0115,2023-08-15,Completed,Partner Portal,36.94,33,Acceptable,Middle East,UAE
ORD-01421,CUST-0372,2021-02-18,Cancelled,Mobile App,30.27,15,Acceptable,Latin America,Chile
ORD-01422,CUST-0373,2021-12-16,Pending,Phone,20.55,9,Acceptable,Europe,France
ORD-01423,CUST-0181,2020-03-02,Completed,Mobile App,27.15,8,Acceptable,North America,Mexico
ORD-01424,CUST-0339,2024-08-10,Pending,Marketplace,0.48,35,Acceptable,Africa,South Africa
ORD-01425,CUST-0277,2024-07-08,Completed,Phone,35.02,111,Review Recommended,Middle East,Saudi Arabia
ORD-01426,CUST-0313,2024-05-08,Refunded,In-Store,21.40,24,Acceptable,Africa,Kenya
ORD-01427,CUST-0268,2023-09-21,Completed,In-Store,13.84,7,Acceptable,Europe,France
ORD-01428,CUST-0382,2020-09-21,Pending,In-Store,36.99,6,Acceptable,Latin America,Brazil
ORD-01429,CUST-0138,2021-01-06,Completed,Mobile App,31.11,11,Acceptable,Middle East,UAE
ORD-01430,CUST-0225,2022-11-23,Completed,Website,25.85,2,Acceptable,North America,Canada
ORD-01431,CUST-0015,2023-03-09,Completed,Website,34.43,4,Acceptable,Africa,Nigeria
ORD-01432,CUST-0159,2020-10-18,Refunded,Website,34.18,11,Acceptable,North America,Mexico
ORD-01433,CUST-0414,2020-07-12,Pending,Mobile App,8.98,9,Acceptable,North America,Canada
ORD-01434,CUST-0045,2024-06-22,Pending,Phone,41.92,10,Acceptable,Latin America,Colombia
ORD-01435,CUST-0465,2021-11-20,Completed,Partner Portal,13.88,3,Acceptable,Asia Pacific,India
ORD-01436,CUST-0399,2024-09-21,Completed,In-Store,34.53,32,Acceptable,Latin America,Chile
ORD-01437,CUST-0445,2020-01-31,Completed,Mobile App,13.33,28,Acceptable,Asia Pacific,India
ORD-01438,CUST-0249,2024-11-24,Completed,Marketplace,12.56,0,Acceptable,Africa,Kenya
ORD-01439,CUST-0074,2023-01-20,Completed,Marketplace,35.38,17,Acceptable,Africa,Nigeria
ORD-01440,CUST-0108,2024-07-24,Completed,Website,2.41,0,Acceptable,NA Region,United States
ORD-01441,CUST-0352,2023-10-14,Completed,Phone,39.10,13,Acceptable,Europe,France
ORD-01442,CUST-0267,2022-02-02,Cancelled,Website,27.97,18,Acceptable,Europe,Netherlands
ORD-01443,CUST-0289,2020-10-06,Completed,Marketplace,26.07,0,Acceptable,Europe,Netherlands
ORD-01444,CUST-0169,2021-03-19,Refunded,In-Store,15.16,28,Acceptable,Asia Pacific,South Korea
ORD-01445,CUST-0398,2020-08-12,Cancelled,Partner Portal,35.95,8,Acceptable,Latin America,Brazil
ORD-01446,CUST-0372,2020-09-05,Refunded,Phone,31.52,12,Acceptable,Latin America,Chile
ORD-01447,CUST-0401,2024-04-17,Completed,Partner Portal,42.11,20,Acceptable,Middle East,Qatar
ORD-01448,CUST-0437,2021-04-16,Completed,Mobile App,43.56,12,Acceptable,North America,Canada
ORD-01449,CUST-0008,2021-04-15,Pending,Mobile App,25.99,28,Acceptable,Latin America,Chile
ORD-01450,CUST-0004,2022-05-26,Completed,Partner Portal,15.10,5,Acceptable,Latin America,Colombia
ORD-01451,CUST-0165,2020-06-09,Completed,Partner Portal,42.63,13,Acceptable,Europe,Germany
ORD-01452,CUST-0478,2020-08-06,Pending,In-Store,37.16,6,Acceptable,North America,Mexico
ORD-01453,CUST-0136,2021-12-05,Refunded,Marketplace,34.91,26,Acceptable,Europe,Sweden
ORD-01454,CUST-0256,2021-01-23,Completed,Phone,23.91,15,Acceptable,Europe,Netherlands
ORD-01455,CUST-0293,2023-11-29,Completed,Marketplace,14.86,24,Acceptable,Europe,Spain
ORD-01456,CUST-0372,2020-09-19,Pending,In-Store,39.88,18,Acceptable,Latin America,Chile
ORD-01457,CUST-0044,2021-08-24,Refunded,Marketplace,3.98,18,Acceptable,Africa,South Africa
ORD-01458,CUST-0051,2021-06-12,Refunded,In-Store,42.84,31,Acceptable,Middle East,Qatar
ORD-01459,CUST-0318,2024-12-04,Completed,In-Store,12.88,1,Acceptable,Asia Pacific,South Korea
ORD-01460,CUST-0074,2021-06-29,Cancelled,Phone,3.79,32,Acceptable,Africa,Nigeria
ORD-01461,CUST-0087,2023-06-04,Completed,Partner Portal,14.80,15,Acceptable,Asia Pacific,Australia
ORD-01462,CUST-0239,2021-09-13,Refunded,Phone,24.11,25,Acceptable,Africa,Kenya
ORD-01463,CUST-0440,2021-01-07,Pending,Mobile App,16.27,16,Acceptable,Asia Pacific,India
ORD-01464,CUST-0053,2020-05-03,Pending,In-Store,19.89,35,Acceptable,Latin America,Argentina
ORD-01465,CUST-0331,2023-07-26,Pending,In-Store,25.46,7,Acceptable,Africa,Kenya
ORD-01466,CUST-0001,2022-06-28,Completed,Phone,44.30,27,Acceptable,Latin America,Argentina
ORD-01467,CUST-0077,2020-04-08,Pending,Unknown,44.84,148,Review Recommended,Asia Pacific,Australia
ORD-01468,CUST-0241,2022-12-08,Refunded,Marketplace,29.08,7,Acceptable,Europe,Germany
ORD-01469,CUST-0214,2022-06-04,Cancelled,Partner Portal,32.73,7,Acceptable,Middle East,UAE
ORD-01470,CUST-0092,2020-10-19,Refunded,Phone,10.03,20,Acceptable,Latin America,Brazil
ORD-01471,CUST-0340,2020-12-29,Completed,Marketplace,22.93,20,Acceptable,Africa,Ghana
ORD-01472,CUST-0375,2024-06-02,Completed,Partner Portal,42.12,26,Acceptable,North America,United States
ORD-01473,CUST-0435,2021-11-02,Completed,Website,15.46,16,Acceptable,Asia Pacific,India
ORD-01474,CUST-0134,2023-02-24,Pending,Website,16.46,0,Acceptable,North America,United States
ORD-01475,CUST-0370,2024-02-11,Pending,Marketplace,39.46,22,Acceptable,North America,United States
ORD-01476,CUST-0377,2022-02-25,Completed,Website,7.36,34,Acceptable,Middle East,Qatar
ORD-01477,CUST-0383,2020-08-11,Cancelled,In-Store,2.41,8,Acceptable,Africa,Ghana
ORD-01478,CUST-0172,2024-03-11,Refunded,Partner Portal,19.74,7,Acceptable,Latin America,Argentina
ORD-01479,CUST-0244,2020-11-09,Cancelled,Unknown,27.16,5,Acceptable,North America,Mexico
ORD-01480,CUST-0066,2020-08-18,Completed,Partner Portal,21.95,34,Acceptable,Asia Pacific,South Korea
ORD-01481,CUST-0194,2021-04-25,Completed,Mobile App,22.72,7,Acceptable,Asia Pacific,Australia
ORD-01482,CUST-0445,2023-11-14,Completed,Mobile App,29.66,125,Review Recommended,Asia Pacific,India
ORD-01483,CUST-0052,2024-03-16,Cancelled,In-Store,4.94,23,Acceptable,North America,Canada
ORD-01484,CUST-0002,2023-03-04,Completed,Phone,10.87,21,Acceptable,Middle East,Qatar
ORD-01485,CUST-0463,2023-04-04,Cancelled,Partner Portal,12.76,25,Acceptable,Africa,South Africa
ORD-01486,CUST-0021,2023-01-13,Completed,Phone,7.96,22,Acceptable,Asia Pacific,Australia
ORD-01487,CUST-0386,2022-09-16,Completed,Partner Portal,2.71,8,Acceptable,Latin America,Chile
ORD-01488,CUST-0230,2021-01-27,Refunded,In-Store,40.96,30,Acceptable,Latin America,Colombia
ORD-01489,CUST-0473,2022-05-13,Pending,Partner Portal,34.75,34,Acceptable,Europe,France
ORD-01490,CUST-0431,2023-04-06,Completed,Partner Portal,31.06,6,Acceptable,Asia Pacific,Singapore
ORD-01491,CUST-0300,2020-06-29,Completed,Website,24.28,12,Acceptable,Africa,Nigeria
ORD-01492,CUST-0242,2023-01-22,Completed,Phone,39.66,13,Acceptable,Asia Pacific,India
ORD-01493,CUST-0091,2022-09-20,Refunded,Website,42.99,28,Acceptable,Africa,Ghana
ORD-01494,CUST-0003,2021-05-22,Completed,In-Store,2.61,17,Acceptable,Latin America,Colombia
ORD-01495,CUST-0343,2020-03-21,Completed,Unknown,23.51,2,Acceptable,Europe,France
ORD-01496,CUST-0209,2023-09-21,Refunded,Unknown,19.88,23,Acceptable,Europe,France
ORD-01497,CUST-0217,2023-06-15,Completed,Website,0.71,15,Acceptable,Middle East,UAE
ORD-01498,CUST-0200,2023-09-17,Cancelled,Phone,18.47,28,Acceptable,North America,United States
ORD-01499,CUST-0310,2021-04-10,Completed,In-Store,19.43,4,Acceptable,Latin America,Chile
ORD-01500,CUST-0444,2021-02-26,Completed,Phone,0.39,26,Acceptable,Asia Pacific,Singapore
ORD-01501,CUST-0034,2024-05-08,Completed,Website,7.50,24,Acceptable,Middle East,UAE
ORD-01502,CUST-0279,2020-12-25,Cancelled,In-Store,7.60,27,Acceptable,Latin America,Chile
ORD-01503,CUST-0268,2020-09-19,Refunded,In-Store,7.54,15,Acceptable,Europe,France
ORD-01504,CUST-0293,2022-11-22,Completed,Partner Portal,33.10,5,Acceptable,Europe,Spain
ORD-01505,CUST-0123,2020-02-13,Completed,In-Store,27.76,33,Acceptable,Asia Pacific,Singapore
ORD-01506,CUST-0395,2023-02-07,Cancelled,In-Store,28.87,7,Acceptable,Middle East,Qatar
ORD-01507,CUST-0480,2021-10-03,Completed,Phone,41.10,5,Acceptable,North America,Canada
ORD-01508,CUST-0286,2024-07-29,Refunded,In-Store,39.18,5,Acceptable,Africa,South Africa
ORD-01509,CUST-0125,2023-03-03,Refunded,In-Store,15.31,7,Acceptable,Africa,Ghana
ORD-01510,CUST-0426,2023-12-25,Cancelled,Phone,9.84,22,Acceptable,Africa,Ghana
ORD-01511,CUST-0384,2023-04-14,Completed,Mobile App,23.79,34,Acceptable,Middle East,Qatar
ORD-01512,CUST-0452,2020-06-30,Completed,Phone,38.72,18,Acceptable,Latin America,Brazil
ORD-01513,CUST-0115,2022-12-17,Refunded,Marketplace,23.43,16,Acceptable,Middle East,UAE
ORD-01514,CUST-0458,2023-10-08,Completed,Mobile App,29.15,27,Acceptable,Africa,Kenya
ORD-01515,CUST-0040,2022-01-14,Cancelled,Website,25.09,1,Acceptable,Asia Pacific,Singapore
ORD-01516,CUST-0329,2021-02-08,Cancelled,In-Store,33.47,3,Acceptable,Latin America,Colombia
ORD-01517,CUST-0153,2024-11-18,Pending,Phone,0.23,10,Acceptable,North America,United States
ORD-01518,CUST-0330,2021-06-27,Completed,Website,40.47,21,Acceptable,North America,United States
ORD-01519,CUST-0348,2021-02-15,Completed,Partner Portal,44.90,8,Acceptable,Middle East,UAE
ORD-01520,CUST-0034,2020-07-31,Completed,Website,21.80,20,Acceptable,Middle East,UAE
ORD-01521,CUST-0013,2023-04-29,Refunded,Marketplace,31.46,1,Acceptable,Latin America,Brazil
ORD-01522,CUST-0182,2021-04-19,Completed,Website,29.15,7,Acceptable,Latin America,Colombia
ORD-01523,CUST-0050,2021-11-08,Completed,In-Store,16.06,10,Acceptable,Latin America,Chile
ORD-01524,CUST-0167,2022-09-10,Completed,In-Store,34.51,13,Acceptable,NA Region,United States
ORD-01525,CUST-0181,2023-04-14,Pending,Phone,16.23,2,Acceptable,NA Region,Mexico
ORD-01526,CUST-0126,2023-11-13,Refunded,In-Store,11.76,1,Acceptable,Latin America,Argentina
ORD-01527,CUST-0075,2021-09-24,Pending,Unknown,41.52,4,Acceptable,Africa,South Africa
ORD-01528,CUST-0278,2020-02-22,Pending,Unknown,15.39,31,Acceptable,North America,United States
ORD-01529,CUST-0238,2021-08-01,Cancelled,Phone,8.89,11,Acceptable,Latin America,Argentina
ORD-01530,CUST-0068,2023-04-02,Cancelled,In-Store,12.46,34,Acceptable,Europe,Sweden
ORD-01531,CUST-0461,2023-11-02,Completed,Mobile App,8.49,15,Acceptable,Middle East,Qatar
ORD-01532,CUST-0382,2020-06-04,Completed,In-Store,12.98,5,Acceptable,Latin America,Brazil
ORD-01533,CUST-0358,2024-02-14,Cancelled,In-Store,3.42,149,Review Recommended,Asia Pacific,India
ORD-01534,CUST-0112,2023-12-29,Pending,Website,2.07,28,Acceptable,Africa,Kenya
ORD-01535,CUST-0335,2023-09-27,Pending,Mobile App,6.44,9,Acceptable,Europe,Germany
ORD-01536,CUST-0095,2024-06-20,Refunded,In-Store,3.16,4,Acceptable,Africa,Ghana
ORD-01537,CUST-0007,2020-08-09,Pending,Unknown,27.31,32,Acceptable,Middle East,Saudi Arabia
ORD-01538,CUST-0213,2022-04-04,Cancelled,Partner Portal,33.76,16,Acceptable,Middle East,Qatar
ORD-01539,CUST-0347,2023-12-19,Completed,In-Store,28.83,18,Acceptable,North America,Mexico
ORD-01540,CUST-0433,2024-10-11,Completed,Phone,34.48,19,Acceptable,Latin America,Argentina
ORD-01541,CUST-0118,2022-03-17,Completed,Marketplace,22.45,2,Acceptable,Latin America,Brazil
ORD-01542,CUST-0249,2021-10-12,Completed,Phone,21.62,8,Acceptable,Africa,Kenya
ORD-01543,CUST-0300,2020-02-23,Cancelled,Marketplace,38.01,26,Acceptable,Africa,Nigeria
ORD-01544,CUST-0176,2024-11-06,Cancelled,Mobile App,3.29,19,Acceptable,Europe,Spain
ORD-01545,CUST-0092,2024-08-06,Cancelled,In-Store,42.34,5,Acceptable,Latin America,Brazil
ORD-01546,CUST-0169,2020-06-11,Refunded,Unknown,27.86,17,Acceptable,Asia Pacific,South Korea
ORD-01547,CUST-0464,2020-10-11,Completed,Phone,6.67,28,Acceptable,Europe,Netherlands
ORD-01548,CUST-0021,2021-06-05,Completed,Marketplace,39.90,117,Review Recommended,Asia Pacific,Australia
ORD-01549,CUST-0152,2024-10-29,Completed,In-Store,25.66,34,Acceptable,Middle East,Saudi Arabia
ORD-01550,CUST-0084,2023-04-20,Completed,In-Store,35.54,34,Acceptable,North America,United States
ORD-01551,CUST-0132,2022-08-29,Refunded,Phone,41.61,18,Acceptable,Africa,South Africa
ORD-01552,CUST-0074,2024-02-08,Completed,Marketplace,27.45,18,Acceptable,Africa,Nigeria
ORD-01553,CUST-0421,2024-07-25,Refunded,Partner Portal,37.39,7,Acceptable,North America,Canada
ORD-01554,CUST-0292,2020-06-26,Completed,Mobile App,40.26,31,Acceptable,Europe,France
ORD-01555,CUST-0459,2021-03-19,Completed,Mobile App,5.13,28,Acceptable,Europe,Spain
ORD-01556,CUST-0240,2024-09-29,Completed,In-Store,0.67,5,Acceptable,Europe,United Kingdom
ORD-01557,CUST-0371,2020-03-25,Completed,Unknown,20.70,34,Acceptable,North America,United States
ORD-01558,CUST-0435,2024-05-14,Pending,Marketplace,2.23,7,Acceptable,Asia Pacific,India
ORD-01559,CUST-0071,2021-09-29,Completed,Marketplace,22.26,2,Acceptable,Latin America,Argentina
ORD-01560,CUST-0306,2021-09-12,Pending,Mobile App,11.65,14,Acceptable,Europe,Spain
ORD-01561,CUST-0049,2021-03-30,Cancelled,Website,23.10,7,Acceptable,Europe,United Kingdom
ORD-01562,CUST-0068,2020-12-28,Pending,Marketplace,33.79,8,Acceptable,Europe,Sweden
ORD-01563,CUST-0456,2022-08-17,Pending,In-Store,13.52,6,Acceptable,Europe,Sweden
ORD-01564,CUST-0054,2023-03-04,Pending,Mobile App,26.64,5,Acceptable,Africa,Ghana
ORD-01565,CUST-0179,2022-11-30,Completed,In-Store,43.37,20,Acceptable,Middle East,Qatar
ORD-01566,CUST-0145,2023-07-27,Refunded,In-Store,37.26,21,Acceptable,Europe,Germany
ORD-01567,CUST-0457,2021-09-12,Refunded,Phone,22.15,18,Acceptable,North America,Mexico
ORD-01568,CUST-0356,2020-02-29,Cancelled,Website,1.59,32,Acceptable,Europe,Sweden
ORD-01569,CUST-0090,2024-02-02,Refunded,Mobile App,0.22,12,Acceptable,Asia Pacific,India
ORD-01570,CUST-0076,2020-11-03,Completed,Mobile App,25.46,6,Acceptable,Africa,Ghana
ORD-01571,CUST-0192,2021-03-20,Completed,Partner Portal,28.45,4,Acceptable,Latin America,Argentina
ORD-01572,CUST-0194,2023-11-10,Completed,Unknown,36.80,25,Acceptable,Asia Pacific,Australia
ORD-01573,CUST-0033,2020-12-19,Refunded,Mobile App,19.76,12,Acceptable,Middle East,Qatar
ORD-01574,CUST-0244,2021-03-12,Completed,Marketplace,16.68,28,Acceptable,North America,Mexico
ORD-01575,CUST-0132,2020-05-16,Completed,Phone,22.93,3,Acceptable,Africa,South Africa
ORD-01576,CUST-0309,2022-05-07,Cancelled,Mobile App,12.63,28,Acceptable,Africa,South Africa
ORD-01577,CUST-0248,2021-11-29,Completed,Marketplace,30.46,30,Acceptable,Europe,Netherlands
ORD-01578,CUST-0213,2024-01-27,Cancelled,Phone,9.63,35,Acceptable,Middle East,Qatar
ORD-01579,CUST-0117,2021-11-28,Pending,In-Store,14.18,10,Acceptable,Europe,Germany
ORD-01580,CUST-0375,2023-10-09,Completed,Phone,40.37,25,Acceptable,North America,United States
ORD-01581,CUST-0388,2023-07-28,Completed,Phone,11.33,10,Acceptable,Asia Pacific,South Korea
ORD-01582,CUST-0208,2024-05-16,Completed,Website,39.45,17,Acceptable,Europe,Germany
ORD-01583,CUST-0111,2021-03-15,Completed,Website,17.28,12,Acceptable,Latin America,Colombia
ORD-01584,CUST-0168,2024-05-20,Completed,Phone,7.48,23,Acceptable,North America,Canada
ORD-01585,CUST-0378,2021-03-30,Refunded,Partner Portal,7.55,32,Acceptable,Middle East,Saudi Arabia
ORD-01586,CUST-0146,2024-08-14,Completed,Phone,39.38,19,Acceptable,Africa,Kenya
ORD-01587,CUST-0089,2020-02-21,Completed,Mobile App,4.40,11,Acceptable,Europe,Sweden
ORD-01588,CUST-0433,2020-10-28,Completed,In-Store,39.29,9,Acceptable,Latin America,Argentina
ORD-01589,CUST-0188,2024-08-16,Completed,In-Store,19.02,1,Acceptable,Africa,South Africa
ORD-01590,CUST-0081,2022-05-06,Cancelled,Website,3.05,22,Acceptable,North America,Mexico
ORD-01591,CUST-0134,2024-05-25,Completed,In-Store,14.73,4,Acceptable,North America,United States
ORD-01592,CUST-0279,2021-04-27,Completed,Phone,28.27,19,Acceptable,Latin America,Chile
ORD-01593,CUST-0444,2024-06-04,Completed,Website,40.54,3,Acceptable,Asia Pacific,Singapore
ORD-01594,CUST-0424,2021-08-14,Pending,Marketplace,0.18,15,Acceptable,Latin America,Chile
ORD-01595,CUST-0453,2021-11-12,Completed,Website,27.51,12,Acceptable,Latin America,Argentina
ORD-01596,CUST-0192,2022-11-28,Completed,Mobile App,22.03,13,Acceptable,Latin America,Argentina
ORD-01597,CUST-0030,2024-04-14,Refunded,In-Store,4.24,0,Acceptable,Asia Pacific,India
ORD-01598,CUST-0066,2023-03-08,Completed,Partner Portal,3.84,24,Acceptable,Asia Pacific,South Korea
ORD-01599,CUST-0174,2021-04-12,Completed,In-Store,12.56,32,Acceptable,Europe,Spain
ORD-01600,CUST-0077,2021-04-23,Cancelled,Phone,26.73,9,Acceptable,Asia Pacific,Australia
ORD-01601,CUST-0135,2023-12-03,Refunded,Mobile App,0.60,13,Acceptable,North America,Mexico
ORD-01602,CUST-0374,2022-10-23,Completed,Website,4.45,5,Acceptable,Europe,France
ORD-01603,CUST-0369,2024-07-31,Completed,In-Store,9.98,21,Acceptable,Middle East,Qatar
ORD-01604,CUST-0035,2022-07-22,Cancelled,Mobile App,11.14,32,Acceptable,Europe,Spain
ORD-01605,CUST-0413,2021-04-13,Completed,Partner Portal,28.98,28,Acceptable,Europe,Germany
ORD-01606,CUST-0162,2024-06-24,Refunded,Marketplace,18.80,23,Acceptable,Middle East,Qatar
ORD-01607,CUST-0459,2022-01-01,Completed,Mobile App,29.62,17,Acceptable,Europe,Spain
ORD-01608,CUST-0439,2020-01-15,Refunded,Marketplace,37.17,34,Acceptable,Europe,United Kingdom
ORD-01609,CUST-0120,2022-04-03,Completed,In-Store,10.16,30,Acceptable,Middle East,Saudi Arabia
ORD-01610,CUST-0395,2021-06-16,Refunded,In-Store,11.59,25,Acceptable,Middle East,Qatar
ORD-01611,CUST-0069,2023-04-23,Cancelled,In-Store,34.24,22,Acceptable,Latin America,Argentina
ORD-01612,CUST-0425,2022-08-21,Cancelled,Partner Portal,1.30,33,Acceptable,North America,Canada
ORD-01613,CUST-0046,2022-07-16,Cancelled,Partner Portal,16.20,14,Acceptable,Asia Pacific,Japan
ORD-01614,CUST-0451,2024-02-17,Completed,Partner Portal,22.14,15,Acceptable,Middle East,Qatar
ORD-01615,CUST-0009,2020-12-30,Completed,Marketplace,38.16,22,Acceptable,Europe,United Kingdom
ORD-01616,CUST-0112,2023-04-07,Completed,Unknown,32.05,127,Review Recommended,Africa,Kenya
ORD-01617,CUST-0012,2024-10-31,Completed,Partner Portal,35.64,15,Acceptable,Europe,Netherlands
ORD-01618,CUST-0468,2020-05-15,Pending,Marketplace,39.97,3,Acceptable,North America,Canada
ORD-01619,CUST-0386,2022-05-12,Completed,Marketplace,33.65,27,Acceptable,Latin America,Chile
ORD-01620,CUST-0298,2023-11-08,Completed,Unknown,25.58,20,Acceptable,Africa,South Africa
ORD-01621,CUST-0207,2022-02-10,Refunded,Website,23.33,27,Acceptable,Europe,United Kingdom
ORD-01622,CUST-0357,2020-08-13,Completed,Marketplace,33.36,24,Acceptable,North America,Mexico
ORD-01623,CUST-0382,2023-03-20,Cancelled,Phone,5.13,7,Acceptable,Latin America,Brazil
ORD-01624,CUST-0246,2024-10-12,Refunded,Website,28.94,9,Acceptable,Asia Pacific,Singapore
ORD-01625,CUST-0013,2020-10-23,Pending,Mobile App,25.77,10,Acceptable,Latin America,Brazil
ORD-01626,CUST-0154,2020-04-04,Cancelled,In-Store,1.47,4,Acceptable,Africa,Nigeria
ORD-01627,CUST-0020,2021-11-17,Cancelled,In-Store,29.91,24,Acceptable,Latin America,Brazil
ORD-01628,CUST-0427,2021-12-29,Completed,Phone,23.27,35,Acceptable,Europe,United Kingdom
ORD-01629,CUST-0237,2020-07-03,Completed,Mobile App,31.68,27,Acceptable,Latin America,Brazil
ORD-01630,CUST-0458,2021-09-09,Pending,Phone,27.76,8,Acceptable,Africa,Kenya
ORD-01631,CUST-0073,2024-08-12,Cancelled,Marketplace,0.14,22,Acceptable,Latin America,Argentina
ORD-01632,CUST-0091,2021-06-28,Completed,Marketplace,43.93,14,Acceptable,Africa,Ghana
ORD-01633,CUST-0479,2024-09-28,Completed,Partner Portal,44.14,31,Acceptable,Latin America,Argentina
ORD-01634,CUST-0107,2020-10-24,Cancelled,Phone,17.85,11,Acceptable,Middle East,Saudi Arabia
ORD-01635,CUST-0158,2024-08-25,Pending,In-Store,23.36,6,Acceptable,Middle East,Saudi Arabia
ORD-01636,CUST-0387,2023-11-15,Completed,Mobile App,6.81,24,Acceptable,Middle East,Qatar
ORD-01637,CUST-0335,2023-08-08,Completed,Marketplace,30.52,22,Acceptable,Europe,Germany
ORD-01638,CUST-0200,2024-08-13,Completed,Marketplace,30.80,31,Acceptable,North America,United States
ORD-01639,CUST-0225,2021-07-27,Completed,Phone,35.65,13,Acceptable,North America,Canada
ORD-01640,CUST-0050,2024-12-18,Cancelled,Website,12.82,30,Acceptable,Latin America,Chile
ORD-01641,CUST-0017,2022-01-08,Cancelled,Mobile App,6.11,32,Acceptable,Middle East,Saudi Arabia
ORD-01642,CUST-0390,2020-07-28,Pending,In-Store,29.99,17,Acceptable,Middle East,Saudi Arabia
ORD-01643,CUST-0159,2020-04-18,Completed,Partner Portal,23.42,27,Acceptable,North America,Mexico
ORD-01644,CUST-0423,2022-06-06,Completed,Phone,8.90,24,Acceptable,Latin America,Colombia
ORD-01645,CUST-0473,2024-04-06,Completed,Website,36.22,32,Acceptable,Europe,France
ORD-01646,CUST-0017,2023-11-17,Completed,Marketplace,44.36,19,Acceptable,Middle East,Saudi Arabia
ORD-01647,CUST-0223,2024-11-15,Completed,Mobile App,13.08,34,Acceptable,Asia Pacific,South Korea
ORD-01648,CUST-0145,2023-02-09,Pending,Mobile App,42.41,12,Acceptable,Europe,Germany
ORD-01649,CUST-0107,2021-05-18,Pending,Phone,20.75,10,Acceptable,Middle East,Saudi Arabia
ORD-01650,CUST-0092,2022-08-29,Completed,Website,39.82,1,Acceptable,Latin America,Brazil
ORD-01651,CUST-0072,2023-07-04,Completed,Phone,37.79,15,Acceptable,Latin America,Colombia
ORD-01652,CUST-0286,2021-05-09,Completed,Marketplace,7.82,12,Acceptable,Africa,South Africa
ORD-01653,CUST-0243,2021-05-01,Refunded,In-Store,18.17,6,Acceptable,Europe,Netherlands
ORD-01654,CUST-0235,2022-02-07,Completed,In-Store,25.40,6,Acceptable,Middle East,UAE
ORD-01655,CUST-0407,2020-09-26,Completed,Website,17.31,24,Acceptable,Middle East,Qatar
ORD-01656,CUST-0402,2021-04-04,Completed,Partner Portal,30.38,23,Acceptable,Africa,Nigeria
ORD-01657,CUST-0442,2023-11-03,Completed,Website,9.63,21,Acceptable,North America,United States
ORD-01658,CUST-0364,2021-10-26,Refunded,In-Store,18.69,18,Acceptable,Africa,Nigeria
ORD-01659,CUST-0461,2022-08-10,Completed,In-Store,36.44,3,Acceptable,Middle East,Qatar
ORD-01660,CUST-0404,2021-10-11,Cancelled,Partner Portal,37.66,10,Acceptable,Latin America,Colombia
ORD-01661,CUST-0258,2023-04-15,Completed,Marketplace,41.59,12,Acceptable,Asia Pacific,Singapore
ORD-01662,CUST-0159,2023-07-02,Completed,Unknown,43.41,20,Acceptable,North America,Mexico
ORD-01663,CUST-0480,2023-07-14,Refunded,Marketplace,37.26,13,Acceptable,North America,Canada
ORD-01664,CUST-0292,2023-09-14,Completed,Mobile App,23.31,26,Acceptable,Europe,France
ORD-01665,CUST-0105,2024-09-19,Completed,Marketplace,7.82,6,Acceptable,North America,Canada
ORD-01666,CUST-0107,2023-07-20,Cancelled,Marketplace,26.61,4,Acceptable,Middle East,Saudi Arabia
ORD-01667,CUST-0115,2023-06-29,Completed,Mobile App,15.66,5,Acceptable,Middle East,UAE
ORD-01668,CUST-0308,2023-09-25,Completed,Marketplace,36.61,15,Acceptable,Europe,Sweden
ORD-01669,CUST-0437,2020-06-15,Completed,Website,38.03,25,Acceptable,North America,Canada
ORD-01670,CUST-0338,2023-01-10,Completed,Marketplace,2.92,34,Acceptable,Europe,Sweden
ORD-01671,CUST-0214,2022-06-09,Completed,In-Store,31.75,27,Acceptable,Middle East,UAE
ORD-01672,CUST-0150,2022-02-09,Completed,Marketplace,5.23,25,Acceptable,North America,Mexico
ORD-01673,CUST-0252,2022-04-25,Cancelled,In-Store,7.84,34,Acceptable,North America,Mexico
ORD-01674,CUST-0242,2021-11-20,Cancelled,Unknown,28.59,4,Acceptable,Asia Pacific,India
ORD-01675,CUST-0447,2022-02-15,Completed,Mobile App,28.26,4,Acceptable,Middle East,UAE
ORD-01676,CUST-0127,2023-10-02,Completed,In-Store,42.98,7,Acceptable,North America,United States
ORD-01677,CUST-0276,2020-09-12,Completed,Phone,22.62,33,Acceptable,Asia Pacific,India
ORD-01678,CUST-0151,2020-04-30,Pending,Marketplace,15.99,34,Acceptable,Europe,Sweden
ORD-01679,CUST-0029,2022-05-07,Completed,Partner Portal,39.58,14,Acceptable,Middle East,Saudi Arabia
ORD-01680,CUST-0198,2022-05-16,Completed,Partner Portal,10.01,24,Acceptable,North America,United States
ORD-01681,CUST-0248,2022-09-04,Cancelled,Website,8.28,30,Acceptable,Europe,Netherlands
ORD-01682,CUST-0312,2021-10-10,Cancelled,Phone,39.61,5,Acceptable,Europe,Spain
ORD-01683,CUST-0220,2021-05-03,Completed,Marketplace,11.03,17,Acceptable,North America,United States
ORD-01684,CUST-0477,2021-11-19,Refunded,Unknown,0.20,35,Acceptable,Europe,Germany
ORD-01685,CUST-0451,2020-06-04,Completed,Mobile App,20.85,10,Acceptable,Middle East,Qatar
ORD-01686,CUST-0241,2024-07-06,Completed,Phone,25.19,18,Acceptable,Europe,Germany
ORD-01687,CUST-0168,2023-09-03,Completed,Marketplace,1.96,7,Acceptable,North America,Canada
ORD-01688,CUST-0325,2022-02-15,Completed,In-Store,33.53,10,Acceptable,Latin America,Chile
ORD-01689,CUST-0306,2022-07-14,Completed,Mobile App,21.23,7,Acceptable,Europe,Spain
ORD-01690,CUST-0002,2022-08-14,Refunded,Marketplace,18.21,18,Acceptable,Middle East,Qatar
ORD-01691,CUST-0429,2023-05-22,Completed,In-Store,29.96,29,Acceptable,Asia Pacific,India
ORD-01692,CUST-0206,2020-07-21,Completed,Partner Portal,22.10,27,Acceptable,Europe,Netherlands
ORD-01693,CUST-0275,2022-03-13,Completed,Partner Portal,10.29,23,Acceptable,Africa,South Africa
ORD-01694,CUST-0107,2021-07-25,Completed,Website,43.04,3,Acceptable,Middle East,Saudi Arabia
ORD-01695,CUST-0103,2020-11-12,Completed,In-Store,2.45,33,Acceptable,North America,Canada
ORD-01696,CUST-0056,2024-01-29,Completed,Phone,3.86,27,Acceptable,Asia Pacific,Singapore
ORD-01697,CUST-0422,2020-11-28,Refunded,Mobile App,16.17,6,Acceptable,North America,Canada
ORD-01698,CUST-0093,2020-06-29,Pending,Phone,25.65,30,Acceptable,North America,Canada
ORD-01699,CUST-0221,2021-02-04,Cancelled,Mobile App,9.90,15,Acceptable,Asia Pacific,Japan
ORD-01700,CUST-0361,2024-07-08,Completed,In-Store,38.35,16,Acceptable,Latin America,Brazil
ORD-01701,CUST-0082,2023-06-14,Pending,Phone,19.38,31,Acceptable,Africa,South Africa
ORD-01702,CUST-0135,2023-10-24,Refunded,In-Store,29.86,130,Review Recommended,North America,Mexico
ORD-01703,CUST-0030,2024-08-21,Cancelled,Partner Portal,36.07,1,Acceptable,Asia Pacific,India
ORD-01704,CUST-0382,2023-05-20,Completed,In-Store,44.27,18,Acceptable,Latin America,Brazil
ORD-01705,CUST-0396,2021-08-26,Completed,Marketplace,2.79,27,Acceptable,Asia Pacific,India
ORD-01706,CUST-0100,2022-11-08,Cancelled,Website,11.64,3,Acceptable,Europe,United Kingdom
ORD-01707,CUST-0174,2022-05-03,Completed,Mobile App,16.11,12,Acceptable,Europe,Spain
ORD-01708,CUST-0394,2020-12-23,Refunded,Phone,13.24,26,Acceptable,Latin America,Argentina
ORD-01709,CUST-0304,2023-06-15,Cancelled,Partner Portal,39.45,24,Acceptable,North America,Mexico
ORD-01710,CUST-0174,2020-02-13,Completed,In-Store,41.15,6,Acceptable,Europe,Spain
ORD-01711,CUST-0013,2024-10-07,Completed,Phone,39.45,12,Acceptable,Latin America,Brazil
ORD-01712,CUST-0114,2024-11-30,Cancelled,In-Store,10.21,30,Acceptable,Europe,United Kingdom
ORD-01713,CUST-0186,2023-09-17,Completed,Marketplace,43.17,5,Acceptable,Asia Pacific,Singapore
ORD-01714,CUST-0183,2024-06-21,Refunded,Mobile App,22.74,32,Acceptable,Latin America,Chile
ORD-01715,CUST-0013,2022-11-14,Completed,Website,7.34,6,Acceptable,Latin America,Brazil
ORD-01716,CUST-0010,2023-10-23,Completed,In-Store,34.67,16,Acceptable,Latin America,Chile
ORD-01717,CUST-0446,2023-08-06,Completed,In-Store,16.96,24,Acceptable,North America,Mexico
ORD-01718,CUST-0014,2024-12-11,Refunded,Partner Portal,40.72,1,Acceptable,Africa,South Africa
ORD-01719,CUST-0326,2021-06-08,Refunded,Phone,22.55,11,Acceptable,Europe,Netherlands
ORD-01720,CUST-0086,2022-12-02,Completed,In-Store,18.42,21,Acceptable,Europe,Spain
ORD-01721,CUST-0436,2022-10-01,Completed,In-Store,28.58,0,Acceptable,Middle East,Qatar
ORD-01722,CUST-0334,2020-08-24,Completed,Partner Portal,18.13,19,Acceptable,Asia Pacific,South Korea
ORD-01723,CUST-0435,2024-06-09,Refunded,Phone,19.57,25,Acceptable,Asia Pacific,India
ORD-01724,CUST-0118,2022-03-13,Refunded,Partner Portal,17.85,31,Acceptable,Latin America,Brazil
ORD-01725,CUST-0043,2022-11-28,Completed,Phone,4.36,2,Acceptable,Middle East,UAE
ORD-01726,CUST-0105,2021-10-30,Completed,Phone,12.02,14,Acceptable,North America,Canada
ORD-01727,CUST-0391,2020-01-21,Refunded,Website,2.06,11,Acceptable,Asia Pacific,South Korea
ORD-01728,CUST-0219,2020-03-28,Pending,Mobile App,17.68,10,Acceptable,Asia Pacific,Australia
ORD-01729,CUST-0138,2023-05-05,Completed,Marketplace,18.92,33,Acceptable,Middle East,UAE
ORD-01730,CUST-0309,2024-10-15,Completed,Marketplace,15.80,32,Acceptable,Africa,South Africa
ORD-01731,CUST-0148,2021-06-13,Pending,Website,44.30,20,Acceptable,Middle East,UAE
ORD-01732,CUST-0463,2021-05-23,Completed,Website,42.14,8,Acceptable,Africa,South Africa
ORD-01733,CUST-0277,2024-08-22,Cancelled,Phone,41.05,33,Acceptable,Middle East,Saudi Arabia
ORD-01734,CUST-0181,2024-03-17,Refunded,Phone,13.65,31,Acceptable,North America,Mexico
ORD-01735,CUST-0233,2022-03-27,Pending,In-Store,28.62,24,Acceptable,Europe,Germany
ORD-01736,CUST-0384,2023-03-30,Refunded,In-Store,1.71,26,Acceptable,Middle East,Qatar
ORD-01737,CUST-0259,2020-07-30,Refunded,Marketplace,16.20,29,Acceptable,North America,Mexico
ORD-01738,CUST-0452,2021-10-02,Completed,Partner Portal,14.54,13,Acceptable,Latin America,Brazil
ORD-01739,CUST-0313,2022-06-16,Completed,Partner Portal,9.89,31,Acceptable,Africa,Kenya
ORD-01740,CUST-0047,2021-04-11,Completed,In-Store,17.25,12,Acceptable,Asia Pacific,India
ORD-01741,CUST-0060,2020-07-30,Refunded,In-Store,30.95,19,Acceptable,Latin America,Chile
ORD-01742,CUST-0166,2020-09-24,Pending,Mobile App,43.22,22,Acceptable,Latin America,Argentina
ORD-01743,CUST-0153,2021-06-15,Cancelled,Marketplace,6.85,11,Acceptable,North America,United States
ORD-01744,CUST-0401,2020-02-20,Pending,In-Store,30.34,0,Acceptable,Middle East,Qatar
ORD-01745,CUST-0288,2021-05-24,Completed,In-Store,10.69,11,Acceptable,Africa,Kenya
ORD-01746,CUST-0157,2021-05-30,Refunded,Mobile App,6.00,13,Acceptable,Latin America,Chile
ORD-01747,CUST-0035,2020-03-30,Pending,Marketplace,35.02,17,Acceptable,Europe,Spain
ORD-01748,CUST-0456,2024-01-05,Completed,Phone,3.77,6,Acceptable,Europe,Sweden
ORD-01749,CUST-0442,2021-03-01,Completed,Phone,15.39,19,Acceptable,North America,United States
ORD-01750,CUST-0171,2023-05-21,Completed,In-Store,7.83,0,Acceptable,Europe,Netherlands
ORD-01751,CUST-0195,2023-06-21,Cancelled,Phone,5.97,10,Acceptable,Africa,Nigeria
ORD-01752,CUST-0451,2020-10-21,Cancelled,In-Store,0.87,28,Acceptable,Middle East,Qatar
ORD-01753,CUST-0220,2020-02-28,Refunded,Mobile App,15.80,10,Acceptable,North America,United States
ORD-01754,CUST-0110,2023-12-28,Refunded,Mobile App,38.86,5,Acceptable,Middle East,Saudi Arabia
ORD-01755,CUST-0293,2021-12-12,Completed,Partner Portal,44.11,28,Acceptable,Europe,Spain
ORD-01756,CUST-0165,2022-08-18,Completed,Marketplace,18.64,25,Acceptable,Europe,Germany
ORD-01757,CUST-0233,2022-04-24,Cancelled,Website,37.19,29,Acceptable,Europe,Germany
ORD-01758,CUST-0441,2022-04-18,Cancelled,Partner Portal,18.45,29,Acceptable,Latin America,Argentina
ORD-01759,CUST-0276,2023-11-01,Completed,Website,20.18,5,Acceptable,Asia Pacific,India
ORD-01760,CUST-0057,2021-09-18,Completed,Partner Portal,10.95,14,Acceptable,Africa,Ghana
ORD-01761,CUST-0430,2022-08-08,Refunded,Phone,16.77,2,Acceptable,Middle East,Saudi Arabia
ORD-01762,CUST-0440,2022-02-27,Cancelled,Website,3.93,33,Acceptable,Asia Pacific,India
ORD-01763,CUST-0290,2024-02-26,Completed,In-Store,29.65,18,Acceptable,Europe,Netherlands
ORD-01764,CUST-0391,2021-07-14,Completed,Website,15.89,32,Acceptable,Asia Pacific,South Korea
ORD-01765,CUST-0456,2020-05-29,Refunded,Phone,8.92,29,Acceptable,Europe,Sweden
ORD-01766,CUST-0174,2021-10-24,Cancelled,Mobile App,16.04,28,Acceptable,Europe,Spain
ORD-01767,CUST-0154,2023-12-18,Refunded,Mobile App,15.83,34,Acceptable,Africa,Nigeria
ORD-01768,CUST-0070,2021-08-11,Pending,Website,3.44,12,Acceptable,Middle East,Qatar
ORD-01769,CUST-0125,2020-08-19,Pending,Website,18.80,20,Acceptable,Africa,Ghana
ORD-01770,CUST-0066,2021-08-29,Cancelled,Mobile App,8.82,29,Acceptable,Asia Pacific,South Korea
ORD-01771,CUST-0161,2020-08-10,Refunded,Partner Portal,14.53,8,Acceptable,North America,Mexico
ORD-01772,CUST-0020,2023-12-21,Completed,Unknown,0.37,31,Acceptable,Latin America,Brazil
ORD-01773,CUST-0008,2023-04-26,Completed,Partner Portal,33.54,11,Acceptable,Latin America,Chile
ORD-01774,CUST-0324,2020-08-12,Completed,Mobile App,21.04,30,Acceptable,Europe,United Kingdom
ORD-01775,CUST-0420,2024-11-27,Completed,Phone,0.61,10,Acceptable,Europe,France
ORD-01776,CUST-0140,2022-07-31,Cancelled,Phone,33.21,14,Acceptable,Latin America,Brazil
ORD-01777,CUST-0118,2022-12-06,Cancelled,Marketplace,25.22,15,Acceptable,Latin America,Brazil
ORD-01778,CUST-0479,2022-03-14,Completed,Website,43.27,1,Acceptable,Latin America,Argentina
ORD-01779,CUST-0092,2024-06-21,Completed,In-Store,26.83,17,Acceptable,Latin America,Brazil
ORD-01780,CUST-0046,2021-10-26,Completed,Website,43.99,25,Acceptable,Asia Pacific,Japan
ORD-01781,CUST-0419,2020-05-19,Pending,Marketplace,24.67,33,Acceptable,Africa,Ghana
ORD-01782,CUST-0009,2024-08-29,Completed,Mobile App,10.18,2,Acceptable,Europe,United Kingdom
ORD-01783,CUST-0342,2020-06-11,Completed,In-Store,24.06,4,Acceptable,Africa,South Africa
ORD-01784,CUST-0429,2020-01-05,Completed,Website,24.98,28,Acceptable,Asia Pacific,India
ORD-01785,CUST-0347,2020-12-19,Refunded,Unknown,38.74,0,Acceptable,North America,Mexico
ORD-01786,CUST-0282,2024-11-07,Completed,Website,14.40,28,Acceptable,Latin America,Argentina
ORD-01787,CUST-0270,2023-12-31,Completed,Mobile App,44.41,29,Acceptable,Middle East,Qatar
ORD-01788,CUST-0445,2022-01-11,Completed,Website,8.76,31,Acceptable,Asia Pacific,India
ORD-01789,CUST-0277,2023-09-25,Cancelled,Mobile App,6.03,5,Acceptable,Middle East,Saudi Arabia
ORD-01790,CUST-0173,2022-06-16,Completed,Website,13.20,34,Acceptable,Europe,United Kingdom
ORD-01791,CUST-0292,2020-09-08,Pending,In-Store,37.08,30,Acceptable,Europe,France
ORD-01792,CUST-0478,2024-04-12,Refunded,Website,40.46,8,Acceptable,North America,Mexico
ORD-01793,CUST-0381,2020-05-23,Cancelled,Mobile App,15.05,22,Acceptable,Middle East,UAE
ORD-01794,CUST-0307,2022-06-07,Completed,Marketplace,27.77,18,Acceptable,North America,Canada
ORD-01795,CUST-0350,2020-02-20,Completed,Marketplace,16.58,9,Acceptable,Africa,Ghana
ORD-01796,CUST-0219,2024-08-20,Completed,Phone,31.48,19,Acceptable,Asia Pacific,Australia
ORD-01797,CUST-0280,2023-10-25,Cancelled,Phone,41.25,15,Acceptable,Latin America,Colombia
ORD-01798,CUST-0204,2024-07-22,Pending,Phone,29.68,9,Acceptable,Africa,South Africa
ORD-01799,CUST-0161,2024-01-30,Completed,Mobile App,18.70,0,Acceptable,North America,Mexico
ORD-01800,CUST-0472,2021-05-19,Refunded,Website,31.99,34,Acceptable,Europe,Netherlands
ORD-01801,CUST-0308,2023-05-05,Completed,In-Store,6.92,31,Acceptable,Europe,Sweden
ORD-01802,CUST-0339,2020-06-24,Completed,Marketplace,42.51,26,Acceptable,Africa,South Africa
ORD-01803,CUST-0351,2020-08-20,Completed,Partner Portal,43.61,24,Acceptable,Europe,Spain
ORD-01804,CUST-0117,2022-03-08,Completed,Phone,22.70,1,Acceptable,Europe,Germany
ORD-01805,CUST-0140,2020-02-12,Completed,Phone,39.74,3,Acceptable,Latin America,Brazil
ORD-01806,CUST-0391,2022-10-02,Completed,Website,21.23,11,Acceptable,Asia Pacific,South Korea
ORD-01807,CUST-0057,2022-08-28,Completed,Website,1.27,23,Acceptable,Africa,Ghana
ORD-01808,CUST-0233,2024-08-04,Cancelled,Website,23.88,31,Acceptable,Europe,Germany
ORD-01809,CUST-0465,2022-10-26,Cancelled,Marketplace,36.57,1,Acceptable,Asia Pacific,India
ORD-01810,CUST-0252,2024-07-09,Completed,Mobile App,21.59,33,Acceptable,NA Region,Mexico
ORD-01811,CUST-0317,2021-01-07,Completed,Unknown,27.16,6,Acceptable,Middle East,Qatar
ORD-01812,CUST-0406,2023-09-26,Pending,In-Store,38.23,33,Acceptable,North America,United States
ORD-01813,CUST-0334,2024-08-12,Completed,Partner Portal,16.41,26,Acceptable,Asia Pacific,South Korea
ORD-01814,CUST-0340,2022-02-15,Pending,In-Store,0.03,34,Acceptable,Africa,Ghana
ORD-01815,CUST-0156,2023-11-18,Pending,Phone,38.85,12,Acceptable,Africa,Nigeria
ORD-01816,CUST-0329,2023-05-13,Cancelled,Mobile App,9.04,28,Acceptable,Latin America,Colombia
ORD-01817,CUST-0192,2022-12-20,Cancelled,Marketplace,0.88,9,Acceptable,Latin America,Argentina
ORD-01818,CUST-0224,2020-12-06,Pending,In-Store,29.47,9,Acceptable,Europe,Germany
ORD-01819,CUST-0366,2023-07-12,Refunded,Mobile App,8.29,19,Acceptable,Europe,Spain
ORD-01820,CUST-0275,2023-08-03,Refunded,Website,33.41,24,Acceptable,Africa,South Africa
ORD-01821,CUST-0369,2024-07-23,Cancelled,In-Store,35.77,12,Acceptable,Middle East,Qatar
ORD-01822,CUST-0454,2024-05-29,Completed,Marketplace,6.82,1,Acceptable,Europe,Germany
ORD-01823,CUST-0235,2022-09-16,Cancelled,Mobile App,35.27,8,Acceptable,Middle East,UAE
ORD-01824,CUST-0352,2024-05-07,Refunded,Partner Portal,0.10,30,Acceptable,Europe,France
ORD-01825,CUST-0188,2020-09-04,Completed,Mobile App,5.11,20,Acceptable,Africa,South Africa
ORD-01826,CUST-0070,2023-03-17,Completed,Website,28.33,32,Acceptable,Middle East,Qatar
ORD-01827,CUST-0266,2020-07-08,Cancelled,Website,23.43,35,Acceptable,Asia Pacific,Japan
ORD-01828,CUST-0225,2021-07-04,Completed,Phone,21.52,5,Acceptable,North America,Canada
ORD-01829,CUST-0029,2020-05-14,Completed,Mobile App,3.69,7,Acceptable,Middle East,Saudi Arabia
ORD-01830,CUST-0158,2020-11-14,Completed,Marketplace,7.01,34,Acceptable,Middle East,Saudi Arabia
ORD-01831,CUST-0092,2024-11-26,Completed,Website,1.93,9,Acceptable,Latin America,Brazil
ORD-01832,CUST-0358,2023-06-06,Pending,Marketplace,24.32,21,Acceptable,Asia Pacific,India
ORD-01833,CUST-0263,2024-06-18,Completed,In-Store,7.69,17,Acceptable,Asia Pacific,Singapore
ORD-01834,CUST-0206,2021-08-08,Cancelled,Phone,25.80,24,Acceptable,Europe,Netherlands
ORD-01835,CUST-0275,2024-02-02,Refunded,Mobile App,28.15,24,Acceptable,Africa,South Africa
ORD-01836,CUST-0243,2020-05-21,Completed,Phone,30.34,32,Acceptable,Europe,Netherlands
ORD-01837,CUST-0081,2022-06-04,Completed,Marketplace,1.64,30,Acceptable,North America,Mexico
ORD-01838,CUST-0310,2020-09-26,Cancelled,Marketplace,39.42,15,Acceptable,Latin America,Chile
ORD-01839,CUST-0250,2020-06-19,Refunded,Website,31.44,20,Acceptable,Europe,Sweden
ORD-01840,CUST-0331,2020-11-07,Pending,Website,26.43,34,Acceptable,Africa,Kenya
ORD-01841,CUST-0415,2023-04-07,Completed,Marketplace,4.00,9,Acceptable,Asia Pacific,South Korea
ORD-01842,CUST-0111,2020-08-16,Completed,Marketplace,6.15,5,Acceptable,Latin America,Colombia
ORD-01843,CUST-0264,2024-10-08,Cancelled,Marketplace,3.27,11,Acceptable,Europe,United Kingdom
ORD-01844,CUST-0120,2023-07-16,Completed,Unknown,19.02,3,Acceptable,Middle East,Saudi Arabia
ORD-01845,CUST-0055,2022-01-16,Completed,Mobile App,26.49,34,Acceptable,North America,Canada
ORD-01846,CUST-0373,2024-05-16,Completed,Partner Portal,35.03,10,Acceptable,Europe,France
ORD-01847,CUST-0279,2021-09-12,Refunded,Unknown,12.06,4,Acceptable,Latin America,Chile
ORD-01848,CUST-0213,2020-11-24,Completed,Mobile App,36.04,10,Acceptable,Middle East,Qatar
ORD-01849,CUST-0428,2024-06-25,Refunded,Website,4.92,31,Acceptable,Africa,Kenya
ORD-01850,CUST-0018,2021-11-14,Pending,Phone,20.60,28,Acceptable,Africa,Ghana
ORD-01851,CUST-0026,2022-01-30,Pending,Marketplace,36.54,30,Acceptable,Africa,South Africa
ORD-01852,CUST-0478,2021-06-27,Completed,In-Store,43.95,31,Acceptable,North America,Mexico
ORD-01853,CUST-0378,2023-07-22,Completed,Marketplace,36.92,13,Acceptable,Middle East,Saudi Arabia
ORD-01854,CUST-0142,2024-09-15,Completed,Phone,35.08,33,Acceptable,Asia Pacific,Singapore
ORD-01855,CUST-0257,2024-11-01,Pending,Marketplace,9.58,34,Acceptable,Europe,France
ORD-01856,CUST-0274,2022-03-31,Completed,Website,29.72,5,Acceptable,North America,Canada
ORD-01857,CUST-0177,2024-10-20,Completed,Website,5.11,28,Acceptable,Asia Pacific,India
ORD-01858,CUST-0217,2023-11-21,Completed,Marketplace,43.21,116,Review Recommended,Middle East,UAE
ORD-01859,CUST-0480,2022-10-30,Completed,Unknown,26.62,10,Acceptable,North America,Canada
ORD-01860,CUST-0361,2023-05-07,Refunded,In-Store,33.20,21,Acceptable,Latin America,Brazil
ORD-01861,CUST-0298,2021-08-02,Pending,In-Store,31.76,29,Acceptable,Africa,South Africa
ORD-01862,CUST-0009,2022-01-25,Refunded,Marketplace,8.72,31,Acceptable,Europe,United Kingdom
ORD-01863,CUST-0465,2021-03-06,Completed,Marketplace,7.24,24,Acceptable,Asia Pacific,India
ORD-01864,CUST-0081,2020-07-24,Cancelled,Mobile App,30.15,4,Acceptable,North America,Mexico
ORD-01865,CUST-0015,2023-04-14,Completed,Mobile App,5.91,13,Acceptable,Africa,Nigeria
ORD-01866,CUST-0188,2021-02-16,Completed,Phone,28.59,18,Acceptable,Africa,South Africa
ORD-01867,CUST-0366,2020-11-29,Completed,Partner Portal,32.09,11,Acceptable,Europe,Spain
ORD-01868,CUST-0301,2023-12-03,Completed,Phone,7.78,34,Acceptable,North America,United States
ORD-01869,CUST-0108,2023-05-10,Completed,Mobile App,9.30,5,Acceptable,North America,United States
ORD-01870,CUST-0308,2023-01-20,Completed,Marketplace,21.38,29,Acceptable,Europe,Sweden
ORD-01871,CUST-0322,2023-03-30,Pending,Phone,12.64,16,Acceptable,Africa,Ghana
ORD-01872,CUST-0185,2024-03-04,Pending,Marketplace,11.06,1,Acceptable,Europe,Netherlands
ORD-01873,CUST-0159,2022-08-07,Cancelled,Marketplace,24.66,30,Acceptable,North America,Mexico
ORD-01874,CUST-0273,2024-07-22,Completed,Partner Portal,27.53,22,Acceptable,Latin America,Brazil
ORD-01875,CUST-0119,2022-02-13,Completed,In-Store,12.88,7,Acceptable,North America,Canada
ORD-01876,CUST-0407,2020-02-13,Pending,Partner Portal,6.03,21,Acceptable,Middle East,Qatar
ORD-01877,CUST-0305,2023-11-08,Completed,In-Store,34.69,4,Acceptable,North America,United States
ORD-01878,CUST-0329,2022-09-16,Completed,Website,10.30,11,Acceptable,Latin America,Colombia
ORD-01879,CUST-0308,2022-11-09,Completed,Partner Portal,19.76,11,Acceptable,Europe,Sweden
ORD-01880,CUST-0347,2020-05-07,Refunded,Mobile App,4.55,7,Acceptable,North America,Mexico
ORD-01881,CUST-0151,2023-01-11,Completed,Marketplace,6.91,12,Acceptable,Europe,Sweden
ORD-01882,CUST-0305,2023-03-03,Completed,Website,44.83,16,Acceptable,North America,United States
ORD-01883,CUST-0256,2020-01-09,Pending,Marketplace,8.47,24,Acceptable,Europe,Netherlands
ORD-01884,CUST-0311,2021-03-22,Refunded,Mobile App,19.74,6,Acceptable,Asia Pacific,Japan
ORD-01885,CUST-0378,2023-04-14,Pending,In-Store,0.08,10,Acceptable,Middle East,Saudi Arabia
ORD-01886,CUST-0364,2023-10-25,Completed,Phone,12.99,31,Acceptable,Africa,Nigeria
ORD-01887,CUST-0107,2020-09-07,Refunded,Partner Portal,10.14,20,Acceptable,Middle East,Saudi Arabia
ORD-01888,CUST-0426,2023-03-08,Completed,Unknown,24.72,23,Acceptable,Africa,Ghana
ORD-01889,CUST-0127,2022-09-13,Cancelled,Website,31.69,10,Acceptable,North America,United States
ORD-01890,CUST-0264,2021-01-23,Completed,Mobile App,44.58,19,Acceptable,Europe,United Kingdom
ORD-01891,CUST-0038,2022-03-27,Completed,Marketplace,40.24,16,Acceptable,Africa,South Africa
ORD-01892,CUST-0049,2024-12-13,Refunded,Unknown,9.12,2,Acceptable,Europe,United Kingdom
ORD-01893,CUST-0175,2020-09-14,Cancelled,Unknown,39.82,1,Acceptable,Africa,Ghana
ORD-01894,CUST-0312,2021-11-19,Completed,Phone,9.69,5,Acceptable,Europe,Spain
ORD-01895,CUST-0432,2024-01-16,Completed,Mobile App,44.65,27,Acceptable,North America,United States
ORD-01896,CUST-0414,2022-08-05,Pending,In-Store,38.96,2,Acceptable,North America,Canada
ORD-01897,CUST-0063,2023-04-27,Refunded,Mobile App,41.99,9,Acceptable,Middle East,Saudi Arabia
ORD-01898,CUST-0042,2024-11-14,Completed,Phone,16.68,20,Acceptable,Africa,Kenya
ORD-01899,CUST-0358,2024-07-04,Completed,Website,4.14,28,Acceptable,Asia Pacific,India
ORD-01900,CUST-0154,2020-07-14,Completed,In-Store,8.34,1,Acceptable,Africa,Nigeria
ORD-01901,CUST-0115,2022-10-27,Completed,Marketplace,36.59,20,Acceptable,Middle East,UAE
ORD-01902,CUST-0323,2021-01-26,Completed,Mobile App,9.08,31,Acceptable,Europe,Spain
ORD-01903,CUST-0225,2020-02-05,Cancelled,Partner Portal,36.25,2,Acceptable,North America,Canada
ORD-01904,CUST-0415,2022-05-11,Pending,Website,29.81,21,Acceptable,Asia Pacific,South Korea
ORD-01905,CUST-0360,2021-03-12,Completed,Website,3.05,19,Acceptable,Europe,Netherlands
ORD-01906,CUST-0276,2021-07-22,Pending,In-Store,11.89,7,Acceptable,Asia Pacific,India
ORD-01907,CUST-0276,2020-04-30,Completed,Mobile App,7.57,9,Acceptable,Asia Pacific,India
ORD-01908,CUST-0197,2020-12-24,Completed,Website,37.51,30,Acceptable,Latin America,Colombia
ORD-01909,CUST-0062,2020-06-17,Completed,Mobile App,12.73,1,Acceptable,North America,Mexico
ORD-01910,CUST-0322,2024-11-20,Cancelled,Mobile App,34.20,5,Acceptable,Africa,Ghana
ORD-01911,CUST-0458,2021-08-17,Refunded,Partner Portal,43.43,8,Acceptable,Africa,Kenya
ORD-01912,CUST-0234,2021-06-15,Refunded,Partner Portal,7.44,29,Acceptable,Europe,Germany
ORD-01913,CUST-0303,2024-09-22,Completed,Unknown,34.90,10,Acceptable,Middle East,Qatar
ORD-01914,CUST-0023,2023-11-11,Completed,Partner Portal,39.15,11,Acceptable,Middle East,Saudi Arabia
ORD-01915,CUST-0014,2024-06-28,Cancelled,Phone,34.36,32,Acceptable,Africa,South Africa
ORD-01916,CUST-0378,2021-11-24,Cancelled,Marketplace,22.53,1,Acceptable,Middle East,Saudi Arabia
ORD-01917,CUST-0322,2021-11-03,Cancelled,Unknown,30.26,0,Acceptable,Africa,Ghana
ORD-01918,CUST-0052,2022-05-10,Refunded,In-Store,24.38,5,Acceptable,North America,Canada
ORD-01919,CUST-0259,2020-10-23,Pending,Mobile App,21.02,7,Acceptable,North America,Mexico
ORD-01920,CUST-0480,2023-03-31,Pending,Partner Portal,30.37,0,Acceptable,North America,Canada
ORD-01921,CUST-0444,2021-09-15,Pending,Marketplace,13.38,3,Acceptable,Asia Pacific,Singapore
ORD-01922,CUST-0229,2020-05-22,Completed,Mobile App,13.66,14,Acceptable,Middle East,Qatar
ORD-01923,CUST-0096,2024-07-14,Completed,Marketplace,34.59,14,Acceptable,Middle East,UAE
ORD-01924,CUST-0091,2023-06-11,Refunded,Mobile App,8.95,7,Acceptable,Africa,Ghana
ORD-01925,CUST-0310,2024-10-25,Pending,Website,4.94,23,Acceptable,Latin America,Chile
ORD-01926,CUST-0154,2023-02-21,Completed,Phone,35.83,15,Acceptable,Africa,Nigeria
ORD-01927,CUST-0474,2022-07-15,Completed,Marketplace,11.93,32,Acceptable,Europe,Germany
ORD-01928,CUST-0246,2020-08-02,Completed,Phone,35.74,28,Acceptable,Asia Pacific,Singapore
ORD-01929,CUST-0414,2024-08-08,Cancelled,Unknown,43.84,11,Acceptable,North America,Canada
ORD-01930,CUST-0397,2020-11-02,Cancelled,Mobile App,30.32,15,Acceptable,Latin America,Argentina
ORD-01931,CUST-0376,2021-01-29,Refunded,Website,33.13,13,Acceptable,Latin America,Brazil
ORD-01932,CUST-0303,2023-01-15,Completed,Mobile App,36.07,20,Acceptable,Middle East,Qatar
ORD-01933,CUST-0417,2020-10-10,Pending,In-Store,39.85,2,Acceptable,Middle East,UAE
ORD-01934,CUST-0360,2021-06-04,Pending,In-Store,5.53,125,Review Recommended,Europe,Netherlands
ORD-01935,CUST-0017,2022-10-06,Completed,In-Store,43.13,8,Acceptable,Middle East,Saudi Arabia
ORD-01936,CUST-0332,2020-01-05,Completed,Mobile App,1.06,8,Acceptable,Africa,Nigeria
ORD-01937,CUST-0092,2020-06-10,Cancelled,In-Store,44.98,22,Acceptable,Latin America,Brazil
ORD-01938,CUST-0174,2021-01-16,Completed,Mobile App,26.62,18,Acceptable,Europe,Spain
ORD-01939,CUST-0317,2020-04-21,Refunded,Website,9.21,13,Acceptable,Middle East,Qatar
ORD-01940,CUST-0108,2020-07-15,Cancelled,Marketplace,6.07,28,Acceptable,North America,United States
ORD-01941,CUST-0007,2020-04-23,Pending,Marketplace,24.06,22,Acceptable,Middle East,Saudi Arabia
ORD-01942,CUST-0011,2023-05-04,Refunded,Marketplace,1.33,22,Acceptable,North America,Canada
ORD-01943,CUST-0197,2020-12-08,Completed,Phone,2.23,24,Acceptable,Latin America,Colombia
ORD-01944,CUST-0097,2023-03-10,Cancelled,Partner Portal,27.68,8,Acceptable,Europe,Netherlands
ORD-01945,CUST-0475,2023-11-05,Cancelled,Mobile App,1.92,18,Acceptable,North America,Mexico
ORD-01946,CUST-0389,2023-02-04,Refunded,Phone,31.33,35,Acceptable,Latin America,Colombia
ORD-01947,CUST-0415,2020-04-08,Completed,Partner Portal,13.56,4,Acceptable,Asia Pacific,South Korea
ORD-01948,CUST-0264,2020-07-01,Completed,Marketplace,10.10,15,Acceptable,Europe,United Kingdom
ORD-01949,CUST-0398,2023-01-11,Pending,Unknown,41.04,1,Acceptable,Latin America,Brazil
ORD-01950,CUST-0328,2022-09-18,Completed,Marketplace,41.40,31,Acceptable,Middle East,UAE
ORD-01951,CUST-0221,2024-04-28,Pending,Website,10.60,28,Acceptable,Asia Pacific,Japan
ORD-01952,CUST-0414,2023-06-26,Completed,Partner Portal,30.98,24,Acceptable,North America,Canada
ORD-01953,CUST-0410,2023-03-21,Completed,Website,30.69,29,Acceptable,Latin America,Brazil
ORD-01954,CUST-0033,2020-03-25,Completed,Partner Portal,17.79,31,Acceptable,Middle East,Qatar
ORD-01955,CUST-0372,2020-02-15,Completed,In-Store,27.16,11,Acceptable,Latin America,Chile
ORD-01956,CUST-0230,2022-04-21,Pending,Website,18.71,10,Acceptable,Latin America,Colombia
ORD-01957,CUST-0008,2022-06-18,Cancelled,In-Store,29.91,10,Acceptable,Latin America,Chile
ORD-01958,CUST-0161,2020-10-06,Cancelled,Partner Portal,8.94,16,Acceptable,North America,Mexico
ORD-01959,CUST-0460,2023-05-06,Completed,Partner Portal,5.96,31,Acceptable,Europe,Netherlands
ORD-01960,CUST-0274,2024-05-13,Pending,Partner Portal,8.91,33,Acceptable,North America,Canada
ORD-01961,CUST-0309,2020-10-21,Cancelled,Marketplace,34.35,8,Acceptable,Africa,South Africa
ORD-01962,CUST-0100,2021-11-20,Refunded,In-Store,22.60,25,Acceptable,Europe,United Kingdom
ORD-01963,CUST-0183,2020-07-11,Pending,Marketplace,21.27,31,Acceptable,Latin America,Chile
ORD-01964,CUST-0195,2022-10-03,Refunded,Phone,7.10,5,Acceptable,Africa,Nigeria
ORD-01965,CUST-0366,2023-06-25,Completed,Mobile App,18.51,2,Acceptable,Europe,Spain
ORD-01966,CUST-0426,2022-11-03,Completed,Phone,32.49,13,Acceptable,Africa,Ghana
ORD-01967,CUST-0241,2021-06-08,Pending,Phone,10.45,4,Acceptable,Europe,Germany
ORD-01968,CUST-0145,2022-06-08,Cancelled,Website,33.23,12,Acceptable,Europe,Germany
ORD-01969,CUST-0137,2022-08-11,Refunded,Phone,25.72,24,Acceptable,Latin America,Colombia
ORD-01970,CUST-0303,2024-10-08,Completed,Website,9.77,0,Acceptable,Middle East,Qatar
ORD-01971,CUST-0148,2020-11-20,Cancelled,Partner Portal,19.53,11,Acceptable,Middle East,UAE
ORD-01972,CUST-0423,2023-03-30,Completed,In-Store,37.67,34,Acceptable,Latin America,Colombia
ORD-01973,CUST-0214,2023-06-06,Refunded,Marketplace,38.56,18,Acceptable,Middle East,UAE
ORD-01974,CUST-0157,2023-05-11,Completed,Mobile App,33.80,1,Acceptable,Latin America,Chile
ORD-01975,CUST-0177,2024-09-08,Completed,Partner Portal,37.77,16,Acceptable,Asia Pacific,India
ORD-01976,CUST-0362,2024-03-15,Completed,Phone,4.60,6,Acceptable,Asia Pacific,India
ORD-01977,CUST-0146,2024-04-11,Completed,Marketplace,14.53,10,Acceptable,Africa,Kenya
ORD-01978,CUST-0106,2022-06-30,Refunded,Partner Portal,41.60,16,Acceptable,Latin America,Chile
ORD-01979,CUST-0215,2024-02-18,Pending,Website,16.37,16,Acceptable,Europe,United Kingdom
ORD-01980,CUST-0198,2023-12-15,Pending,In-Store,27.33,19,Acceptable,North America,United States
ORD-01981,CUST-0413,2022-09-12,Pending,Phone,7.94,2,Acceptable,Europe,Germany
ORD-01982,CUST-0176,2024-03-22,Completed,Website,44.56,14,Acceptable,Europe,Spain
ORD-01983,CUST-0376,2022-06-10,Completed,Phone,18.33,31,Acceptable,Latin America,Brazil
ORD-01984,CUST-0082,2020-09-22,Cancelled,Marketplace,0.34,7,Acceptable,Africa,South Africa
ORD-01985,CUST-0215,2021-07-27,Completed,Marketplace,23.36,18,Acceptable,Europe,United Kingdom
ORD-01986,CUST-0080,2021-08-06,Pending,Website,17.37,18,Acceptable,Europe,United Kingdom
ORD-01987,CUST-0152,2022-07-25,Cancelled,Phone,31.82,11,Acceptable,Middle East,Saudi Arabia
ORD-01988,CUST-0019,2023-12-13,Pending,Website,20.00,35,Acceptable,Asia Pacific,India
ORD-01989,CUST-0336,2023-05-13,Pending,Phone,19.44,33,Acceptable,Latin America,Chile
ORD-01990,CUST-0174,2022-12-16,Refunded,Website,29.03,30,Acceptable,Europe,Spain
ORD-01991,CUST-0163,2020-05-02,Cancelled,Mobile App,24.78,11,Acceptable,Asia Pacific,Singapore
ORD-01992,CUST-0207,2020-05-23,Refunded,Mobile App,10.01,4,Acceptable,Europe,United Kingdom
ORD-01993,CUST-0211,2022-05-28,Refunded,Partner Portal,6.58,6,Acceptable,Middle East,UAE
ORD-01994,CUST-0033,2024-09-28,Pending,Unknown,16.72,10,Acceptable,Middle East,Qatar
ORD-01995,CUST-0330,2021-02-11,Pending,Marketplace,1.17,5,Acceptable,North America,United States
ORD-01996,CUST-0357,2024-11-30,Cancelled,Marketplace,43.51,34,Acceptable,North America,Mexico
ORD-01997,CUST-0284,2021-05-08,Pending,Website,14.89,21,Acceptable,North America,United States
ORD-01998,CUST-0410,2020-08-31,Completed,Phone,1.43,15,Acceptable,Latin America,Brazil
ORD-01999,CUST-0360,2021-03-26,Completed,Marketplace,36.36,2,Acceptable,Europe,Netherlands
ORD-02000,CUST-0192,2021-07-24,Completed,Phone,18.74,19,Acceptable,Latin America,Argentina
ORD-02001,CUST-0049,2021-08-31,Pending,Phone,39.91,22,Acceptable,Europe,United Kingdom
ORD-02002,CUST-0253,2020-06-19,Cancelled,Mobile App,33.40,6,Acceptable,Africa,Nigeria
ORD-02003,CUST-0161,2020-09-19,Cancelled,Website,8.27,34,Acceptable,North America,Mexico
ORD-02004,CUST-0286,2024-05-15,Pending,Marketplace,13.62,4,Acceptable,Africa,South Africa
ORD-02005,CUST-0156,2021-02-01,Pending,In-Store,28.74,6,Acceptable,Africa,Nigeria
ORD-02006,CUST-0300,2022-11-09,Pending,Phone,44.19,28,Acceptable,Africa,Nigeria
ORD-02007,CUST-0327,2022-10-30,Pending,Unknown,17.23,5,Acceptable,Middle East,Saudi Arabia
ORD-02008,CUST-0062,2022-05-13,Completed,Website,39.83,142,Review Recommended,North America,Mexico
ORD-02009,CUST-0443,2023-01-05,Pending,Partner Portal,36.51,116,Review Recommended,Asia Pacific,Australia
ORD-02010,CUST-0401,2020-06-09,Completed,Partner Portal,38.94,20,Acceptable,Middle East,Qatar
ORD-02011,CUST-0344,2021-11-06,Completed,Phone,29.24,19,Acceptable,Africa,Nigeria
ORD-02012,CUST-0263,2023-03-27,Pending,Website,33.35,30,Acceptable,Asia Pacific,Singapore
ORD-02013,CUST-0438,2021-04-12,Completed,Partner Portal,17.96,25,Acceptable,Europe,Sweden
ORD-02014,CUST-0022,2021-12-21,Completed,Marketplace,35.04,6,Acceptable,North America,United States
ORD-02015,CUST-0217,2021-04-27,Completed,In-Store,20.10,28,Acceptable,Middle East,UAE
ORD-02016,CUST-0045,2022-02-12,Completed,Mobile App,4.13,15,Acceptable,Latin America,Colombia
ORD-02017,CUST-0205,2021-06-08,Completed,Marketplace,0.42,17,Acceptable,Europe,Spain
ORD-02018,CUST-0262,2021-11-08,Pending,Phone,22.72,23,Acceptable,North America,Canada
ORD-02019,CUST-0358,2024-03-12,Completed,Phone,41.69,10,Acceptable,Asia Pacific,India
ORD-02020,CUST-0217,2023-04-22,Completed,Partner Portal,16.01,1,Acceptable,Middle East,UAE
ORD-02021,CUST-0232,2023-12-31,Completed,Website,1.38,22,Acceptable,Middle East,Saudi Arabia
ORD-02022,CUST-0093,2021-02-20,Completed,Mobile App,20.00,7,Acceptable,North America,Canada
ORD-02023,CUST-0476,2020-12-14,Pending,In-Store,6.92,6,Acceptable,Africa,Kenya
ORD-02024,CUST-0203,2020-07-29,Completed,Mobile App,14.29,11,Acceptable,North America,Mexico
ORD-02025,CUST-0333,2024-11-05,Completed,Website,19.21,32,Acceptable,Asia Pacific,Singapore
ORD-02026,CUST-0158,2023-11-10,Pending,Partner Portal,22.79,32,Acceptable,Middle East,Saudi Arabia
ORD-02027,CUST-0213,2023-11-16,Completed,Website,29.18,12,Acceptable,Middle East,Qatar
ORD-02028,CUST-0026,2024-02-06,Cancelled,Phone,2.80,119,Review Recommended,Africa,South Africa
ORD-02029,CUST-0095,2023-01-31,Pending,In-Store,13.87,15,Acceptable,Africa,Ghana
ORD-02030,CUST-0004,2024-10-26,Pending,Website,32.58,0,Acceptable,Latin America,Colombia
ORD-02031,CUST-0060,2022-02-24,Completed,Mobile App,24.12,34,Acceptable,Latin America,Chile
ORD-02032,CUST-0352,2020-10-26,Completed,Phone,10.07,34,Acceptable,Europe,France
ORD-02033,CUST-0067,2022-08-06,Cancelled,Phone,10.62,30,Acceptable,Africa,Ghana
ORD-02034,CUST-0062,2021-04-02,Pending,Marketplace,24.94,22,Acceptable,North America,Mexico
ORD-02035,CUST-0001,2020-01-17,Completed,Marketplace,19.22,18,Acceptable,Latin America,Argentina
ORD-02036,CUST-0351,2020-09-02,Cancelled,Mobile App,32.63,18,Acceptable,Europe,Spain
ORD-02037,CUST-0111,2020-04-13,Completed,Partner Portal,33.76,1,Acceptable,Latin America,Colombia
ORD-02038,CUST-0042,2022-11-09,Cancelled,Marketplace,25.32,14,Acceptable,Africa,Kenya
ORD-02039,CUST-0273,2020-11-04,Cancelled,Partner Portal,0.64,30,Acceptable,Latin America,Brazil
ORD-02040,CUST-0374,2021-02-09,Completed,Mobile App,2.48,1,Acceptable,Europe,France
ORD-02041,CUST-0144,2024-08-20,Completed,In-Store,40.93,26,Acceptable,Asia Pacific,Japan
ORD-02042,CUST-0368,2020-03-14,Refunded,Phone,42.43,3,Acceptable,Africa,Nigeria
ORD-02043,CUST-0075,2022-07-03,Completed,Partner Portal,29.93,28,Acceptable,Africa,South Africa
ORD-02044,CUST-0055,2022-10-04,Cancelled,Marketplace,3.89,31,Acceptable,North America,Canada
ORD-02045,CUST-0364,2023-04-26,Completed,Unknown,22.45,0,Acceptable,Africa,Nigeria
ORD-02046,CUST-0207,2021-11-07,Completed,In-Store,31.64,8,Acceptable,Europe,United Kingdom
ORD-02047,CUST-0361,2020-03-21,Refunded,Unknown,18.33,18,Acceptable,Latin America,Brazil
ORD-02048,CUST-0230,2024-12-02,Pending,Phone,3.95,15,Acceptable,Latin America,Colombia
ORD-02049,CUST-0193,2024-09-26,Pending,Phone,43.05,9,Acceptable,North America,Canada
ORD-02050,CUST-0183,2021-01-11,Completed,Phone,2.97,12,Acceptable,Latin America,Chile
ORD-02051,CUST-0287,2024-11-27,Completed,Website,30.42,4,Acceptable,North America,Canada
ORD-02052,CUST-0016,2022-11-09,Completed,Phone,32.14,19,Acceptable,NA Region,Mexico
ORD-02053,CUST-0469,2024-07-19,Completed,In-Store,8.44,19,Acceptable,Africa,Nigeria
ORD-02054,CUST-0423,2020-07-01,Cancelled,In-Store,12.36,14,Acceptable,Latin America,Colombia
ORD-02055,CUST-0229,2023-10-29,Completed,Mobile App,22.54,31,Acceptable,Middle East,Qatar
ORD-02056,CUST-0334,2023-01-11,Completed,Partner Portal,41.71,149,Review Recommended,Asia Pacific,South Korea
ORD-02057,CUST-0358,2020-07-30,Refunded,Phone,0.88,16,Acceptable,Asia Pacific,India
ORD-02058,CUST-0402,2020-10-05,Completed,Website,0.22,15,Acceptable,Africa,Nigeria
ORD-02059,CUST-0255,2023-12-20,Completed,Marketplace,12.92,5,Acceptable,Africa,Nigeria
ORD-02060,CUST-0226,2023-10-04,Pending,Website,18.76,12,Acceptable,Africa,Nigeria
ORD-02061,CUST-0042,2023-10-31,Completed,Website,26.15,31,Acceptable,Africa,Kenya
ORD-02062,CUST-0030,2023-08-04,Completed,Marketplace,35.71,10,Acceptable,Asia Pacific,India
ORD-02063,CUST-0143,2022-03-25,Completed,Mobile App,31.48,30,Acceptable,Europe,Spain
ORD-02064,CUST-0241,2021-07-08,Pending,Phone,6.14,1,Acceptable,Europe,Germany
ORD-02065,CUST-0239,2023-12-13,Completed,Website,14.02,28,Acceptable,Africa,Kenya
ORD-02066,CUST-0451,2020-12-13,Refunded,Mobile App,16.03,8,Acceptable,Middle East,Qatar
ORD-02067,CUST-0275,2021-11-18,Cancelled,Unknown,37.82,34,Acceptable,Africa,South Africa
ORD-02068,CUST-0042,2021-12-10,Refunded,Mobile App,11.62,23,Acceptable,Africa,Kenya
ORD-02069,CUST-0072,2021-04-27,Cancelled,Website,16.52,7,Acceptable,Latin America,Colombia
ORD-02070,CUST-0230,2022-12-21,Refunded,Phone,40.78,17,Acceptable,Latin America,Colombia
ORD-02071,CUST-0341,2023-11-03,Completed,Partner Portal,1.84,14,Acceptable,Middle East,UAE
ORD-02072,CUST-0001,2020-06-28,Cancelled,Partner Portal,13.82,4,Acceptable,Latin America,Argentina
ORD-02073,CUST-0287,2024-02-22,Cancelled,Phone,19.47,19,Acceptable,North America,Canada
ORD-02074,CUST-0101,2024-01-22,Cancelled,In-Store,41.46,34,Acceptable,Middle East,Qatar
ORD-02075,CUST-0130,2022-09-17,Completed,Partner Portal,40.71,12,Acceptable,Middle East,UAE
ORD-02076,CUST-0045,2024-03-12,Completed,Partner Portal,0.65,7,Acceptable,Latin America,Colombia
ORD-02077,CUST-0022,2022-07-09,Refunded,Website,25.25,26,Acceptable,North America,United States
ORD-02078,CUST-0174,2020-02-04,Cancelled,Marketplace,35.62,14,Acceptable,Europe,Spain
ORD-02079,CUST-0049,2024-07-12,Cancelled,Mobile App,31.51,9,Acceptable,Europe,United Kingdom
ORD-02080,CUST-0094,2024-01-24,Completed,Partner Portal,10.13,35,Acceptable,Europe,Germany
ORD-02081,CUST-0220,2021-03-05,Refunded,Unknown,30.88,18,Acceptable,North America,United States
ORD-02082,CUST-0061,2022-04-25,Completed,Mobile App,11.40,34,Acceptable,Africa,Ghana
ORD-02083,CUST-0384,2020-07-15,Pending,In-Store,32.00,21,Acceptable,Middle East,Qatar
ORD-02084,CUST-0323,2021-01-03,Completed,Phone,32.16,7,Acceptable,Europe,Spain
ORD-02085,CUST-0233,2021-06-15,Completed,Marketplace,14.19,2,Acceptable,Europe,Germany
ORD-02086,CUST-0223,2024-11-05,Refunded,Unknown,2.50,18,Acceptable,Asia Pacific,South Korea
ORD-02087,CUST-0058,2024-05-15,Refunded,Phone,0.39,8,Acceptable,Asia Pacific,South Korea
ORD-02088,CUST-0120,2023-09-24,Refunded,Partner Portal,4.43,4,Acceptable,Middle East,Saudi Arabia
ORD-02089,CUST-0172,2022-07-14,Completed,In-Store,43.15,28,Acceptable,Latin America,Argentina
ORD-02090,CUST-0447,2022-11-02,Completed,Mobile App,22.41,27,Acceptable,Middle East,UAE
ORD-02091,CUST-0372,2024-11-29,Pending,In-Store,36.11,11,Acceptable,Latin America,Chile
ORD-02092,CUST-0135,2021-02-03,Completed,Phone,25.86,17,Acceptable,North America,Mexico
ORD-02093,CUST-0086,2024-05-15,Completed,Website,5.70,4,Acceptable,Europe,Spain
ORD-02094,CUST-0353,2024-12-01,Completed,Partner Portal,38.22,34,Acceptable,Europe,France
ORD-02095,CUST-0125,2021-11-30,Pending,In-Store,1.84,27,Acceptable,Africa,Ghana
ORD-02096,CUST-0370,2022-06-12,Refunded,Phone,4.27,27,Acceptable,North America,United States
ORD-02097,CUST-0368,2024-06-13,Pending,In-Store,21.81,34,Acceptable,Africa,Nigeria
ORD-02098,CUST-0134,2021-12-29,Refunded,Partner Portal,7.21,34,Acceptable,North America,United States
ORD-02099,CUST-0151,2022-07-05,Completed,In-Store,31.14,27,Acceptable,Europe,Sweden
ORD-02100,CUST-0201,2021-07-13,Refunded,In-Store,30.07,34,Acceptable,Africa,Nigeria
ORD-02101,CUST-0113,2021-11-16,Refunded,Partner Portal,10.32,6,Acceptable,North America,United States
ORD-02102,CUST-0435,2022-01-23,Cancelled,Unknown,24.08,31,Acceptable,Asia Pacific,India
ORD-02103,CUST-0143,2022-04-07,Refunded,Mobile App,9.07,11,Acceptable,Europe,Spain
ORD-02104,CUST-0409,2024-10-04,Refunded,Marketplace,25.07,26,Acceptable,North America,United States
ORD-02105,CUST-0184,2023-09-05,Completed,Phone,9.47,5,Acceptable,Africa,South Africa
ORD-02106,CUST-0259,2024-11-26,Completed,Partner Portal,25.03,10,Acceptable,North America,Mexico
ORD-02107,CUST-0068,2023-02-13,Completed,Mobile App,28.19,2,Acceptable,Europe,Sweden
ORD-02108,CUST-0174,2022-11-15,Pending,Website,8.91,27,Acceptable,Europe,Spain
ORD-02109,CUST-0443,2022-09-07,Refunded,Mobile App,14.59,12,Acceptable,Asia Pacific,Australia
ORD-02110,CUST-0474,2022-10-30,Pending,Mobile App,21.41,17,Acceptable,Europe,Germany
ORD-02111,CUST-0079,2023-12-18,Completed,In-Store,38.30,23,Acceptable,Africa,South Africa
ORD-02112,CUST-0111,2020-12-07,Completed,Website,44.12,17,Acceptable,Latin America,Colombia
ORD-02113,CUST-0295,2020-12-17,Completed,Marketplace,36.28,3,Acceptable,Europe,France
ORD-02114,CUST-0012,2020-09-12,Refunded,Phone,28.79,17,Acceptable,Europe,Netherlands
ORD-02115,CUST-0090,2022-12-12,Cancelled,Marketplace,20.02,115,Review Recommended,Asia Pacific,India
ORD-02116,CUST-0036,2022-01-01,Cancelled,Website,18.92,12,Acceptable,Latin America,Colombia
ORD-02117,CUST-0325,2023-09-24,Completed,Unknown,27.72,26,Acceptable,Latin America,Chile
ORD-02118,CUST-0155,2021-05-10,Cancelled,Partner Portal,35.51,3,Acceptable,North America,Mexico
ORD-02119,CUST-0308,2021-04-30,Refunded,Unknown,20.84,33,Acceptable,Europe,Sweden
ORD-02120,CUST-0042,2024-03-11,Pending,Phone,8.75,25,Acceptable,Africa,Kenya
ORD-02121,CUST-0324,2022-10-04,Refunded,Website,34.11,8,Acceptable,Europe,United Kingdom
ORD-02122,CUST-0470,2022-12-16,Completed,Marketplace,38.09,31,Acceptable,Asia Pacific,Japan
ORD-02123,CUST-0270,2023-08-09,Pending,Mobile App,37.12,10,Acceptable,Middle East,Qatar
ORD-02124,CUST-0001,2023-12-27,Refunded,Marketplace,3.36,1,Acceptable,Latin America,Argentina
ORD-02125,CUST-0200,2022-08-14,Refunded,In-Store,34.59,30,Acceptable,North America,United States
ORD-02126,CUST-0023,2022-06-30,Completed,Phone,42.14,29,Acceptable,Middle East,Saudi Arabia
ORD-02127,CUST-0391,2020-06-11,Completed,Mobile App,24.11,14,Acceptable,Asia Pacific,South Korea
ORD-02128,CUST-0125,2023-12-06,Refunded,In-Store,10.07,27,Acceptable,Africa,Ghana
ORD-02129,CUST-0419,2022-04-26,Cancelled,Partner Portal,32.54,13,Acceptable,Africa,Ghana
ORD-02130,CUST-0433,2022-10-18,Completed,Partner Portal,14.70,1,Acceptable,Latin America,Argentina
ORD-02131,CUST-0241,2022-12-04,Refunded,In-Store,18.18,14,Acceptable,Europe,Germany
ORD-02132,CUST-0147,2021-11-25,Cancelled,Marketplace,9.89,7,Acceptable,Latin America,Brazil
ORD-02133,CUST-0058,2023-12-31,Cancelled,Unknown,6.29,30,Acceptable,Asia Pacific,South Korea
ORD-02134,CUST-0477,2020-10-29,Completed,Partner Portal,12.04,5,Acceptable,Europe,Germany
ORD-02135,CUST-0465,2020-02-11,Refunded,Unknown,27.15,33,Acceptable,Asia Pacific,India
ORD-02136,CUST-0355,2024-05-22,Refunded,Partner Portal,28.24,2,Acceptable,Africa,Ghana
ORD-02137,CUST-0142,2020-02-18,Completed,Phone,44.83,28,Acceptable,Asia Pacific,Singapore
ORD-02138,CUST-0068,2022-05-12,Completed,Phone,28.83,0,Acceptable,Europe,Sweden
ORD-02139,CUST-0334,2020-05-06,Completed,Unknown,4.01,9,Acceptable,Asia Pacific,South Korea
ORD-02140,CUST-0258,2020-12-11,Refunded,Partner Portal,11.46,18,Acceptable,Asia Pacific,Singapore
ORD-02141,CUST-0014,2023-08-27,Refunded,In-Store,28.33,34,Acceptable,Africa,South Africa
ORD-02142,CUST-0292,2020-05-08,Refunded,Website,2.79,27,Acceptable,Europe,France
ORD-02143,CUST-0006,2022-07-22,Cancelled,Mobile App,37.51,14,Acceptable,Asia Pacific,South Korea
ORD-02144,CUST-0172,2023-02-02,Pending,Partner Portal,39.71,2,Acceptable,Latin America,Argentina
ORD-02145,CUST-0049,2020-09-21,Completed,Mobile App,10.85,16,Acceptable,Europe,United Kingdom
ORD-02146,CUST-0190,2020-09-26,Completed,Partner Portal,4.26,32,Acceptable,Africa,South Africa
ORD-02147,CUST-0403,2021-09-30,Completed,In-Store,12.36,15,Acceptable,Africa,Kenya
ORD-02148,CUST-0062,2024-01-06,Pending,Website,30.17,24,Acceptable,North America,Mexico
ORD-02149,CUST-0261,2020-10-29,Refunded,Partner Portal,44.22,18,Acceptable,Africa,Ghana
ORD-02150,CUST-0023,2020-03-31,Refunded,Phone,44.58,29,Acceptable,Middle East,Saudi Arabia
ORD-02151,CUST-0228,2024-08-31,Completed,Mobile App,31.61,22,Acceptable,Europe,Spain
ORD-02152,CUST-0268,2021-12-01,Pending,Mobile App,28.64,2,Acceptable,Europe,France
ORD-02153,CUST-0075,2022-05-16,Refunded,Mobile App,28.11,17,Acceptable,Africa,South Africa
ORD-02154,CUST-0208,2023-10-21,Pending,In-Store,2.81,32,Acceptable,Europe,Germany
ORD-02155,CUST-0474,2023-05-09,Refunded,Partner Portal,34.95,13,Acceptable,Europe,Germany
ORD-02156,CUST-0174,2021-08-11,Completed,In-Store,38.41,7,Acceptable,Europe,Spain
ORD-02157,CUST-0372,2021-01-25,Cancelled,In-Store,33.60,12,Acceptable,Latin America,Chile
ORD-02158,CUST-0363,2020-08-31,Completed,Mobile App,29.87,12,Acceptable,Africa,Kenya
ORD-02159,CUST-0034,2022-02-02,Pending,In-Store,2.23,19,Acceptable,Middle East,UAE
ORD-02160,CUST-0068,2021-08-08,Completed,Phone,3.80,13,Acceptable,Europe,Sweden
ORD-02161,CUST-0434,2023-07-22,Completed,Phone,34.57,34,Acceptable,Europe,Sweden
ORD-02162,CUST-0247,2020-06-20,Cancelled,In-Store,12.21,10,Acceptable,Middle East,UAE
ORD-02163,CUST-0118,2020-07-29,Pending,Marketplace,14.21,10,Acceptable,Latin America,Brazil
ORD-02164,CUST-0406,2024-04-03,Cancelled,Website,1.04,8,Acceptable,NA Region,United States
ORD-02165,CUST-0200,2024-02-04,Cancelled,Unknown,11.77,27,Acceptable,North America,United States
ORD-02166,CUST-0138,2023-04-23,Completed,Phone,28.75,9,Acceptable,Middle East,UAE
ORD-02167,CUST-0112,2021-08-31,Completed,In-Store,15.80,14,Acceptable,Africa,Kenya
ORD-02168,CUST-0366,2021-10-06,Completed,Marketplace,42.04,16,Acceptable,Europe,Spain
ORD-02169,CUST-0019,2023-09-07,Completed,Website,34.74,1,Acceptable,Asia Pacific,India
ORD-02170,CUST-0082,2022-11-16,Completed,Marketplace,8.26,26,Acceptable,Africa,South Africa
ORD-02171,CUST-0158,2022-10-21,Refunded,Website,20.50,29,Acceptable,Middle East,Saudi Arabia
ORD-02172,CUST-0288,2022-04-04,Completed,Marketplace,15.23,7,Acceptable,Africa,Kenya
ORD-02173,CUST-0255,2024-07-31,Pending,Marketplace,7.05,33,Acceptable,Africa,Nigeria
ORD-02174,CUST-0305,2020-12-31,Completed,Phone,2.33,1,Acceptable,North America,United States
ORD-02175,CUST-0389,2023-03-17,Completed,Website,17.36,15,Acceptable,Latin America,Colombia
ORD-02176,CUST-0171,2022-03-05,Cancelled,Unknown,4.73,15,Acceptable,Europe,Netherlands
ORD-02177,CUST-0419,2021-11-07,Completed,In-Store,38.42,28,Acceptable,Africa,Ghana
ORD-02178,CUST-0364,2022-10-05,Completed,Website,22.04,29,Acceptable,Africa,Nigeria
ORD-02179,CUST-0462,2020-12-19,Pending,Phone,14.01,29,Acceptable,Middle East,Saudi Arabia
ORD-02180,CUST-0232,2022-08-07,Pending,Phone,40.92,8,Acceptable,Middle East,Saudi Arabia
ORD-02181,CUST-0157,2023-07-21,Pending,Marketplace,38.34,6,Acceptable,Latin America,Chile
ORD-02182,CUST-0394,2021-09-13,Cancelled,Phone,9.09,27,Acceptable,Latin America,Argentina
ORD-02183,CUST-0319,2020-06-23,Completed,Mobile App,9.43,2,Acceptable,Middle East,UAE
ORD-02184,CUST-0308,2022-01-29,Completed,Website,5.06,6,Acceptable,Europe,Sweden
ORD-02185,CUST-0442,2023-07-31,Refunded,Mobile App,39.80,27,Acceptable,North America,United States
ORD-02186,CUST-0067,2023-03-10,Completed,Marketplace,39.33,14,Acceptable,Africa,Ghana
ORD-02187,CUST-0217,2022-08-17,Cancelled,Partner Portal,40.04,17,Acceptable,Middle East,UAE
ORD-02188,CUST-0272,2020-06-18,Completed,Phone,15.25,12,Acceptable,Africa,South Africa
ORD-02189,CUST-0234,2021-04-18,Completed,Partner Portal,39.70,5,Acceptable,Europe,Germany
ORD-02190,CUST-0062,2023-08-21,Refunded,Marketplace,3.81,10,Acceptable,North America,Mexico
ORD-02191,CUST-0281,2024-04-11,Completed,Marketplace,31.05,17,Acceptable,Latin America,Colombia
ORD-02192,CUST-0092,2023-03-01,Cancelled,Marketplace,28.69,27,Acceptable,Latin America,Brazil
ORD-02193,CUST-0467,2020-06-02,Completed,Mobile App,26.08,9,Acceptable,Middle East,Qatar
ORD-02194,CUST-0101,2024-07-06,Completed,Mobile App,4.73,11,Acceptable,Middle East,Qatar
ORD-02195,CUST-0001,2021-05-02,Completed,Mobile App,25.84,12,Acceptable,Latin America,Argentina
ORD-02196,CUST-0243,2020-05-26,Completed,In-Store,3.20,3,Acceptable,Europe,Netherlands
ORD-02197,CUST-0321,2023-08-02,Completed,Marketplace,44.06,9,Acceptable,Europe,United Kingdom
ORD-02198,CUST-0245,2020-03-04,Pending,Partner Portal,6.29,28,Acceptable,Europe,Sweden
ORD-02199,CUST-0015,2022-04-15,Pending,Marketplace,13.29,27,Acceptable,Africa,Nigeria
ORD-02200,CUST-0195,2021-12-08,Completed,Website,39.90,18,Acceptable,Africa,Nigeria
ORD-02201,CUST-0365,2023-08-19,Refunded,Partner Portal,14.25,0,Acceptable,Europe,United Kingdom
ORD-02202,CUST-0186,2020-01-26,Pending,Marketplace,15.09,11,Acceptable,Asia Pacific,Singapore
ORD-02203,CUST-0422,2021-03-11,Pending,Marketplace,31.30,17,Acceptable,North America,Canada
ORD-02204,CUST-0399,2020-12-04,Pending,Website,42.32,23,Acceptable,Latin America,Chile
ORD-02205,CUST-0284,2020-09-24,Refunded,Unknown,38.08,15,Acceptable,North America,United States
ORD-02206,CUST-0288,2021-06-16,Pending,Mobile App,35.06,23,Acceptable,Africa,Kenya
ORD-02207,CUST-0359,2022-09-24,Completed,Mobile App,12.47,12,Acceptable,Europe,Netherlands
ORD-02208,CUST-0120,2021-06-01,Completed,In-Store,39.17,23,Acceptable,Middle East,Saudi Arabia
ORD-02209,CUST-0012,2020-01-25,Refunded,Marketplace,28.96,32,Acceptable,Europe,Netherlands
ORD-02210,CUST-0018,2022-12-15,Completed,Marketplace,15.77,2,Acceptable,Africa,Ghana
ORD-02211,CUST-0077,2024-08-01,Completed,Mobile App,21.30,12,Acceptable,Asia Pacific,Australia
ORD-02212,CUST-0445,2022-03-22,Refunded,Website,44.34,22,Acceptable,Asia Pacific,India
ORD-02213,CUST-0281,2022-01-23,Completed,In-Store,40.82,5,Acceptable,Latin America,Colombia
ORD-02214,CUST-0469,2024-10-09,Cancelled,Marketplace,19.19,31,Acceptable,Africa,Nigeria
ORD-02215,CUST-0434,2022-07-29,Refunded,Phone,10.05,4,Acceptable,Europe,Sweden
ORD-02216,CUST-0372,2024-04-08,Cancelled,Marketplace,27.26,5,Acceptable,Latin America,Chile
ORD-02217,CUST-0386,2023-05-14,Cancelled,Marketplace,36.82,12,Acceptable,Latin America,Chile
ORD-02218,CUST-0187,2023-04-17,Cancelled,Mobile App,38.86,34,Acceptable,North America,Canada
ORD-02219,CUST-0098,2021-04-08,Completed,In-Store,32.48,19,Acceptable,Middle East,UAE
ORD-02220,CUST-0328,2024-11-14,Completed,In-Store,13.66,9,Acceptable,Middle East,UAE
ORD-02221,CUST-0367,2023-12-10,Completed,Marketplace,28.31,28,Acceptable,Middle East,UAE
ORD-02222,CUST-0115,2022-11-08,Pending,Unknown,1.11,31,Acceptable,Middle East,UAE
ORD-02223,CUST-0110,2020-11-28,Pending,Mobile App,39.06,32,Acceptable,Middle East,Saudi Arabia
ORD-02224,CUST-0066,2021-09-30,Refunded,Phone,38.77,28,Acceptable,Asia Pacific,South Korea
ORD-02225,CUST-0435,2024-04-29,Cancelled,Mobile App,3.39,19,Acceptable,Asia Pacific,India
ORD-02226,CUST-0169,2022-05-31,Pending,Website,24.52,15,Acceptable,Asia Pacific,South Korea
ORD-02227,CUST-0088,2024-11-02,Completed,Marketplace,23.06,20,Acceptable,North America,Canada
ORD-02228,CUST-0139,2024-08-05,Cancelled,In-Store,29.43,27,Acceptable,Europe,Netherlands
ORD-02229,CUST-0024,2023-09-13,Completed,Partner Portal,2.90,19,Acceptable,Africa,Nigeria
ORD-02230,CUST-0466,2024-12-30,Pending,Unknown,33.71,25,Acceptable,Europe,Spain
ORD-02231,CUST-0217,2024-09-09,Refunded,In-Store,11.39,1,Acceptable,Middle East,UAE
ORD-02232,CUST-0177,2020-02-21,Cancelled,Unknown,8.13,113,Review Recommended,Asia Pacific,India
ORD-02233,CUST-0207,2021-12-01,Pending,Partner Portal,29.57,34,Acceptable,Europe,United Kingdom
ORD-02234,CUST-0035,2022-12-06,Completed,In-Store,15.09,14,Acceptable,Europe,Spain
ORD-02235,CUST-0355,2022-12-07,Completed,Marketplace,23.55,10,Acceptable,Africa,Ghana
ORD-02236,CUST-0109,2022-08-05,Refunded,In-Store,3.45,9,Acceptable,Latin America,Chile
ORD-02237,CUST-0024,2024-05-02,Completed,Website,29.64,21,Acceptable,Africa,Nigeria
ORD-02238,CUST-0252,2022-01-24,Completed,Website,38.33,24,Acceptable,North America,Mexico
ORD-02239,CUST-0255,2020-02-11,Pending,Website,37.07,21,Acceptable,Africa,Nigeria
ORD-02240,CUST-0403,2023-05-24,Refunded,Phone,21.26,30,Acceptable,Africa,Kenya
ORD-02241,CUST-0238,2024-07-19,Completed,Website,10.94,3,Acceptable,Latin America,Argentina
ORD-02242,CUST-0317,2024-12-28,Completed,Phone,26.24,18,Acceptable,Middle East,Qatar
ORD-02243,CUST-0261,2024-09-11,Completed,Mobile App,7.10,34,Acceptable,Africa,Ghana
ORD-02244,CUST-0437,2022-08-06,Pending,Website,30.09,20,Acceptable,North America,Canada
ORD-02245,CUST-0448,2024-05-05,Completed,Mobile App,43.36,5,Acceptable,Africa,South Africa
ORD-02246,CUST-0415,2020-02-11,Completed,Mobile App,39.93,27,Acceptable,Asia Pacific,South Korea
ORD-02247,CUST-0039,2024-10-26,Refunded,Marketplace,28.49,6,Acceptable,NA Region,Mexico
ORD-02248,CUST-0021,2021-04-03,Cancelled,Unknown,44.90,5,Acceptable,Asia Pacific,Australia
ORD-02249,CUST-0118,2023-10-19,Cancelled,In-Store,0.46,31,Acceptable,Latin America,Brazil
ORD-02250,CUST-0184,2024-04-02,Refunded,Phone,15.37,19,Acceptable,Africa,South Africa
ORD-02251,CUST-0445,2020-10-28,Pending,Marketplace,9.72,31,Acceptable,Asia Pacific,India
ORD-02252,CUST-0463,2024-05-02,Pending,In-Store,30.80,34,Acceptable,Africa,South Africa
ORD-02253,CUST-0112,2022-07-17,Refunded,Marketplace,40.61,27,Acceptable,Africa,Kenya
ORD-02254,CUST-0254,2022-06-12,Completed,In-Store,33.83,128,Review Recommended,Asia Pacific,Singapore
ORD-02255,CUST-0325,2024-01-13,Pending,Marketplace,39.36,11,Acceptable,Latin America,Chile
ORD-02256,CUST-0390,2021-03-02,Completed,Marketplace,16.64,2,Acceptable,Middle East,Saudi Arabia
ORD-02257,CUST-0051,2024-07-23,Cancelled,Partner Portal,26.93,30,Acceptable,Middle East,Qatar
ORD-02258,CUST-0444,2021-01-03,Completed,Marketplace,22.58,25,Acceptable,Asia Pacific,Singapore
ORD-02259,CUST-0201,2021-08-28,Cancelled,Mobile App,41.63,33,Acceptable,Africa,Nigeria
ORD-02260,CUST-0347,2021-01-22,Pending,Mobile App,0.22,6,Acceptable,North America,Mexico
ORD-02261,CUST-0125,2023-01-04,Refunded,Marketplace,34.53,35,Acceptable,Africa,Ghana
ORD-02262,CUST-0010,2021-05-26,Pending,Partner Portal,40.45,24,Acceptable,Latin America,Chile
ORD-02263,CUST-0164,2023-04-10,Completed,Mobile App,41.03,20,Acceptable,North America,Mexico
ORD-02264,CUST-0095,2021-10-31,Completed,Partner Portal,39.32,6,Acceptable,Africa,Ghana
ORD-02265,CUST-0094,2022-07-19,Pending,Website,11.77,22,Acceptable,Europe,Germany
ORD-02266,CUST-0300,2023-10-21,Completed,Partner Portal,11.41,27,Acceptable,Africa,Nigeria
ORD-02267,CUST-0455,2023-12-02,Pending,Unknown,20.56,14,Acceptable,Asia Pacific,Australia
ORD-02268,CUST-0395,2020-03-10,Completed,Website,23.70,2,Acceptable,Middle East,Qatar
ORD-02269,CUST-0316,2024-05-29,Refunded,Partner Portal,34.33,6,Acceptable,Africa,Kenya
ORD-02270,CUST-0271,2024-01-23,Completed,Phone,26.15,11,Acceptable,Latin America,Chile
ORD-02271,CUST-0429,2022-12-29,Completed,Mobile App,27.89,32,Acceptable,Asia Pacific,India
ORD-02272,CUST-0394,2020-05-08,Completed,In-Store,0.46,32,Acceptable,Latin America,Argentina
ORD-02273,CUST-0188,2021-09-09,Cancelled,Marketplace,34.69,14,Acceptable,Africa,South Africa
ORD-02274,CUST-0037,2022-10-01,Refunded,Unknown,30.68,23,Acceptable,North America,Mexico
ORD-02275,CUST-0340,2020-06-24,Pending,Mobile App,31.89,26,Acceptable,Africa,Ghana
ORD-02276,CUST-0073,2021-01-28,Cancelled,Partner Portal,44.86,30,Acceptable,Latin America,Argentina
ORD-02277,CUST-0060,2023-10-20,Cancelled,Mobile App,21.51,11,Acceptable,Latin America,Chile
ORD-02278,CUST-0355,2020-06-20,Completed,Partner Portal,21.99,5,Acceptable,Africa,Ghana
ORD-02279,CUST-0344,2023-02-20,Completed,Phone,19.41,14,Acceptable,Africa,Nigeria
ORD-02280,CUST-0086,2021-02-06,Completed,In-Store,20.09,28,Acceptable,Europe,Spain
ORD-02281,CUST-0238,2023-06-24,Completed,Mobile App,5.71,26,Acceptable,Latin America,Argentina
ORD-02282,CUST-0151,2024-05-11,Pending,Unknown,25.91,10,Acceptable,Europe,Sweden
ORD-02283,CUST-0107,2022-05-01,Pending,Marketplace,34.40,20,Acceptable,Middle East,Saudi Arabia
ORD-02284,CUST-0014,2023-02-10,Refunded,Marketplace,5.85,33,Acceptable,Africa,South Africa
ORD-02285,CUST-0237,2021-03-26,Cancelled,Marketplace,42.47,17,Acceptable,Latin America,Brazil
ORD-02286,CUST-0354,2024-01-25,Cancelled,Phone,7.15,19,Acceptable,Europe,France
ORD-02287,CUST-0215,2024-05-02,Completed,Phone,9.88,31,Acceptable,Europe,United Kingdom
ORD-02288,CUST-0151,2022-07-02,Completed,Website,19.04,27,Acceptable,Europe,Sweden
ORD-02289,CUST-0416,2024-01-08,Cancelled,Marketplace,41.23,3,Acceptable,Middle East,Saudi Arabia
ORD-02290,CUST-0253,2024-11-09,Pending,Unknown,36.76,23,Acceptable,Africa,Nigeria
ORD-02291,CUST-0431,2021-05-10,Completed,Website,36.82,30,Acceptable,Asia Pacific,Singapore
ORD-02292,CUST-0266,2023-12-07,Completed,Partner Portal,25.34,22,Acceptable,Asia Pacific,Japan
ORD-02293,CUST-0082,2021-03-24,Completed,Phone,26.43,20,Acceptable,Africa,South Africa
ORD-02294,CUST-0008,2024-03-26,Pending,Website,24.10,3,Acceptable,Latin America,Chile
ORD-02295,CUST-0397,2023-04-19,Pending,Website,37.97,4,Acceptable,Latin America,Argentina
ORD-02296,CUST-0198,2024-11-16,Completed,Mobile App,4.72,22,Acceptable,North America,United States
ORD-02297,CUST-0128,2020-05-12,Completed,Mobile App,39.65,27,Acceptable,North America,United States
ORD-02298,CUST-0170,2020-01-20,Cancelled,Unknown,26.53,22,Acceptable,North America,Mexico
ORD-02299,CUST-0366,2024-01-18,Pending,Website,27.86,23,Acceptable,Europe,Spain
ORD-02300,CUST-0096,2021-09-08,Pending,Unknown,32.49,11,Acceptable,Middle East,UAE
ORD-02301,CUST-0144,2020-04-26,Refunded,Mobile App,2.07,13,Acceptable,Asia Pacific,Japan
ORD-02302,CUST-0381,2022-12-25,Refunded,Marketplace,13.26,10,Acceptable,Middle East,UAE
ORD-02303,CUST-0077,2020-03-18,Cancelled,Marketplace,5.61,7,Acceptable,Asia Pacific,Australia
ORD-02304,CUST-0326,2024-09-20,Completed,Partner Portal,36.35,33,Acceptable,Europe,Netherlands
ORD-02305,CUST-0156,2020-09-26,Cancelled,In-Store,23.21,35,Acceptable,Africa,Nigeria
ORD-02306,CUST-0289,2022-04-09,Completed,Marketplace,0.03,2,Acceptable,Europe,Netherlands
ORD-02307,CUST-0384,2022-02-17,Completed,Mobile App,8.79,12,Acceptable,Middle East,Qatar
ORD-02308,CUST-0388,2021-03-10,Pending,Marketplace,5.90,17,Acceptable,Asia Pacific,South Korea
ORD-02309,CUST-0367,2022-11-24,Completed,Mobile App,38.68,6,Acceptable,Middle East,UAE
ORD-02310,CUST-0383,2020-08-13,Cancelled,Marketplace,24.63,10,Acceptable,Africa,Ghana
ORD-02311,CUST-0314,2022-08-24,Completed,Partner Portal,40.84,15,Acceptable,North America,United States
ORD-02312,CUST-0144,2020-03-29,Cancelled,Mobile App,3.32,33,Acceptable,Asia Pacific,Japan
ORD-02313,CUST-0349,2024-12-23,Completed,Partner Portal,19.17,25,Acceptable,Asia Pacific,South Korea
ORD-02314,CUST-0397,2020-09-09,Refunded,Unknown,1.54,0,Acceptable,Latin America,Argentina
ORD-02315,CUST-0427,2020-02-24,Refunded,Website,16.49,33,Acceptable,Europe,United Kingdom
ORD-02316,CUST-0479,2022-04-01,Refunded,Phone,19.39,29,Acceptable,Latin America,Argentina
ORD-02317,CUST-0072,2023-03-18,Cancelled,Mobile App,13.09,6,Acceptable,Latin America,Colombia
ORD-02318,CUST-0144,2020-10-17,Pending,Website,27.11,31,Acceptable,Asia Pacific,Japan
ORD-02319,CUST-0082,2024-08-15,Completed,Mobile App,18.04,27,Acceptable,Africa,South Africa
ORD-02320,CUST-0272,2021-10-09,Pending,Mobile App,35.16,19,Acceptable,Africa,South Africa
ORD-02321,CUST-0287,2023-02-28,Refunded,Website,4.75,26,Acceptable,NA Region,Canada
ORD-02322,CUST-0019,2024-09-14,Cancelled,Mobile App,0.45,9,Acceptable,Asia Pacific,India
ORD-02323,CUST-0120,2022-11-12,Completed,Phone,6.21,18,Acceptable,Middle East,Saudi Arabia
ORD-02324,CUST-0427,2024-04-05,Refunded,Partner Portal,43.29,11,Acceptable,Europe,United Kingdom
ORD-02325,CUST-0218,2021-03-13,Refunded,Marketplace,38.28,28,Acceptable,Africa,South Africa
ORD-02326,CUST-0094,2023-07-02,Completed,Website,40.28,119,Review Recommended,Europe,Germany
ORD-02327,CUST-0082,2023-12-16,Refunded,Website,25.18,10,Acceptable,Africa,South Africa
ORD-02328,CUST-0379,2022-04-16,Cancelled,Marketplace,29.95,16,Acceptable,Europe,United Kingdom
ORD-02329,CUST-0307,2022-11-15,Completed,Partner Portal,9.19,35,Acceptable,North America,Canada
ORD-02330,CUST-0250,2023-05-05,Cancelled,Phone,11.52,33,Acceptable,Europe,Sweden
ORD-02331,CUST-0406,2022-02-07,Completed,Partner Portal,2.52,33,Acceptable,North America,United States
ORD-02332,CUST-0259,2024-03-03,Refunded,In-Store,35.85,19,Acceptable,North America,Mexico
ORD-02333,CUST-0243,2023-04-22,Refunded,Marketplace,21.64,15,Acceptable,Europe,Netherlands
ORD-02334,CUST-0036,2023-12-31,Completed,Website,19.64,10,Acceptable,Latin America,Colombia
ORD-02335,CUST-0322,2020-03-25,Completed,Partner Portal,3.00,18,Acceptable,Africa,Ghana
ORD-02336,CUST-0309,2024-04-08,Completed,Marketplace,21.68,24,Acceptable,Africa,South Africa
ORD-02337,CUST-0004,2024-04-27,Completed,Marketplace,27.20,34,Acceptable,Latin America,Colombia
ORD-02338,CUST-0107,2022-06-26,Pending,Unknown,24.53,25,Acceptable,Middle East,Saudi Arabia
ORD-02339,CUST-0354,2021-04-13,Cancelled,Phone,26.72,34,Acceptable,Europe,France
ORD-02340,CUST-0100,2020-08-26,Cancelled,Mobile App,10.99,33,Acceptable,Europe,United Kingdom
ORD-02341,CUST-0079,2023-02-25,Cancelled,Phone,23.49,13,Acceptable,Africa,South Africa
ORD-02342,CUST-0294,2023-09-10,Pending,Phone,36.11,19,Acceptable,Africa,Nigeria
ORD-02343,CUST-0373,2022-03-12,Cancelled,Mobile App,37.75,9,Acceptable,Europe,France
ORD-02344,CUST-0378,2021-04-27,Completed,Phone,36.46,17,Acceptable,Middle East,Saudi Arabia
ORD-02345,CUST-0465,2020-02-21,Completed,Phone,12.61,21,Acceptable,Asia Pacific,India
ORD-02346,CUST-0112,2021-06-25,Refunded,Marketplace,25.11,24,Acceptable,Africa,Kenya
ORD-02347,CUST-0344,2024-01-25,Completed,Phone,4.47,17,Acceptable,Africa,Nigeria
ORD-02348,CUST-0029,2023-08-11,Completed,Website,2.96,5,Acceptable,Middle East,Saudi Arabia
ORD-02349,CUST-0054,2023-01-27,Completed,In-Store,10.67,18,Acceptable,Africa,Ghana
ORD-02350,CUST-0457,2024-08-04,Completed,Phone,39.57,10,Acceptable,North America,Mexico
ORD-02351,CUST-0081,2020-01-09,Refunded,Unknown,8.75,20,Acceptable,North America,Mexico
ORD-02352,CUST-0306,2024-06-08,Completed,Mobile App,31.23,11,Acceptable,Europe,Spain
ORD-02353,CUST-0221,2022-02-24,Cancelled,In-Store,37.58,5,Acceptable,Asia Pacific,Japan
ORD-02354,CUST-0392,2023-04-10,Pending,Website,24.26,31,Acceptable,Asia Pacific,Singapore
ORD-02355,CUST-0434,2022-04-06,Cancelled,Mobile App,4.67,4,Acceptable,Europe,Sweden
ORD-02356,CUST-0074,2020-06-26,Completed,Marketplace,2.59,28,Acceptable,Africa,Nigeria
ORD-02357,CUST-0286,2021-07-15,Cancelled,Website,35.64,131,Review Recommended,Africa,South Africa
ORD-02358,CUST-0445,2020-04-26,Cancelled,Partner Portal,20.78,148,Review Recommended,Asia Pacific,India
ORD-02359,CUST-0104,2022-12-07,Completed,Website,1.20,24,Acceptable,North America,Canada
ORD-02360,CUST-0211,2021-04-12,Completed,In-Store,8.06,2,Acceptable,Middle East,UAE
ORD-02361,CUST-0452,2023-08-08,Refunded,Unknown,33.71,6,Acceptable,Latin America,Brazil
ORD-02362,CUST-0239,2024-05-21,Completed,Mobile App,17.66,7,Acceptable,Africa,Kenya
ORD-02363,CUST-0239,2022-03-11,Cancelled,Partner Portal,1.69,26,Acceptable,Africa,Kenya
ORD-02364,CUST-0180,2024-06-01,Refunded,Phone,2.42,19,Acceptable,North America,Mexico
ORD-02365,CUST-0101,2022-02-04,Pending,Marketplace,10.13,8,Acceptable,Middle East,Qatar
ORD-02366,CUST-0145,2021-08-26,Completed,Mobile App,23.41,30,Acceptable,Europe,Germany
ORD-02367,CUST-0372,2023-05-23,Completed,Partner Portal,39.60,12,Acceptable,Latin America,Chile
ORD-02368,CUST-0258,2022-12-30,Completed,Partner Portal,9.61,22,Acceptable,Asia Pacific,Singapore
ORD-02369,CUST-0245,2023-09-27,Completed,Phone,32.02,17,Acceptable,Europe,Sweden
ORD-02370,CUST-0090,2020-09-09,Completed,Phone,36.50,1,Acceptable,Asia Pacific,India
ORD-02371,CUST-0144,2022-04-10,Refunded,Mobile App,16.77,33,Acceptable,Asia Pacific,Japan
ORD-02372,CUST-0187,2022-02-26,Refunded,Partner Portal,43.48,30,Acceptable,North America,Canada
ORD-02373,CUST-0333,2021-10-03,Completed,Partner Portal,19.02,21,Acceptable,Asia Pacific,Singapore
ORD-02374,CUST-0450,2024-09-13,Cancelled,Mobile App,19.70,12,Acceptable,Europe,France
ORD-02375,CUST-0012,2021-01-14,Completed,Marketplace,21.60,33,Acceptable,Europe,Netherlands
ORD-02376,CUST-0157,2022-01-28,Completed,Mobile App,14.12,32,Acceptable,Latin America,Chile
ORD-02377,CUST-0078,2023-09-03,Completed,Marketplace,27.41,34,Acceptable,Europe,United Kingdom
ORD-02378,CUST-0260,2022-04-15,Pending,Phone,23.20,2,Acceptable,Latin America,Argentina
ORD-02379,CUST-0171,2023-01-15,Pending,Website,1.80,2,Acceptable,Europe,Netherlands
ORD-02380,CUST-0259,2022-03-14,Completed,Mobile App,35.44,27,Acceptable,North America,Mexico
ORD-02381,CUST-0038,2022-10-10,Completed,In-Store,19.68,32,Acceptable,Africa,South Africa
ORD-02382,CUST-0465,2022-11-08,Completed,Mobile App,39.35,17,Acceptable,Asia Pacific,India
ORD-02383,CUST-0361,2020-07-30,Refunded,Partner Portal,7.32,5,Acceptable,Latin America,Brazil
ORD-02384,CUST-0133,2022-09-02,Completed,Partner Portal,1.43,13,Acceptable,Africa,Ghana
ORD-02385,CUST-0385,2024-08-02,Cancelled,Mobile App,44.23,17,Acceptable,Middle East,Saudi Arabia
ORD-02386,CUST-0156,2024-01-20,Refunded,Marketplace,16.67,14,Acceptable,Africa,Nigeria
ORD-02387,CUST-0430,2020-04-26,Completed,Mobile App,41.35,4,Acceptable,Middle East,Saudi Arabia
ORD-02388,CUST-0212,2024-05-15,Completed,Partner Portal,24.48,13,Acceptable,Middle East,Saudi Arabia
ORD-02389,CUST-0142,2024-05-01,Pending,Partner Portal,37.14,23,Acceptable,Asia Pacific,Singapore
ORD-02390,CUST-0320,2021-11-17,Completed,Phone,44.94,16,Acceptable,Middle East,UAE
ORD-02391,CUST-0321,2023-08-10,Cancelled,Mobile App,8.72,2,Acceptable,Europe,United Kingdom
ORD-02392,CUST-0041,2024-02-05,Cancelled,Phone,15.40,31,Acceptable,Europe,Netherlands
ORD-02393,CUST-0004,2020-01-28,Completed,Mobile App,0.55,3,Acceptable,Latin America,Colombia
ORD-02394,CUST-0353,2023-05-30,Cancelled,Partner Portal,7.89,6,Acceptable,Europe,France
ORD-02395,CUST-0057,2024-06-30,Completed,Marketplace,22.46,29,Acceptable,Africa,Ghana
ORD-02396,CUST-0094,2022-11-11,Pending,Marketplace,1.68,13,Acceptable,Europe,Germany
ORD-02397,CUST-0362,2023-04-23,Completed,Unknown,5.39,4,Acceptable,Asia Pacific,India
ORD-02398,CUST-0193,2023-07-10,Completed,In-Store,36.23,12,Acceptable,North America,Canada
ORD-02399,CUST-0079,2020-12-28,Cancelled,Unknown,17.59,7,Acceptable,Africa,South Africa
ORD-02400,CUST-0256,2023-09-22,Completed,Mobile App,25.86,25,Acceptable,Europe,Netherlands
ORD-02401,CUST-0114,2020-10-24,Cancelled,In-Store,11.18,15,Acceptable,Europe,United Kingdom
ORD-02402,CUST-0029,2020-07-11,Cancelled,Phone,28.86,1,Acceptable,Middle East,Saudi Arabia
ORD-02403,CUST-0357,2022-12-26,Cancelled,In-Store,30.09,32,Acceptable,North America,Mexico
ORD-02404,CUST-0049,2021-02-01,Completed,Marketplace,10.71,28,Acceptable,Europe,United Kingdom
ORD-02405,CUST-0359,2021-01-08,Pending,Marketplace,17.83,17,Acceptable,Europe,Netherlands
ORD-02406,CUST-0385,2024-02-08,Completed,Mobile App,16.80,29,Acceptable,Middle East,Saudi Arabia
ORD-02407,CUST-0037,2022-03-18,Pending,In-Store,44.81,20,Acceptable,North America,Mexico
ORD-02408,CUST-0022,2024-05-23,Refunded,Website,9.75,4,Acceptable,North America,United States
ORD-02409,CUST-0320,2021-06-07,Completed,Website,39.28,19,Acceptable,Middle East,UAE
ORD-02410,CUST-0107,2023-08-04,Completed,Mobile App,5.02,15,Acceptable,Middle East,Saudi Arabia
ORD-02411,CUST-0132,2022-03-09,Refunded,Mobile App,1.93,15,Acceptable,Africa,South Africa
ORD-02412,CUST-0344,2023-09-22,Completed,Mobile App,23.30,21,Acceptable,Africa,Nigeria
ORD-02413,CUST-0078,2024-06-23,Completed,Unknown,16.47,16,Acceptable,Europe,United Kingdom
ORD-02414,CUST-0379,2022-03-25,Refunded,Unknown,18.44,32,Acceptable,Europe,United Kingdom
ORD-02415,CUST-0211,2023-09-30,Cancelled,Phone,21.89,32,Acceptable,Middle East,UAE
ORD-02416,CUST-0278,2024-07-31,Completed,Partner Portal,27.97,23,Acceptable,North America,United States
ORD-02417,CUST-0257,2021-07-28,Completed,Phone,8.70,20,Acceptable,Europe,France
ORD-02418,CUST-0206,2023-02-10,Completed,Unknown,36.85,12,Acceptable,Europe,Netherlands
ORD-02419,CUST-0087,2024-07-07,Pending,Mobile App,11.64,14,Acceptable,Asia Pacific,Australia
ORD-02420,CUST-0418,2021-09-05,Completed,Website,9.26,6,Acceptable,Asia Pacific,Singapore
ORD-02421,CUST-0318,2022-05-23,Refunded,In-Store,16.82,4,Acceptable,Asia Pacific,South Korea
ORD-02422,CUST-0093,2022-01-11,Refunded,Partner Portal,19.94,23,Acceptable,North America,Canada
ORD-02423,CUST-0146,2021-02-03,Pending,Marketplace,2.29,4,Acceptable,Africa,Kenya
ORD-02424,CUST-0249,2023-05-06,Completed,Mobile App,36.70,28,Acceptable,Africa,Kenya
ORD-02425,CUST-0009,2022-07-02,Completed,Partner Portal,34.24,8,Acceptable,Europe,United Kingdom
ORD-02426,CUST-0228,2023-08-03,Completed,Unknown,31.42,21,Acceptable,Europe,Spain
ORD-02427,CUST-0379,2023-06-05,Refunded,Mobile App,35.43,6,Acceptable,Europe,United Kingdom
ORD-02428,CUST-0394,2021-08-04,Refunded,Phone,42.82,35,Acceptable,Latin America,Argentina
ORD-02429,CUST-0207,2023-07-30,Pending,In-Store,15.65,1,Acceptable,Europe,United Kingdom
ORD-02430,CUST-0181,2021-02-25,Pending,In-Store,35.98,0,Acceptable,North America,Mexico
ORD-02431,CUST-0260,2021-07-16,Completed,Unknown,7.35,33,Acceptable,Latin America,Argentina
ORD-02432,CUST-0258,2024-10-16,Completed,Phone,23.73,13,Acceptable,Asia Pacific,Singapore
ORD-02433,CUST-0324,2020-03-29,Completed,Mobile App,16.72,8,Acceptable,Europe,United Kingdom
ORD-02434,CUST-0403,2020-01-23,Refunded,Marketplace,42.30,14,Acceptable,Africa,Kenya
ORD-02435,CUST-0258,2020-05-26,Cancelled,Partner Portal,24.55,32,Acceptable,Asia Pacific,Singapore
ORD-02436,CUST-0204,2022-08-02,Completed,Phone,24.70,21,Acceptable,Africa,South Africa
ORD-02437,CUST-0372,2022-04-29,Refunded,Partner Portal,37.76,13,Acceptable,Latin America,Chile
ORD-02438,CUST-0351,2020-07-03,Cancelled,Phone,35.52,6,Acceptable,Europe,Spain
ORD-02439,CUST-0167,2021-12-28,Completed,Marketplace,29.54,34,Acceptable,North America,United States
ORD-02440,CUST-0405,2024-07-16,Cancelled,In-Store,11.12,16,Acceptable,Asia Pacific,Japan
ORD-02441,CUST-0311,2021-11-22,Completed,Website,39.22,34,Acceptable,Asia Pacific,Japan
ORD-02442,CUST-0146,2020-11-04,Completed,Partner Portal,39.77,29,Acceptable,Africa,Kenya
ORD-02443,CUST-0180,2022-10-23,Completed,Phone,36.24,26,Acceptable,North America,Mexico
ORD-02444,CUST-0309,2020-11-21,Refunded,Partner Portal,23.30,13,Acceptable,Africa,South Africa
ORD-02445,CUST-0019,2023-10-18,Refunded,Website,25.22,13,Acceptable,Asia Pacific,India
ORD-02446,CUST-0156,2020-10-18,Refunded,Mobile App,31.11,13,Acceptable,Africa,Nigeria
ORD-02447,CUST-0400,2021-12-08,Completed,Phone,32.21,20,Acceptable,Asia Pacific,Australia
ORD-02448,CUST-0381,2022-01-02,Cancelled,In-Store,42.04,16,Acceptable,Middle East,UAE
ORD-02449,CUST-0372,2022-02-07,Refunded,Marketplace,21.34,22,Acceptable,Latin America,Chile
ORD-02450,CUST-0021,2020-02-02,Refunded,Mobile App,26.06,16,Acceptable,Asia Pacific,Australia
ORD-02451,CUST-0183,2023-12-15,Refunded,Mobile App,2.04,25,Acceptable,Latin America,Chile
ORD-02452,CUST-0010,2021-06-17,Cancelled,Mobile App,35.33,31,Acceptable,Latin America,Chile
ORD-02453,CUST-0303,2021-02-27,Refunded,Marketplace,10.46,24,Acceptable,Middle East,Qatar
ORD-02454,CUST-0281,2022-08-04,Pending,Partner Portal,30.02,15,Acceptable,Latin America,Colombia
ORD-02455,CUST-0291,2024-03-01,Completed,Partner Portal,40.63,7,Acceptable,Middle East,UAE
ORD-02456,CUST-0346,2022-08-14,Completed,In-Store,4.06,2,Acceptable,North America,Canada
ORD-02457,CUST-0346,2024-09-13,Cancelled,In-Store,8.10,13,Acceptable,North America,Canada
ORD-02458,CUST-0197,2021-11-16,Completed,Website,35.11,32,Acceptable,Latin America,Colombia
ORD-02459,CUST-0049,2023-10-18,Completed,Unknown,21.74,27,Acceptable,Europe,United Kingdom
ORD-02460,CUST-0333,2020-12-01,Refunded,Partner Portal,5.18,29,Acceptable,Asia Pacific,Singapore
ORD-02461,CUST-0298,2022-01-26,Cancelled,Website,1.51,9,Acceptable,Africa,South Africa
ORD-02462,CUST-0330,2023-12-21,Completed,In-Store,38.39,19,Acceptable,North America,United States
ORD-02463,CUST-0180,2024-11-10,Cancelled,Marketplace,13.11,19,Acceptable,North America,Mexico
ORD-02464,CUST-0099,2024-06-25,Completed,In-Store,8.87,14,Acceptable,Latin America,Chile
ORD-02465,CUST-0258,2020-11-21,Completed,Mobile App,1.56,18,Acceptable,Asia Pacific,Singapore
ORD-02466,CUST-0330,2024-02-25,Refunded,Website,41.76,16,Acceptable,North America,United States
ORD-02467,CUST-0212,2021-06-06,Refunded,In-Store,24.67,27,Acceptable,Middle East,Saudi Arabia
ORD-02468,CUST-0248,2020-12-19,Pending,Mobile App,4.84,6,Acceptable,Europe,Netherlands
ORD-02469,CUST-0224,2024-10-07,Pending,Partner Portal,14.23,18,Acceptable,Europe,Germany
ORD-02470,CUST-0115,2021-11-25,Completed,Marketplace,22.86,0,Acceptable,Middle East,UAE
ORD-02471,CUST-0404,2020-01-11,Cancelled,Marketplace,41.58,15,Acceptable,Latin America,Colombia
ORD-02472,CUST-0113,2020-12-26,Refunded,Partner Portal,33.85,20,Acceptable,North America,United States
ORD-02473,CUST-0453,2021-10-23,Completed,In-Store,25.15,15,Acceptable,Latin America,Argentina
ORD-02474,CUST-0408,2021-04-19,Completed,Marketplace,28.61,15,Acceptable,Latin America,Colombia
ORD-02475,CUST-0193,2020-10-09,Completed,Partner Portal,35.65,28,Acceptable,North America,Canada
ORD-02476,CUST-0095,2024-11-11,Cancelled,Marketplace,22.13,17,Acceptable,Africa,Ghana
ORD-02477,CUST-0349,2021-05-17,Completed,Phone,7.38,2,Acceptable,Asia Pacific,South Korea
ORD-02478,CUST-0100,2023-07-21,Refunded,Phone,27.81,18,Acceptable,Europe,United Kingdom
ORD-02479,CUST-0263,2024-06-19,Refunded,Mobile App,22.46,16,Acceptable,Asia Pacific,Singapore
ORD-02480,CUST-0061,2021-05-31,Completed,Mobile App,29.68,10,Acceptable,Africa,Ghana
ORD-02481,CUST-0119,2020-04-02,Completed,Partner Portal,16.43,25,Acceptable,North America,Canada
ORD-02482,CUST-0017,2020-09-23,Cancelled,Unknown,42.03,12,Acceptable,Middle East,Saudi Arabia
ORD-02483,CUST-0292,2022-08-29,Completed,Website,16.48,20,Acceptable,Europe,France
ORD-02484,CUST-0251,2023-03-19,Cancelled,Unknown,0.19,27,Acceptable,North America,Canada
ORD-02485,CUST-0210,2023-01-18,Completed,Partner Portal,31.11,10,Acceptable,Europe,Germany
ORD-02486,CUST-0189,2023-07-29,Completed,In-Store,27.68,2,Acceptable,Africa,Nigeria
ORD-02487,CUST-0428,2020-06-06,Cancelled,Mobile App,30.53,1,Acceptable,Africa,Kenya
ORD-02488,CUST-0109,2021-06-28,Completed,Phone,29.28,8,Acceptable,Latin America,Chile
ORD-02489,CUST-0362,2022-06-21,Completed,In-Store,20.31,35,Acceptable,Asia Pacific,India
ORD-02490,CUST-0343,2022-03-05,Completed,Phone,33.19,12,Acceptable,Europe,France
ORD-02491,CUST-0202,2022-04-16,Pending,Partner Portal,9.77,15,Acceptable,Middle East,UAE
ORD-02492,CUST-0140,2020-05-05,Pending,Website,36.91,31,Acceptable,Latin America,Brazil
ORD-02493,CUST-0102,2023-07-21,Cancelled,Marketplace,3.23,4,Acceptable,Latin America,Chile
ORD-02494,CUST-0069,2024-05-18,Cancelled,In-Store,11.52,35,Acceptable,Latin America,Argentina
ORD-02495,CUST-0460,2024-10-09,Completed,In-Store,44.82,34,Acceptable,Europe,Netherlands
ORD-02496,CUST-0356,2021-06-06,Completed,In-Store,36.30,14,Acceptable,Europe,Sweden
ORD-02497,CUST-0407,2024-10-28,Completed,Mobile App,34.48,27,Acceptable,Middle East,Qatar
ORD-02498,CUST-0054,2023-01-19,Refunded,Phone,11.29,21,Acceptable,Africa,Ghana
ORD-02499,CUST-0084,2020-01-19,Cancelled,Website,15.06,3,Acceptable,North America,United States
ORD-02500,CUST-0314,2024-12-11,Completed,Mobile App,8.72,21,Acceptable,North America,United States
ORD-02501,CUST-0166,2021-12-27,Completed,Mobile App,27.52,24,Acceptable,Latin America,Argentina
ORD-02502,CUST-0351,2024-08-04,Completed,Unknown,15.21,32,Acceptable,Europe,Spain
ORD-02503,CUST-0082,2024-03-14,Completed,In-Store,12.85,7,Acceptable,Africa,South Africa
ORD-02504,CUST-0404,2023-10-19,Cancelled,Marketplace,28.14,13,Acceptable,Latin America,Colombia
ORD-02505,CUST-0245,2024-04-23,Refunded,Phone,4.03,9,Acceptable,Europe,Sweden
ORD-02506,CUST-0189,2023-03-02,Completed,Marketplace,5.41,17,Acceptable,Africa,Nigeria
ORD-02507,CUST-0203,2020-03-02,Completed,Website,28.29,34,Acceptable,North America,Mexico
ORD-02508,CUST-0235,2021-03-13,Cancelled,In-Store,28.59,27,Acceptable,Middle East,UAE
ORD-02509,CUST-0409,2024-11-17,Cancelled,Partner Portal,20.90,31,Acceptable,North America,United States
ORD-02510,CUST-0046,2021-05-25,Pending,Unknown,5.29,11,Acceptable,Asia Pacific,Japan
ORD-02511,CUST-0220,2024-07-04,Completed,Website,10.71,15,Acceptable,North America,United States
ORD-02512,CUST-0067,2023-01-29,Pending,Website,10.78,33,Acceptable,Africa,Ghana
ORD-02513,CUST-0430,2021-07-04,Cancelled,In-Store,43.94,18,Acceptable,Middle East,Saudi Arabia
ORD-02514,CUST-0304,2023-01-12,Completed,Marketplace,20.74,13,Acceptable,North America,Mexico
ORD-02515,CUST-0390,2020-06-20,Refunded,In-Store,8.57,3,Acceptable,Middle East,Saudi Arabia
ORD-02516,CUST-0456,2024-05-14,Completed,Mobile App,39.23,18,Acceptable,Europe,Sweden
ORD-02517,CUST-0446,2021-11-17,Refunded,Phone,7.84,0,Acceptable,North America,Mexico
ORD-02518,CUST-0003,2020-01-25,Refunded,Marketplace,3.15,26,Acceptable,Latin America,Colombia
ORD-02519,CUST-0062,2022-07-21,Cancelled,Website,5.86,16,Acceptable,North America,Mexico
ORD-02520,CUST-0476,2023-08-17,Completed,In-Store,3.79,25,Acceptable,Africa,Kenya
ORD-02521,CUST-0360,2024-06-10,Refunded,Unknown,3.71,20,Acceptable,Europe,Netherlands
ORD-02522,CUST-0373,2021-01-14,Cancelled,Mobile App,25.01,25,Acceptable,Europe,France
ORD-02523,CUST-0189,2022-08-10,Completed,Partner Portal,3.14,8,Acceptable,Africa,Nigeria
ORD-02524,CUST-0451,2021-12-05,Completed,Marketplace,4.08,8,Acceptable,Middle East,Qatar
ORD-02525,CUST-0371,2021-06-30,Refunded,Website,34.39,11,Acceptable,North America,United States
ORD-02526,CUST-0260,2021-03-05,Pending,In-Store,3.57,32,Acceptable,Latin America,Argentina
ORD-02527,CUST-0036,2021-01-30,Completed,Website,9.84,28,Acceptable,Latin America,Colombia
ORD-02528,CUST-0326,2022-01-25,Pending,Marketplace,4.30,2,Acceptable,Europe,Netherlands
ORD-02529,CUST-0258,2023-09-30,Refunded,In-Store,43.62,6,Acceptable,Asia Pacific,Singapore
ORD-02530,CUST-0350,2024-10-02,Completed,Mobile App,6.08,24,Acceptable,Africa,Ghana
ORD-02531,CUST-0001,2023-05-12,Refunded,Phone,39.62,7,Acceptable,Latin America,Argentina
ORD-02532,CUST-0186,2024-12-12,Cancelled,Website,11.86,7,Acceptable,Asia Pacific,Singapore
ORD-02533,CUST-0058,2024-09-01,Pending,Mobile App,34.12,14,Acceptable,Asia Pacific,South Korea
ORD-02534,CUST-0227,2024-01-15,Completed,Website,27.17,17,Acceptable,NA Region,Mexico
ORD-02535,CUST-0332,2021-03-14,Pending,Phone,31.67,31,Acceptable,Africa,Nigeria
ORD-02536,CUST-0377,2022-05-23,Cancelled,In-Store,5.65,25,Acceptable,Middle East,Qatar
ORD-02537,CUST-0163,2021-11-01,Refunded,Unknown,22.81,24,Acceptable,Asia Pacific,Singapore
ORD-02538,CUST-0432,2022-02-16,Cancelled,Marketplace,44.76,2,Acceptable,North America,United States
ORD-02539,CUST-0403,2024-05-08,Completed,Phone,31.50,29,Acceptable,Africa,Kenya
ORD-02540,CUST-0072,2022-05-18,Completed,Phone,36.17,33,Acceptable,Latin America,Colombia
ORD-02541,CUST-0359,2022-08-25,Completed,Partner Portal,29.37,23,Acceptable,Europe,Netherlands
ORD-02542,CUST-0393,2022-12-04,Completed,In-Store,34.99,16,Acceptable,Middle East,UAE
ORD-02543,CUST-0304,2022-07-26,Pending,Partner Portal,10.50,20,Acceptable,North America,Mexico
ORD-02544,CUST-0049,2022-07-08,Pending,In-Store,12.33,28,Acceptable,Europe,United Kingdom
ORD-02545,CUST-0057,2021-05-29,Completed,Mobile App,24.31,28,Acceptable,Africa,Ghana
ORD-02546,CUST-0445,2022-12-13,Refunded,Website,32.08,23,Acceptable,Asia Pacific,India
ORD-02547,CUST-0206,2023-11-30,Pending,In-Store,34.57,35,Acceptable,Europe,Netherlands
ORD-02548,CUST-0172,2021-05-29,Completed,Partner Portal,9.41,29,Acceptable,Latin America,Argentina
ORD-02549,CUST-0221,2020-06-03,Refunded,Website,28.78,3,Acceptable,Asia Pacific,Japan
ORD-02550,CUST-0320,2020-03-11,Refunded,Marketplace,18.30,5,Acceptable,Middle East,UAE
ORD-02551,CUST-0348,2020-03-22,Completed,Marketplace,18.16,10,Acceptable,Middle East,UAE
ORD-02552,CUST-0037,2020-07-12,Completed,In-Store,13.67,20,Acceptable,North America,Mexico
ORD-02553,CUST-0192,2022-10-03,Refunded,Phone,38.99,11,Acceptable,Latin America,Argentina
ORD-02554,CUST-0078,2020-01-16,Completed,Mobile App,35.03,13,Acceptable,Europe,United Kingdom
ORD-02555,CUST-0354,2021-04-25,Completed,Marketplace,27.16,5,Acceptable,Europe,France
ORD-02556,CUST-0030,2020-02-13,Completed,Marketplace,14.43,9,Acceptable,Asia Pacific,India
ORD-02557,CUST-0360,2021-04-23,Cancelled,Phone,2.33,6,Acceptable,Europe,Netherlands
ORD-02558,CUST-0334,2020-02-23,Completed,Phone,2.44,9,Acceptable,Asia Pacific,South Korea
ORD-02559,CUST-0442,2020-12-03,Completed,Website,11.60,3,Acceptable,North America,United States
ORD-02560,CUST-0234,2024-06-27,Completed,Partner Portal,1.94,30,Acceptable,Europe,Germany
ORD-02561,CUST-0118,2021-11-01,Completed,Website,10.16,20,Acceptable,Latin America,Brazil
ORD-02562,CUST-0315,2020-05-19,Completed,Mobile App,19.73,15,Acceptable,Africa,Nigeria
ORD-02563,CUST-0258,2022-05-02,Completed,Mobile App,15.37,12,Acceptable,Asia Pacific,Singapore
ORD-02564,CUST-0425,2021-02-06,Refunded,Phone,38.20,35,Acceptable,North America,Canada
ORD-02565,CUST-0436,2023-01-27,Refunded,Website,28.01,8,Acceptable,Middle East,Qatar
ORD-02566,CUST-0208,2020-07-02,Pending,Mobile App,12.15,11,Acceptable,Europe,Germany
ORD-02567,CUST-0004,2021-06-07,Completed,Mobile App,36.87,24,Acceptable,Latin America,Colombia
ORD-02568,CUST-0345,2022-02-07,Completed,In-Store,13.40,34,Acceptable,Latin America,Chile
ORD-02569,CUST-0129,2021-08-14,Refunded,Marketplace,5.54,27,Acceptable,North America,Mexico
ORD-02570,CUST-0392,2023-01-02,Cancelled,Mobile App,38.82,146,Review Recommended,Asia Pacific,Singapore
ORD-02571,CUST-0011,2020-01-05,Pending,Unknown,16.02,6,Acceptable,North America,Canada
ORD-02572,CUST-0278,2023-09-29,Completed,Partner Portal,9.56,17,Acceptable,North America,United States
ORD-02573,CUST-0169,2022-06-08,Pending,Partner Portal,28.65,22,Acceptable,Asia Pacific,South Korea
ORD-02574,CUST-0082,2024-04-09,Refunded,In-Store,1.03,25,Acceptable,Africa,South Africa
ORD-02575,CUST-0354,2021-11-13,Completed,Partner Portal,14.60,13,Acceptable,Europe,France
ORD-02576,CUST-0218,2021-09-06,Refunded,Partner Portal,12.60,9,Acceptable,Africa,South Africa
ORD-02577,CUST-0023,2024-06-27,Completed,Website,13.22,34,Acceptable,Middle East,Saudi Arabia
ORD-02578,CUST-0354,2021-11-14,Refunded,Mobile App,13.38,6,Acceptable,Europe,France
ORD-02579,CUST-0323,2020-10-15,Refunded,Marketplace,31.24,32,Acceptable,Europe,Spain
ORD-02580,CUST-0189,2021-10-24,Completed,Marketplace,22.45,25,Acceptable,Africa,Nigeria
ORD-02581,CUST-0384,2022-12-18,Completed,Unknown,12.64,8,Acceptable,Middle East,Qatar
ORD-02582,CUST-0146,2020-12-07,Cancelled,Marketplace,39.51,22,Acceptable,Africa,Kenya
ORD-02583,CUST-0019,2021-11-25,Completed,Website,11.11,3,Acceptable,Asia Pacific,India
ORD-02584,CUST-0148,2023-06-02,Completed,Partner Portal,15.38,118,Review Recommended,Middle East,UAE
ORD-02585,CUST-0002,2023-11-27,Completed,Marketplace,35.94,35,Acceptable,Middle East,Qatar
ORD-02586,CUST-0438,2024-01-17,Completed,In-Store,23.47,27,Acceptable,Europe,Sweden
ORD-02587,CUST-0316,2020-01-11,Completed,Unknown,28.77,16,Acceptable,Africa,Kenya
ORD-02588,CUST-0352,2020-08-31,Cancelled,Partner Portal,19.40,19,Acceptable,Europe,France
ORD-02589,CUST-0154,2024-05-10,Pending,Website,3.74,10,Acceptable,Africa,Nigeria
ORD-02590,CUST-0190,2020-07-30,Refunded,Phone,30.43,148,Review Recommended,Africa,South Africa
ORD-02591,CUST-0347,2022-01-08,Completed,Partner Portal,34.10,9,Acceptable,North America,Mexico
ORD-02592,CUST-0082,2021-10-13,Completed,Mobile App,35.89,16,Acceptable,Africa,South Africa
ORD-02593,CUST-0472,2023-03-16,Completed,Website,30.08,17,Acceptable,Europe,Netherlands
ORD-02594,CUST-0341,2024-11-03,Completed,Phone,36.88,32,Acceptable,Middle East,UAE
ORD-02595,CUST-0321,2022-05-24,Completed,Partner Portal,8.87,147,Review Recommended,Europe,United Kingdom
ORD-02596,CUST-0143,2023-10-22,Completed,Phone,38.26,22,Acceptable,Europe,Spain
ORD-02597,CUST-0306,2024-12-30,Cancelled,In-Store,9.11,31,Acceptable,Europe,Spain
ORD-02598,CUST-0146,2022-11-10,Pending,Partner Portal,20.16,25,Acceptable,Africa,Kenya
ORD-02599,CUST-0157,2022-04-01,Completed,Mobile App,25.70,18,Acceptable,Latin America,Chile
ORD-02600,CUST-0077,2021-08-14,Pending,Website,20.94,25,Acceptable,Asia Pacific,Australia
ORD-02601,CUST-0285,2024-04-18,Completed,Phone,25.06,28,Acceptable,Middle East,UAE
ORD-02602,CUST-0076,2022-04-26,Completed,Website,4.40,12,Acceptable,Africa,Ghana
ORD-02603,CUST-0226,2024-04-15,Completed,Partner Portal,15.23,7,Acceptable,Africa,Nigeria
ORD-02604,CUST-0291,2024-07-08,Refunded,Partner Portal,44.11,24,Acceptable,Middle East,UAE
ORD-02605,CUST-0339,2024-09-11,Completed,Mobile App,25.78,21,Acceptable,Africa,South Africa
ORD-02606,CUST-0210,2022-07-27,Completed,Website,28.69,11,Acceptable,Europe,Germany
ORD-02607,CUST-0264,2024-09-30,Completed,Website,12.38,9,Acceptable,Europe,United Kingdom
ORD-02608,CUST-0100,2021-08-15,Refunded,Website,9.99,8,Acceptable,Europe,United Kingdom
ORD-02609,CUST-0053,2021-10-11,Completed,Marketplace,34.02,32,Acceptable,Latin America,Argentina
ORD-02610,CUST-0084,2023-01-20,Cancelled,Phone,30.73,18,Acceptable,North America,United States
ORD-02611,CUST-0175,2020-06-20,Completed,In-Store,29.69,20,Acceptable,Africa,Ghana
ORD-02612,CUST-0229,2023-01-21,Refunded,Marketplace,26.39,17,Acceptable,Middle East,Qatar
ORD-02613,CUST-0004,2023-04-06,Completed,In-Store,8.80,29,Acceptable,Latin America,Colombia
ORD-02614,CUST-0251,2023-11-27,Completed,Partner Portal,12.92,17,Acceptable,North America,Canada
ORD-02615,CUST-0088,2023-01-01,Refunded,Partner Portal,35.60,13,Acceptable,North America,Canada
ORD-02616,CUST-0386,2022-01-06,Cancelled,Partner Portal,39.18,17,Acceptable,Latin America,Chile
ORD-02617,CUST-0205,2020-06-10,Refunded,In-Store,24.50,2,Acceptable,Europe,Spain
ORD-02618,CUST-0448,2021-03-25,Pending,Unknown,8.32,35,Acceptable,Africa,South Africa
ORD-02619,CUST-0390,2024-08-27,Pending,In-Store,42.85,7,Acceptable,Middle East,Saudi Arabia
ORD-02620,CUST-0456,2023-06-06,Completed,Partner Portal,43.27,19,Acceptable,Europe,Sweden
ORD-02621,CUST-0026,2022-07-26,Completed,Mobile App,41.97,3,Acceptable,Africa,South Africa
ORD-02622,CUST-0411,2024-02-22,Completed,In-Store,3.52,11,Acceptable,Asia Pacific,Singapore
ORD-02623,CUST-0279,2021-10-27,Refunded,Marketplace,11.44,29,Acceptable,Latin America,Chile
ORD-02624,CUST-0050,2023-02-25,Completed,Partner Portal,34.42,22,Acceptable,Latin America,Chile
ORD-02625,CUST-0137,2021-03-06,Completed,Phone,6.64,28,Acceptable,Latin America,Colombia
ORD-02626,CUST-0253,2023-09-02,Completed,Mobile App,40.41,1,Acceptable,Africa,Nigeria
ORD-02627,CUST-0190,2023-06-19,Completed,Mobile App,4.28,12,Acceptable,Africa,South Africa
ORD-02628,CUST-0185,2021-03-11,Pending,Website,27.71,32,Acceptable,Europe,Netherlands
ORD-02629,CUST-0465,2023-09-09,Completed,Partner Portal,13.35,19,Acceptable,Asia Pacific,India
ORD-02630,CUST-0048,2022-09-05,Cancelled,Marketplace,19.13,9,Acceptable,North America,Canada
ORD-02631,CUST-0192,2022-07-19,Completed,Partner Portal,2.10,33,Acceptable,Latin America,Argentina
ORD-02632,CUST-0092,2023-04-15,Completed,Marketplace,5.15,22,Acceptable,Latin America,Brazil
ORD-02633,CUST-0186,2022-09-29,Completed,Website,20.28,125,Review Recommended,Asia Pacific,Singapore
ORD-02634,CUST-0332,2022-05-16,Pending,In-Store,35.15,18,Acceptable,Africa,Nigeria
ORD-02635,CUST-0051,2021-12-03,Cancelled,Marketplace,11.85,31,Acceptable,Middle East,Qatar
ORD-02636,CUST-0352,2024-01-25,Completed,Mobile App,3.17,17,Acceptable,Europe,France
ORD-02637,CUST-0189,2024-01-31,Pending,In-Store,31.75,8,Acceptable,Africa,Nigeria
ORD-02638,CUST-0202,2020-01-04,Completed,In-Store,40.93,29,Acceptable,Middle East,UAE
ORD-02639,CUST-0394,2021-12-01,Completed,Partner Portal,3.09,121,Review Recommended,Latin America,Argentina
ORD-02640,CUST-0325,2022-10-22,Completed,Partner Portal,8.82,11,Acceptable,Latin America,Chile
ORD-02641,CUST-0017,2021-11-19,Cancelled,Unknown,19.46,30,Acceptable,Middle East,Saudi Arabia
ORD-02642,CUST-0339,2024-03-24,Completed,Phone,4.04,20,Acceptable,Africa,South Africa
ORD-02643,CUST-0084,2021-12-08,Completed,Unknown,15.41,14,Acceptable,North America,United States
ORD-02644,CUST-0433,2021-12-07,Completed,Phone,41.93,15,Acceptable,Latin America,Argentina
ORD-02645,CUST-0420,2023-07-02,Pending,Phone,31.16,31,Acceptable,Europe,France
ORD-02646,CUST-0406,2020-07-30,Refunded,Website,36.78,28,Acceptable,North America,United States
ORD-02647,CUST-0319,2023-01-24,Pending,Unknown,38.41,10,Acceptable,Middle East,UAE
ORD-02648,CUST-0391,2023-12-02,Cancelled,Partner Portal,15.59,28,Acceptable,Asia Pacific,South Korea
ORD-02649,CUST-0191,2023-11-02,Refunded,Marketplace,29.50,7,Acceptable,North America,Canada
ORD-02650,CUST-0050,2023-12-04,Completed,Website,27.94,2,Acceptable,Latin America,Chile
ORD-02651,CUST-0397,2023-01-09,Completed,Unknown,34.58,3,Acceptable,Latin America,Argentina
ORD-02652,CUST-0047,2024-07-22,Completed,In-Store,3.21,30,Acceptable,Asia Pacific,India
ORD-02653,CUST-0023,2024-03-11,Refunded,In-Store,25.53,1,Acceptable,Middle East,Saudi Arabia
ORD-02654,CUST-0032,2022-04-17,Completed,Website,11.92,22,Acceptable,Europe,Netherlands
ORD-02655,CUST-0350,2024-06-05,Refunded,Phone,8.40,24,Acceptable,Africa,Ghana
ORD-02656,CUST-0054,2023-08-28,Completed,Phone,24.85,4,Acceptable,Africa,Ghana
ORD-02657,CUST-0443,2021-09-26,Refunded,In-Store,20.08,22,Acceptable,Asia Pacific,Australia
ORD-02658,CUST-0078,2024-11-17,Completed,Partner Portal,4.67,17,Acceptable,Europe,United Kingdom
ORD-02659,CUST-0132,2023-06-16,Completed,Marketplace,15.02,34,Acceptable,Africa,South Africa
ORD-02660,CUST-0425,2022-02-18,Completed,Mobile App,30.88,16,Acceptable,North America,Canada
ORD-02661,CUST-0066,2021-07-16,Completed,Marketplace,41.50,22,Acceptable,Asia Pacific,South Korea
ORD-02662,CUST-0181,2021-12-08,Cancelled,Mobile App,4.67,12,Acceptable,North America,Mexico
ORD-02663,CUST-0331,2020-10-01,Refunded,In-Store,24.19,21,Acceptable,Africa,Kenya
ORD-02664,CUST-0063,2020-08-06,Pending,Website,31.55,25,Acceptable,Middle East,Saudi Arabia
ORD-02665,CUST-0372,2024-05-27,Refunded,In-Store,19.56,6,Acceptable,Latin America,Chile
ORD-02666,CUST-0477,2020-01-10,Cancelled,Mobile App,22.41,4,Acceptable,Europe,Germany
ORD-02667,CUST-0090,2024-12-23,Completed,Marketplace,12.75,15,Acceptable,Asia Pacific,India
ORD-02668,CUST-0332,2023-02-11,Completed,Marketplace,11.41,28,Acceptable,Africa,Nigeria
ORD-02669,CUST-0273,2023-03-27,Completed,Partner Portal,37.34,29,Acceptable,Latin America,Brazil
ORD-02670,CUST-0463,2022-08-19,Completed,Mobile App,10.03,17,Acceptable,Africa,South Africa
ORD-02671,CUST-0405,2022-05-20,Completed,Website,13.08,19,Acceptable,Asia Pacific,Japan
ORD-02672,CUST-0328,2021-08-04,Cancelled,Phone,5.03,13,Acceptable,Middle East,UAE
ORD-02673,CUST-0097,2022-07-25,Completed,Partner Portal,19.45,4,Acceptable,Europe,Netherlands
ORD-02674,CUST-0374,2021-02-08,Pending,Mobile App,38.88,2,Acceptable,Europe,France
ORD-02675,CUST-0137,2021-10-30,Completed,Partner Portal,37.75,4,Acceptable,Latin America,Colombia
ORD-02676,CUST-0456,2023-10-01,Completed,Unknown,34.36,29,Acceptable,Europe,Sweden
ORD-02677,CUST-0102,2023-12-21,Completed,Mobile App,4.09,27,Acceptable,Latin America,Chile
ORD-02678,CUST-0328,2021-03-08,Cancelled,Phone,12.32,16,Acceptable,Middle East,UAE
ORD-02679,CUST-0191,2020-03-02,Cancelled,Phone,30.32,6,Acceptable,North America,Canada
ORD-02680,CUST-0001,2021-01-27,Pending,Unknown,24.48,28,Acceptable,Latin America,Argentina
ORD-02681,CUST-0033,2024-10-13,Completed,In-Store,4.45,32,Acceptable,Middle East,Qatar
ORD-02682,CUST-0114,2022-04-19,Completed,In-Store,35.06,29,Acceptable,Europe,United Kingdom
ORD-02683,CUST-0044,2022-11-19,Completed,In-Store,36.69,27,Acceptable,Africa,South Africa
ORD-02684,CUST-0183,2023-06-23,Completed,Phone,0.73,32,Acceptable,Latin America,Chile
ORD-02685,CUST-0431,2020-12-01,Completed,Phone,16.81,30,Acceptable,Asia Pacific,Singapore
ORD-02686,CUST-0134,2022-08-16,Completed,Mobile App,37.19,27,Acceptable,North America,United States
ORD-02687,CUST-0019,2022-02-25,Completed,Partner Portal,44.45,3,Acceptable,Asia Pacific,India
ORD-02688,CUST-0383,2024-07-30,Cancelled,Phone,2.31,9,Acceptable,Africa,Ghana
ORD-02689,CUST-0447,2023-01-05,Completed,Website,26.74,24,Acceptable,Middle East,UAE
ORD-02690,CUST-0329,2024-05-25,Completed,Marketplace,14.69,34,Acceptable,Latin America,Colombia
ORD-02691,CUST-0291,2022-10-16,Refunded,In-Store,18.72,3,Acceptable,Middle East,UAE
ORD-02692,CUST-0275,2020-01-15,Completed,In-Store,16.99,22,Acceptable,Africa,South Africa
ORD-02693,CUST-0182,2024-01-30,Completed,Phone,16.54,3,Acceptable,Latin America,Colombia
ORD-02694,CUST-0120,2024-07-04,Completed,Partner Portal,15.52,2,Acceptable,Middle East,Saudi Arabia
ORD-02695,CUST-0212,2021-06-19,Completed,In-Store,24.74,1,Acceptable,Middle East,Saudi Arabia
ORD-02696,CUST-0088,2024-05-01,Completed,Mobile App,37.33,34,Acceptable,North America,Canada
ORD-02697,CUST-0092,2023-06-27,Completed,Phone,21.32,27,Acceptable,Latin America,Brazil
ORD-02698,CUST-0400,2022-01-19,Completed,Website,29.63,0,Acceptable,Asia Pacific,Australia
ORD-02699,CUST-0372,2024-05-29,Completed,Mobile App,18.33,0,Acceptable,Latin America,Chile
ORD-02700,CUST-0112,2020-04-04,Completed,Website,30.83,17,Acceptable,Africa,Kenya
ORD-02701,CUST-0251,2020-09-20,Pending,In-Store,1.77,20,Acceptable,North America,Canada
ORD-02702,CUST-0465,2024-08-30,Refunded,Phone,10.07,22,Acceptable,Asia Pacific,India
ORD-02703,CUST-0391,2020-01-14,Refunded,Website,21.27,21,Acceptable,Asia Pacific,South Korea
ORD-02704,CUST-0478,2020-04-22,Pending,Partner Portal,40.08,11,Acceptable,North America,Mexico
ORD-02705,CUST-0342,2021-12-31,Cancelled,Marketplace,0.98,13,Acceptable,Africa,South Africa
ORD-02706,CUST-0214,2023-05-11,Completed,In-Store,35.74,135,Review Recommended,Middle East,UAE
ORD-02707,CUST-0220,2024-10-29,Cancelled,Partner Portal,1.27,5,Acceptable,North America,United States
ORD-02708,CUST-0123,2020-02-18,Cancelled,Phone,28.18,20,Acceptable,Asia Pacific,Singapore
ORD-02709,CUST-0150,2020-03-02,Completed,Website,35.69,15,Acceptable,North America,Mexico
ORD-02710,CUST-0303,2023-12-29,Cancelled,Website,36.65,6,Acceptable,Middle East,Qatar
ORD-02711,CUST-0183,2022-12-02,Completed,In-Store,9.49,21,Acceptable,Latin America,Chile
ORD-02712,CUST-0221,2020-02-29,Completed,Partner Portal,43.50,20,Acceptable,Asia Pacific,Japan
ORD-02713,CUST-0352,2023-01-04,Refunded,Marketplace,36.83,1,Acceptable,Europe,France
ORD-02714,CUST-0341,2024-09-30,Completed,In-Store,1.30,9,Acceptable,Middle East,UAE
ORD-02715,CUST-0420,2022-06-21,Pending,Partner Portal,29.89,4,Acceptable,Europe,France
ORD-02716,CUST-0228,2024-07-01,Completed,Marketplace,6.62,4,Acceptable,Europe,Spain
ORD-02717,CUST-0275,2021-11-07,Cancelled,In-Store,21.83,33,Acceptable,Africa,South Africa
ORD-02718,CUST-0059,2023-08-21,Refunded,Partner Portal,16.29,17,Acceptable,North America,Mexico
ORD-02719,CUST-0336,2022-01-09,Completed,Phone,31.81,28,Acceptable,Latin America,Chile
ORD-02720,CUST-0275,2022-11-01,Completed,Mobile App,0.73,24,Acceptable,Africa,South Africa
ORD-02721,CUST-0261,2023-04-21,Cancelled,Marketplace,4.37,26,Acceptable,Africa,Ghana
ORD-02722,CUST-0037,2020-12-26,Cancelled,Unknown,36.79,10,Acceptable,North America,Mexico
ORD-02723,CUST-0217,2021-06-15,Refunded,In-Store,0.74,26,Acceptable,Middle East,UAE
ORD-02724,CUST-0365,2022-02-17,Refunded,Unknown,38.75,21,Acceptable,Europe,United Kingdom
ORD-02725,CUST-0397,2021-08-02,Cancelled,Marketplace,20.98,26,Acceptable,Latin America,Argentina
ORD-02726,CUST-0454,2023-12-08,Cancelled,Phone,36.70,7,Acceptable,Europe,Germany
ORD-02727,CUST-0383,2022-05-19,Pending,Partner Portal,30.80,4,Acceptable,Africa,Ghana
ORD-02728,CUST-0266,2023-12-18,Completed,Phone,0.59,21,Acceptable,Asia Pacific,Japan
ORD-02729,CUST-0335,2022-08-08,Completed,In-Store,42.90,13,Acceptable,Europe,Germany
ORD-02730,CUST-0233,2021-10-21,Completed,Partner Portal,29.25,19,Acceptable,Europe,Germany
ORD-02731,CUST-0213,2020-02-15,Pending,Website,33.59,13,Acceptable,Middle East,Qatar
ORD-02732,CUST-0478,2021-07-27,Completed,Partner Portal,30.32,10,Acceptable,North America,Mexico
ORD-02733,CUST-0108,2021-11-22,Refunded,Mobile App,37.47,11,Acceptable,North America,United States
ORD-02734,CUST-0449,2022-04-14,Completed,Unknown,2.54,0,Acceptable,Europe,United Kingdom
ORD-02735,CUST-0448,2024-02-11,Completed,Website,29.21,20,Acceptable,Africa,South Africa
ORD-02736,CUST-0393,2023-03-07,Refunded,Marketplace,21.65,21,Acceptable,Middle East,UAE
ORD-02737,CUST-0142,2020-11-20,Pending,Unknown,31.41,17,Acceptable,Asia Pacific,Singapore
ORD-02738,CUST-0065,2023-10-24,Completed,In-Store,37.93,8,Acceptable,Middle East,UAE
ORD-02739,CUST-0019,2021-12-30,Completed,In-Store,5.67,33,Acceptable,Asia Pacific,India
ORD-02740,CUST-0245,2021-09-02,Cancelled,Partner Portal,11.85,26,Acceptable,Europe,Sweden
ORD-02741,CUST-0100,2020-08-25,Completed,Partner Portal,22.41,5,Acceptable,Europe,United Kingdom
ORD-02742,CUST-0321,2024-06-01,Completed,Phone,11.68,140,Review Recommended,Europe,United Kingdom
ORD-02743,CUST-0270,2021-07-11,Completed,Unknown,14.47,5,Acceptable,Middle East,Qatar
ORD-02744,CUST-0053,2020-03-20,Completed,Unknown,32.31,11,Acceptable,Latin America,Argentina
ORD-02745,CUST-0477,2023-08-03,Cancelled,Website,26.66,34,Acceptable,Europe,Germany
ORD-02746,CUST-0459,2024-02-01,Cancelled,In-Store,36.10,32,Acceptable,Europe,Spain
ORD-02747,CUST-0012,2021-08-19,Refunded,Phone,17.14,26,Acceptable,Europe,Netherlands
ORD-02748,CUST-0109,2022-07-31,Cancelled,Phone,25.97,12,Acceptable,Latin America,Chile
ORD-02749,CUST-0298,2024-09-12,Refunded,Website,35.46,5,Acceptable,Africa,South Africa
ORD-02750,CUST-0021,2022-11-16,Completed,Marketplace,38.75,5,Acceptable,Asia Pacific,Australia
ORD-02751,CUST-0253,2024-01-20,Completed,Mobile App,37.65,18,Acceptable,Africa,Nigeria
ORD-02752,CUST-0152,2020-09-13,Refunded,Mobile App,30.02,3,Acceptable,Middle East,Saudi Arabia
ORD-02753,CUST-0283,2024-03-12,Completed,Website,2.13,11,Acceptable,Middle East,Saudi Arabia
ORD-02754,CUST-0043,2024-09-11,Refunded,Unknown,25.07,4,Acceptable,Middle East,UAE
ORD-02755,CUST-0130,2021-11-08,Cancelled,In-Store,5.45,27,Acceptable,Middle East,UAE
ORD-02756,CUST-0059,2022-06-28,Pending,Phone,18.93,6,Acceptable,North America,Mexico
ORD-02757,CUST-0258,2024-11-29,Pending,In-Store,16.45,21,Acceptable,Asia Pacific,Singapore
ORD-02758,CUST-0431,2023-11-10,Cancelled,Marketplace,1.77,34,Acceptable,Asia Pacific,Singapore
ORD-02759,CUST-0196,2023-10-10,Completed,Unknown,24.48,15,Acceptable,Africa,Ghana
ORD-02760,CUST-0105,2024-08-04,Completed,Marketplace,33.34,16,Acceptable,North America,Canada
ORD-02761,CUST-0150,2020-11-24,Completed,Mobile App,8.80,33,Acceptable,North America,Mexico
ORD-02762,CUST-0308,2021-07-31,Cancelled,Website,18.22,34,Acceptable,Europe,Sweden
ORD-02763,CUST-0152,2021-02-28,Cancelled,Mobile App,2.38,2,Acceptable,Middle East,Saudi Arabia
ORD-02764,CUST-0303,2022-07-12,Refunded,Mobile App,6.88,9,Acceptable,Middle East,Qatar
ORD-02765,CUST-0031,2023-09-20,Pending,Mobile App,31.24,33,Acceptable,North America,Mexico
ORD-02766,CUST-0460,2023-05-31,Refunded,Website,2.85,9,Acceptable,Europe,Netherlands
ORD-02767,CUST-0412,2020-01-30,Completed,Marketplace,23.11,119,Review Recommended,Africa,South Africa
ORD-02768,CUST-0124,2024-02-17,Refunded,Phone,34.79,10,Acceptable,Latin America,Argentina
ORD-02769,CUST-0029,2022-02-15,Refunded,Unknown,33.81,9,Acceptable,Middle East,Saudi Arabia
ORD-02770,CUST-0218,2020-08-24,Completed,Partner Portal,29.88,9,Acceptable,Africa,South Africa
ORD-02771,CUST-0343,2023-01-22,Completed,Mobile App,6.60,19,Acceptable,Europe,France
ORD-02772,CUST-0046,2020-11-18,Completed,Unknown,4.33,15,Acceptable,Asia Pacific,Japan
ORD-02773,CUST-0289,2020-12-13,Completed,Website,21.81,32,Acceptable,Europe,Netherlands
ORD-02774,CUST-0049,2021-02-15,Pending,Unknown,2.54,12,Acceptable,Europe,United Kingdom
ORD-02775,CUST-0478,2024-08-06,Completed,Website,32.54,10,Acceptable,North America,Mexico
ORD-02776,CUST-0262,2023-02-20,Completed,Website,10.46,14,Acceptable,NA Region,Canada
ORD-02777,CUST-0081,2021-01-23,Completed,Phone,3.01,13,Acceptable,North America,Mexico
ORD-02778,CUST-0142,2020-06-08,Completed,Website,5.27,27,Acceptable,Asia Pacific,Singapore
ORD-02779,CUST-0105,2021-08-20,Completed,Phone,44.66,18,Acceptable,North America,Canada
ORD-02780,CUST-0087,2021-10-17,Completed,Website,12.68,10,Acceptable,Asia Pacific,Australia
ORD-02781,CUST-0126,2023-08-27,Pending,Partner Portal,37.33,12,Acceptable,Latin America,Argentina
ORD-02782,CUST-0372,2023-11-26,Completed,Marketplace,41.78,33,Acceptable,Latin America,Chile
ORD-02783,CUST-0339,2024-12-29,Completed,Marketplace,37.08,8,Acceptable,Africa,South Africa
ORD-02784,CUST-0200,2024-02-08,Completed,Website,9.69,3,Acceptable,North America,United States
ORD-02785,CUST-0272,2022-01-04,Completed,In-Store,7.29,2,Acceptable,Africa,South Africa
ORD-02786,CUST-0479,2022-08-30,Completed,Partner Portal,44.89,9,Acceptable,Latin America,Argentina
ORD-02787,CUST-0165,2021-12-21,Completed,Partner Portal,3.39,15,Acceptable,Europe,Germany
ORD-02788,CUST-0158,2021-08-16,Cancelled,In-Store,31.92,13,Acceptable,Middle East,Saudi Arabia
ORD-02789,CUST-0370,2022-04-10,Pending,In-Store,16.12,27,Acceptable,North America,United States
ORD-02790,CUST-0275,2020-06-14,Pending,In-Store,27.24,15,Acceptable,Africa,South Africa
ORD-02791,CUST-0165,2021-05-18,Pending,Partner Portal,27.79,2,Acceptable,Europe,Germany
ORD-02792,CUST-0261,2023-04-15,Pending,Unknown,19.60,26,Acceptable,Africa,Ghana
ORD-02793,CUST-0369,2020-11-17,Completed,Mobile App,11.18,19,Acceptable,Middle East,Qatar
ORD-02794,CUST-0029,2022-02-08,Completed,Mobile App,38.42,20,Acceptable,Middle East,Saudi Arabia
ORD-02795,CUST-0114,2020-08-22,Cancelled,Partner Portal,9.67,26,Acceptable,Europe,United Kingdom
ORD-02796,CUST-0348,2023-03-02,Completed,Partner Portal,0.20,24,Acceptable,Middle East,UAE
ORD-02797,CUST-0386,2024-11-18,Refunded,Phone,1.71,27,Acceptable,Latin America,Chile
ORD-02798,CUST-0376,2022-01-19,Pending,In-Store,41.06,0,Acceptable,Latin America,Brazil
ORD-02799,CUST-0323,2021-11-10,Pending,Mobile App,19.22,26,Acceptable,Europe,Spain
ORD-02800,CUST-0378,2023-03-06,Cancelled,In-Store,35.70,4,Acceptable,Middle East,Saudi Arabia
ORD-02801,CUST-0090,2024-10-17,Completed,Partner Portal,14.22,24,Acceptable,Asia Pacific,India
ORD-02802,CUST-0175,2021-02-13,Pending,In-Store,28.63,20,Acceptable,Africa,Ghana
ORD-02803,CUST-0026,2024-11-04,Completed,Partner Portal,13.47,7,Acceptable,Africa,South Africa
ORD-02804,CUST-0044,2021-05-18,Cancelled,Website,24.43,0,Acceptable,Africa,South Africa
ORD-02805,CUST-0163,2022-05-15,Completed,Marketplace,40.12,6,Acceptable,Asia Pacific,Singapore
ORD-02806,CUST-0295,2022-03-06,Cancelled,Website,38.27,8,Acceptable,Europe,France
ORD-02807,CUST-0384,2023-01-17,Cancelled,Partner Portal,0.10,21,Acceptable,Middle East,Qatar
ORD-02808,CUST-0263,2020-08-08,Completed,Mobile App,9.39,33,Acceptable,Asia Pacific,Singapore
ORD-02809,CUST-0436,2024-04-18,Completed,Marketplace,14.02,138,Review Recommended,Middle East,Qatar
ORD-02810,CUST-0124,2024-02-20,Completed,Marketplace,1.75,25,Acceptable,Latin America,Argentina
ORD-02811,CUST-0258,2024-02-21,Completed,Marketplace,10.12,4,Acceptable,Asia Pacific,Singapore
ORD-02812,CUST-0313,2021-01-28,Cancelled,Unknown,41.97,15,Acceptable,Africa,Kenya
ORD-02813,CUST-0427,2020-02-24,Refunded,Marketplace,41.77,2,Acceptable,Europe,United Kingdom
ORD-02814,CUST-0072,2024-09-11,Refunded,Phone,13.85,34,Acceptable,Latin America,Colombia
ORD-02815,CUST-0214,2021-05-08,Completed,Mobile App,30.61,13,Acceptable,Middle East,UAE
ORD-02816,CUST-0169,2023-07-03,Completed,In-Store,26.65,23,Acceptable,Asia Pacific,South Korea
ORD-02817,CUST-0103,2021-12-01,Completed,Partner Portal,23.34,26,Acceptable,North America,Canada
ORD-02818,CUST-0145,2020-05-23,Pending,Website,39.48,21,Acceptable,Europe,Germany
ORD-02819,CUST-0125,2023-11-04,Pending,In-Store,28.58,20,Acceptable,Africa,Ghana
ORD-02820,CUST-0316,2024-01-07,Completed,Marketplace,31.21,31,Acceptable,Africa,Kenya
ORD-02821,CUST-0215,2020-12-23,Refunded,Website,42.53,27,Acceptable,Europe,United Kingdom
ORD-02822,CUST-0308,2024-06-28,Completed,Phone,21.30,5,Acceptable,Europe,Sweden
ORD-02823,CUST-0434,2020-11-16,Completed,Marketplace,4.04,22,Acceptable,Europe,Sweden
ORD-02824,CUST-0015,2024-06-27,Pending,Marketplace,23.69,19,Acceptable,Africa,Nigeria
ORD-02825,CUST-0456,2020-09-14,Cancelled,Unknown,44.59,119,Review Recommended,Europe,Sweden
ORD-02826,CUST-0191,2022-07-04,Completed,Marketplace,31.65,9,Acceptable,North America,Canada
ORD-02827,CUST-0479,2022-09-16,Pending,Mobile App,15.39,24,Acceptable,Latin America,Argentina
ORD-02828,CUST-0229,2021-09-23,Pending,Unknown,3.67,26,Acceptable,Middle East,Qatar
ORD-02829,CUST-0103,2024-11-03,Refunded,In-Store,41.90,9,Acceptable,North America,Canada
ORD-02830,CUST-0379,2023-05-28,Completed,Website,5.42,13,Acceptable,Europe,United Kingdom
ORD-02831,CUST-0005,2022-03-18,Completed,Marketplace,39.08,9,Acceptable,Africa,South Africa
ORD-02832,CUST-0222,2022-10-26,Completed,Phone,29.46,23,Acceptable,Asia Pacific,India
ORD-02833,CUST-0479,2024-02-06,Completed,Partner Portal,39.39,34,Acceptable,Latin America,Argentina
ORD-02834,CUST-0092,2023-09-26,Completed,Mobile App,8.99,15,Acceptable,Latin America,Brazil
ORD-02835,CUST-0400,2023-01-21,Completed,Partner Portal,6.26,35,Acceptable,Asia Pacific,Australia
ORD-02836,CUST-0337,2021-12-21,Completed,Marketplace,31.68,19,Acceptable,Middle East,UAE
ORD-02837,CUST-0034,2024-09-08,Pending,Partner Portal,11.97,12,Acceptable,Middle East,UAE
ORD-02838,CUST-0087,2023-06-18,Pending,Partner Portal,13.15,12,Acceptable,Asia Pacific,Australia
ORD-02839,CUST-0445,2021-11-14,Cancelled,Marketplace,29.96,32,Acceptable,Asia Pacific,India
ORD-02840,CUST-0107,2024-11-05,Pending,Marketplace,34.33,18,Acceptable,Middle East,Saudi Arabia
ORD-02841,CUST-0206,2023-04-26,Refunded,Website,43.08,21,Acceptable,Europe,Netherlands
ORD-02842,CUST-0416,2020-01-17,Completed,Mobile App,24.99,143,Review Recommended,Middle East,Saudi Arabia
ORD-02843,CUST-0184,2022-03-30,Completed,In-Store,42.83,12,Acceptable,Africa,South Africa
ORD-02844,CUST-0078,2020-07-14,Completed,Marketplace,1.02,30,Acceptable,Europe,United Kingdom
ORD-02845,CUST-0304,2024-02-11,Pending,Marketplace,15.81,26,Acceptable,North America,Mexico
ORD-02846,CUST-0201,2024-08-01,Completed,In-Store,20.06,4,Acceptable,Africa,Nigeria
ORD-02847,CUST-0235,2021-03-16,Completed,Phone,4.44,5,Acceptable,Middle East,UAE
ORD-02848,CUST-0005,2020-10-05,Refunded,Mobile App,22.97,13,Acceptable,Africa,South Africa
ORD-02849,CUST-0136,2024-11-16,Refunded,Phone,23.92,16,Acceptable,Europe,Sweden
ORD-02850,CUST-0365,2023-11-07,Pending,Website,42.56,10,Acceptable,Europe,United Kingdom
ORD-02851,CUST-0019,2023-02-19,Refunded,Unknown,38.79,14,Acceptable,Asia Pacific,India
ORD-02852,CUST-0147,2024-06-24,Refunded,Website,14.49,25,Acceptable,Latin America,Brazil
ORD-02853,CUST-0077,2023-04-30,Completed,Unknown,14.72,28,Acceptable,Asia Pacific,Australia
ORD-02854,CUST-0186,2024-01-23,Cancelled,Marketplace,42.90,25,Acceptable,Asia Pacific,Singapore
ORD-02855,CUST-0422,2021-03-18,Completed,Phone,30.42,7,Acceptable,North America,Canada
ORD-02856,CUST-0231,2022-10-22,Completed,Mobile App,42.41,2,Acceptable,Asia Pacific,India
ORD-02857,CUST-0103,2024-02-16,Completed,Partner Portal,22.53,19,Acceptable,North America,Canada
ORD-02858,CUST-0420,2022-07-30,Completed,Website,3.27,23,Acceptable,Europe,France
ORD-02859,CUST-0425,2022-11-23,Completed,Phone,32.79,5,Acceptable,North America,Canada
ORD-02860,CUST-0365,2023-08-17,Cancelled,In-Store,6.30,7,Acceptable,Europe,United Kingdom
ORD-02861,CUST-0187,2021-08-06,Completed,Marketplace,7.49,19,Acceptable,North America,Canada
ORD-02862,CUST-0124,2021-12-31,Cancelled,Website,36.90,25,Acceptable,Latin America,Argentina
ORD-02863,CUST-0240,2022-04-19,Completed,Mobile App,31.53,12,Acceptable,Europe,United Kingdom
ORD-02864,CUST-0319,2021-08-24,Refunded,Partner Portal,15.94,8,Acceptable,Middle East,UAE
ORD-02865,CUST-0100,2022-03-17,Completed,Phone,10.80,15,Acceptable,Europe,United Kingdom
ORD-02866,CUST-0275,2021-05-21,Completed,Marketplace,7.73,23,Acceptable,Africa,South Africa
ORD-02867,CUST-0325,2021-05-01,Cancelled,Website,33.90,3,Acceptable,Latin America,Chile
ORD-02868,CUST-0464,2022-04-08,Completed,Partner Portal,14.74,9,Acceptable,Europe,Netherlands
ORD-02869,CUST-0332,2022-07-29,Refunded,Mobile App,19.33,14,Acceptable,Africa,Nigeria
ORD-02870,CUST-0478,2024-12-22,Completed,Marketplace,22.80,7,Acceptable,North America,Mexico
ORD-02871,CUST-0248,2021-02-13,Refunded,Website,14.81,21,Acceptable,Europe,Netherlands
ORD-02872,CUST-0130,2022-09-02,Completed,Mobile App,11.83,30,Acceptable,Middle East,UAE
ORD-02873,CUST-0239,2020-12-14,Completed,Website,26.16,21,Acceptable,Africa,Kenya
ORD-02874,CUST-0229,2020-09-10,Pending,Phone,41.68,33,Acceptable,Middle East,Qatar
ORD-02875,CUST-0453,2024-11-20,Completed,In-Store,3.23,29,Acceptable,Latin America,Argentina
ORD-02876,CUST-0018,2022-08-19,Cancelled,Partner Portal,30.20,21,Acceptable,Africa,Ghana
ORD-02877,CUST-0294,2021-10-26,Cancelled,Website,22.19,32,Acceptable,Africa,Nigeria
ORD-02878,CUST-0090,2020-08-06,Completed,Marketplace,6.97,3,Acceptable,Asia Pacific,India
ORD-02879,CUST-0103,2022-01-28,Completed,Phone,39.04,32,Acceptable,North America,Canada
ORD-02880,CUST-0422,2023-11-12,Refunded,Phone,23.19,32,Acceptable,North America,Canada
ORD-02881,CUST-0143,2022-10-26,Pending,Website,16.15,9,Acceptable,Europe,Spain
ORD-02882,CUST-0121,2020-11-30,Cancelled,Mobile App,32.57,6,Acceptable,Europe,Germany
ORD-02883,CUST-0089,2020-11-08,Completed,Partner Portal,36.36,19,Acceptable,Europe,Sweden
ORD-02884,CUST-0010,2022-01-27,Completed,In-Store,36.97,21,Acceptable,Latin America,Chile
ORD-02885,CUST-0308,2023-06-08,Cancelled,In-Store,0.45,4,Acceptable,Europe,Sweden
ORD-02886,CUST-0177,2021-07-19,Refunded,Partner Portal,22.87,7,Acceptable,Asia Pacific,India
ORD-02887,CUST-0317,2023-07-04,Pending,Website,7.40,32,Acceptable,Middle East,Qatar
ORD-02888,CUST-0262,2021-02-20,Completed,Marketplace,5.71,29,Acceptable,North America,Canada
ORD-02889,CUST-0467,2022-05-21,Pending,In-Store,37.71,27,Acceptable,Middle East,Qatar
ORD-02890,CUST-0150,2023-07-29,Refunded,In-Store,42.60,15,Acceptable,North America,Mexico
ORD-02891,CUST-0339,2023-02-20,Cancelled,Website,44.50,132,Review Recommended,Africa,South Africa
ORD-02892,CUST-0085,2021-01-16,Completed,Phone,22.86,34,Acceptable,Middle East,UAE
ORD-02893,CUST-0048,2021-05-05,Cancelled,In-Store,22.91,29,Acceptable,North America,Canada
ORD-02894,CUST-0256,2024-02-19,Completed,Marketplace,21.68,25,Acceptable,Europe,Netherlands
ORD-02895,CUST-0215,2023-06-06,Completed,In-Store,28.76,28,Acceptable,Europe,United Kingdom
ORD-02896,CUST-0107,2021-12-06,Completed,In-Store,34.19,24,Acceptable,Middle East,Saudi Arabia
ORD-02897,CUST-0264,2023-08-21,Completed,Marketplace,10.50,26,Acceptable,Europe,United Kingdom
ORD-02898,CUST-0011,2024-12-21,Completed,Mobile App,12.35,20,Acceptable,North America,Canada
ORD-02899,CUST-0161,2021-08-09,Cancelled,Phone,2.76,24,Acceptable,North America,Mexico
ORD-02900,CUST-0137,2023-01-18,Pending,Unknown,25.80,7,Acceptable,Latin America,Colombia
ORD-02901,CUST-0027,2023-04-01,Completed,Phone,44.42,17,Acceptable,Africa,South Africa
ORD-02902,CUST-0119,2023-11-20,Completed,Mobile App,3.30,11,Acceptable,North America,Canada
ORD-02903,CUST-0080,2020-07-16,Pending,Phone,34.96,10,Acceptable,Europe,United Kingdom
ORD-02904,CUST-0416,2024-11-24,Cancelled,Marketplace,7.94,32,Acceptable,Middle East,Saudi Arabia
ORD-02905,CUST-0418,2021-11-17,Pending,Phone,18.36,6,Acceptable,Asia Pacific,Singapore
ORD-02906,CUST-0378,2022-06-07,Cancelled,Marketplace,41.32,10,Acceptable,Middle East,Saudi Arabia
ORD-02907,CUST-0185,2024-10-17,Refunded,Website,28.86,4,Acceptable,Europe,Netherlands
ORD-02908,CUST-0144,2022-02-20,Refunded,Partner Portal,25.55,14,Acceptable,Asia Pacific,Japan
ORD-02909,CUST-0248,2022-02-02,Completed,Marketplace,0.36,7,Acceptable,Europe,Netherlands
ORD-02910,CUST-0087,2021-06-23,Completed,Phone,5.60,22,Acceptable,Asia Pacific,Australia
ORD-02911,CUST-0226,2024-05-12,Completed,Website,2.41,30,Acceptable,Africa,Nigeria
ORD-02912,CUST-0068,2022-10-24,Completed,Mobile App,15.35,21,Acceptable,Europe,Sweden
ORD-02913,CUST-0157,2021-05-02,Pending,Website,24.58,29,Acceptable,Latin America,Chile
ORD-02914,CUST-0057,2023-01-15,Refunded,Unknown,16.74,3,Acceptable,Africa,Ghana
ORD-02915,CUST-0441,2024-06-21,Pending,Marketplace,10.67,19,Acceptable,Latin America,Argentina
ORD-02916,CUST-0118,2024-10-31,Refunded,In-Store,3.91,13,Acceptable,Latin America,Brazil
ORD-02917,CUST-0241,2021-03-06,Completed,Unknown,25.89,30,Acceptable,Europe,Germany
ORD-02918,CUST-0088,2022-05-07,Completed,Partner Portal,34.90,30,Acceptable,North America,Canada
ORD-02919,CUST-0149,2024-11-27,Refunded,Mobile App,24.21,1,Acceptable,Europe,Germany
ORD-02920,CUST-0336,2021-09-10,Pending,Marketplace,31.77,13,Acceptable,Latin America,Chile
ORD-02921,CUST-0332,2020-04-04,Refunded,In-Store,35.77,6,Acceptable,Africa,Nigeria
ORD-02922,CUST-0019,2023-11-18,Completed,Partner Portal,24.80,10,Acceptable,Asia Pacific,India
ORD-02923,CUST-0001,2020-01-12,Completed,Mobile App,13.42,30,Acceptable,Latin America,Argentina
ORD-02924,CUST-0106,2021-08-07,Completed,Phone,6.39,31,Acceptable,Latin America,Chile
ORD-02925,CUST-0324,2023-05-20,Completed,In-Store,41.91,1,Acceptable,Europe,United Kingdom
ORD-02926,CUST-0431,2022-03-29,Completed,In-Store,43.38,32,Acceptable,Asia Pacific,Singapore
ORD-02927,CUST-0366,2020-01-13,Cancelled,In-Store,11.92,20,Acceptable,Europe,Spain
ORD-02928,CUST-0212,2020-02-26,Pending,Partner Portal,4.23,14,Acceptable,Middle East,Saudi Arabia
ORD-02929,CUST-0229,2024-01-15,Pending,Website,1.53,15,Acceptable,Middle East,Qatar
ORD-02930,CUST-0222,2024-03-07,Refunded,Website,30.60,15,Acceptable,Asia Pacific,India
ORD-02931,CUST-0308,2023-11-21,Pending,Partner Portal,44.78,4,Acceptable,Europe,Sweden
ORD-02932,CUST-0230,2021-02-18,Completed,Website,21.22,14,Acceptable,Latin America,Colombia
ORD-02933,CUST-0201,2024-01-13,Refunded,Phone,0.51,19,Acceptable,Africa,Nigeria
ORD-02934,CUST-0176,2021-05-16,Completed,Partner Portal,11.32,9,Acceptable,Europe,Spain
ORD-02935,CUST-0130,2021-08-24,Pending,In-Store,37.19,19,Acceptable,Middle East,UAE
ORD-02936,CUST-0425,2021-10-13,Completed,In-Store,15.40,5,Acceptable,North America,Canada
ORD-02937,CUST-0409,2024-11-10,Pending,Partner Portal,11.01,5,Acceptable,North America,United States
ORD-02938,CUST-0017,2024-07-31,Cancelled,Website,37.46,15,Acceptable,Middle East,Saudi Arabia
ORD-02939,CUST-0027,2020-10-14,Cancelled,Marketplace,6.92,35,Acceptable,Africa,South Africa
ORD-02940,CUST-0084,2024-09-05,Cancelled,Partner Portal,5.98,25,Acceptable,North America,United States
ORD-02941,CUST-0108,2021-04-27,Completed,In-Store,31.94,23,Acceptable,North America,United States
ORD-02942,CUST-0092,2021-07-24,Completed,Partner Portal,38.06,0,Acceptable,Latin America,Brazil
ORD-02943,CUST-0412,2020-03-23,Completed,Unknown,30.46,21,Acceptable,Africa,South Africa
ORD-02944,CUST-0155,2022-01-01,Completed,Unknown,44.43,14,Acceptable,North America,Mexico
ORD-02945,CUST-0278,2020-03-20,Completed,Partner Portal,5.06,10,Acceptable,North America,United States
ORD-02946,CUST-0019,2020-03-24,Pending,Marketplace,39.03,18,Acceptable,Asia Pacific,India
ORD-02947,CUST-0294,2023-09-14,Completed,In-Store,24.95,6,Acceptable,Africa,Nigeria
ORD-02948,CUST-0114,2024-10-09,Refunded,In-Store,12.56,5,Acceptable,Europe,United Kingdom
ORD-02949,CUST-0421,2024-07-14,Pending,Phone,28.09,34,Acceptable,North America,Canada
ORD-02950,CUST-0339,2021-08-22,Completed,Mobile App,38.75,0,Acceptable,Africa,South Africa
ORD-02951,CUST-0033,2020-11-29,Completed,Partner Portal,8.98,17,Acceptable,Middle East,Qatar
ORD-02952,CUST-0009,2020-12-19,Cancelled,Marketplace,31.78,1,Acceptable,Europe,United Kingdom
ORD-02953,CUST-0072,2020-04-20,Completed,Website,19.33,33,Acceptable,Latin America,Colombia
ORD-02954,CUST-0361,2024-02-01,Pending,In-Store,29.82,24,Acceptable,Latin America,Brazil
ORD-02955,CUST-0092,2021-07-24,Completed,Marketplace,27.22,28,Acceptable,Latin America,Brazil
ORD-02956,CUST-0383,2024-04-16,Refunded,Marketplace,39.45,19,Acceptable,Africa,Ghana
ORD-02957,CUST-0456,2024-11-13,Completed,Marketplace,12.21,27,Acceptable,Europe,Sweden
ORD-02958,CUST-0420,2021-04-22,Refunded,Phone,16.70,26,Acceptable,Europe,France
ORD-02959,CUST-0283,2023-04-29,Pending,Unknown,13.41,8,Acceptable,Middle East,Saudi Arabia
ORD-02960,CUST-0469,2022-02-11,Refunded,In-Store,42.12,145,Review Recommended,Africa,Nigeria
ORD-02961,CUST-0095,2022-10-25,Pending,In-Store,38.15,17,Acceptable,Africa,Ghana
ORD-02962,CUST-0473,2024-07-17,Completed,Website,26.52,21,Acceptable,Europe,France
ORD-02963,CUST-0032,2022-09-14,Refunded,Website,7.81,23,Acceptable,Europe,Netherlands
ORD-02964,CUST-0297,2020-10-29,Refunded,Website,3.14,1,Acceptable,Middle East,Qatar
ORD-02965,CUST-0021,2024-02-01,Completed,Marketplace,26.66,9,Acceptable,Asia Pacific,Australia
ORD-02966,CUST-0023,2022-04-24,Completed,Partner Portal,1.34,30,Acceptable,Middle East,Saudi Arabia
ORD-02967,CUST-0290,2023-06-09,Completed,Phone,12.62,11,Acceptable,Europe,Netherlands
ORD-02968,CUST-0426,2021-05-15,Cancelled,In-Store,39.23,7,Acceptable,Africa,Ghana
ORD-02969,CUST-0465,2020-09-12,Refunded,Unknown,21.47,21,Acceptable,Asia Pacific,India
ORD-02970,CUST-0142,2022-11-20,Pending,Partner Portal,22.52,26,Acceptable,Asia Pacific,Singapore
ORD-02971,CUST-0177,2023-05-14,Completed,Phone,22.13,12,Acceptable,Asia Pacific,India
ORD-02972,CUST-0197,2022-10-29,Completed,In-Store,25.84,25,Acceptable,Latin America,Colombia
ORD-02973,CUST-0469,2024-12-12,Refunded,In-Store,35.84,28,Acceptable,Africa,Nigeria
ORD-02974,CUST-0430,2022-06-15,Completed,Marketplace,11.13,26,Acceptable,Middle East,Saudi Arabia
ORD-02975,CUST-0366,2022-06-29,Pending,Partner Portal,24.72,30,Acceptable,Europe,Spain
ORD-02976,CUST-0210,2021-07-14,Pending,Marketplace,39.85,24,Acceptable,Europe,Germany
ORD-02977,CUST-0374,2023-11-13,Refunded,Partner Portal,13.55,12,Acceptable,Europe,France
ORD-02978,CUST-0411,2021-12-30,Completed,Mobile App,13.69,127,Review Recommended,Asia Pacific,Singapore
ORD-02979,CUST-0422,2021-07-08,Completed,Website,38.93,6,Acceptable,NA Region,Canada
ORD-02980,CUST-0063,2022-04-05,Refunded,Unknown,25.66,13,Acceptable,Middle East,Saudi Arabia
ORD-02981,CUST-0061,2023-01-21,Completed,Website,33.48,130,Review Recommended,Africa,Ghana
ORD-02982,CUST-0165,2020-01-14,Completed,Mobile App,26.99,21,Acceptable,Europe,Germany
ORD-02983,CUST-0442,2021-07-27,Completed,Mobile App,13.91,27,Acceptable,North America,United States
ORD-02984,CUST-0310,2020-09-01,Cancelled,In-Store,3.78,25,Acceptable,Latin America,Chile
ORD-02985,CUST-0078,2022-04-21,Pending,In-Store,30.72,31,Acceptable,Europe,United Kingdom
ORD-02986,CUST-0154,2023-05-27,Refunded,In-Store,4.92,30,Acceptable,Africa,Nigeria
ORD-02987,CUST-0042,2024-12-03,Completed,Marketplace,22.92,4,Acceptable,Africa,Kenya
ORD-02988,CUST-0348,2022-05-22,Completed,Marketplace,12.71,2,Acceptable,Middle East,UAE
ORD-02989,CUST-0260,2022-02-08,Cancelled,Website,2.96,34,Acceptable,Latin America,Argentina
ORD-02990,CUST-0469,2023-01-17,Cancelled,In-Store,20.87,19,Acceptable,Africa,Nigeria
ORD-02991,CUST-0124,2024-01-24,Cancelled,Partner Portal,37.80,17,Acceptable,Latin America,Argentina
ORD-02992,CUST-0052,2022-10-27,Completed,Phone,17.21,25,Acceptable,North America,Canada
ORD-02993,CUST-0380,2020-10-21,Cancelled,Phone,35.73,24,Acceptable,Asia Pacific,Singapore
ORD-02994,CUST-0039,2021-02-09,Completed,Website,13.93,1,Acceptable,North America,Mexico
ORD-02995,CUST-0323,2020-05-31,Cancelled,Unknown,17.64,23,Acceptable,Europe,Spain
ORD-02996,CUST-0125,2020-10-14,Completed,Unknown,18.08,33,Acceptable,Africa,Ghana
ORD-02997,CUST-0411,2020-07-25,Completed,Partner Portal,11.12,3,Acceptable,Asia Pacific,Singapore
ORD-02998,CUST-0059,2023-02-04,Cancelled,Website,38.00,0,Acceptable,North America,Mexico
ORD-02999,CUST-0277,2022-03-26,Cancelled,Phone,27.31,20,Acceptable,Middle East,Saudi Arabia
ORD-03000,CUST-0127,2023-04-29,Completed,Mobile App,38.11,24,Acceptable,North America,United States
ORD-03001,CUST-0051,2023-11-23,Completed,Phone,23.33,35,Acceptable,Middle East,Qatar
ORD-03002,CUST-0416,2023-12-20,Completed,Website,12.19,27,Acceptable,Middle East,Saudi Arabia
ORD-03003,CUST-0040,2022-08-03,Completed,Mobile App,15.84,32,Acceptable,Asia Pacific,Singapore
ORD-03004,CUST-0397,2021-01-27,Completed,In-Store,12.29,14,Acceptable,Latin America,Argentina
ORD-03005,CUST-0190,2022-09-06,Completed,Marketplace,12.22,21,Acceptable,Africa,South Africa
ORD-03006,CUST-0370,2020-01-26,Refunded,In-Store,9.69,17,Acceptable,North America,United States
ORD-03007,CUST-0032,2021-09-25,Completed,Partner Portal,21.00,25,Acceptable,Europe,Netherlands
ORD-03008,CUST-0002,2023-11-26,Completed,Website,16.62,23,Acceptable,Middle East,Qatar
ORD-03009,CUST-0042,2021-04-15,Refunded,Marketplace,33.43,32,Acceptable,Africa,Kenya
ORD-03010,CUST-0306,2021-03-17,Completed,Mobile App,27.26,3,Acceptable,Europe,Spain
ORD-03011,CUST-0393,2022-11-18,Pending,Partner Portal,40.43,6,Acceptable,Middle East,UAE
ORD-03012,CUST-0422,2024-09-15,Refunded,Mobile App,34.41,23,Acceptable,North America,Canada
ORD-03013,CUST-0351,2023-03-24,Refunded,Partner Portal,16.77,7,Acceptable,Europe,Spain
ORD-03014,CUST-0019,2020-12-26,Completed,Marketplace,41.26,9,Acceptable,Asia Pacific,India
ORD-03015,CUST-0354,2023-11-02,Completed,Partner Portal,31.13,13,Acceptable,Europe,France
ORD-03016,CUST-0412,2024-06-21,Completed,Mobile App,0.41,12,Acceptable,Africa,South Africa
ORD-03017,CUST-0323,2023-01-22,Pending,Website,11.24,9,Acceptable,Europe,Spain
ORD-03018,CUST-0337,2023-11-09,Completed,Phone,37.05,14,Acceptable,Middle East,UAE
ORD-03019,CUST-0116,2022-07-18,Refunded,Mobile App,5.52,19,Acceptable,Latin America,Chile
ORD-03020,CUST-0041,2022-06-08,Completed,Mobile App,8.61,14,Acceptable,Europe,Netherlands
ORD-03021,CUST-0170,2020-08-05,Completed,Website,30.75,20,Acceptable,North America,Mexico
ORD-03022,CUST-0002,2024-11-10,Completed,In-Store,43.58,9,Acceptable,Middle East,Qatar
ORD-03023,CUST-0320,2023-12-05,Cancelled,Unknown,41.15,18,Acceptable,Middle East,UAE
ORD-03024,CUST-0108,2023-12-07,Refunded,Phone,8.71,29,Acceptable,North America,United States
ORD-03025,CUST-0287,2022-01-22,Cancelled,Mobile App,36.82,10,Acceptable,North America,Canada
ORD-03026,CUST-0133,2022-03-19,Completed,Website,8.94,32,Acceptable,Africa,Ghana
ORD-03027,CUST-0442,2024-04-06,Completed,In-Store,2.04,0,Acceptable,North America,United States
ORD-03028,CUST-0303,2022-12-18,Completed,Partner Portal,26.51,17,Acceptable,Middle East,Qatar
ORD-03029,CUST-0437,2023-07-20,Refunded,Partner Portal,6.97,10,Acceptable,North America,Canada
ORD-03030,CUST-0425,2022-02-19,Completed,Website,19.31,13,Acceptable,North America,Canada
ORD-03031,CUST-0022,2022-05-11,Refunded,Phone,11.94,8,Acceptable,NA Region,United States
ORD-03032,CUST-0199,2020-12-19,Completed,In-Store,30.62,111,Review Recommended,Europe,United Kingdom
ORD-03033,CUST-0108,2021-04-19,Completed,Website,20.19,17,Acceptable,North America,United States
ORD-03034,CUST-0369,2020-06-23,Completed,Marketplace,14.56,115,Review Recommended,Middle East,Qatar
ORD-03035,CUST-0084,2023-03-09,Cancelled,In-Store,16.39,7,Acceptable,North America,United States
ORD-03036,CUST-0216,2024-07-24,Completed,Partner Portal,4.52,5,Acceptable,Africa,Kenya
ORD-03037,CUST-0329,2023-02-22,Cancelled,Website,26.00,29,Acceptable,Latin America,Colombia
ORD-03038,CUST-0384,2020-11-10,Pending,In-Store,9.06,115,Review Recommended,Middle East,Qatar
ORD-03039,CUST-0090,2020-08-03,Completed,Mobile App,3.08,5,Acceptable,Asia Pacific,India
ORD-03040,CUST-0321,2024-12-28,Pending,Mobile App,35.46,24,Acceptable,Europe,United Kingdom
ORD-03041,CUST-0199,2024-02-09,Pending,Mobile App,5.76,25,Acceptable,Europe,United Kingdom
ORD-03042,CUST-0366,2024-11-30,Cancelled,In-Store,44.14,30,Acceptable,Europe,Spain
ORD-03043,CUST-0242,2022-04-18,Completed,Marketplace,32.38,5,Acceptable,Asia Pacific,India
ORD-03044,CUST-0230,2023-03-13,Cancelled,Marketplace,41.37,27,Acceptable,Latin America,Colombia
ORD-03045,CUST-0285,2020-11-09,Completed,Partner Portal,4.95,2,Acceptable,Middle East,UAE
ORD-03046,CUST-0470,2021-02-26,Refunded,Mobile App,3.98,5,Acceptable,Asia Pacific,Japan
ORD-03047,CUST-0038,2021-11-10,Completed,Website,29.60,27,Acceptable,Africa,South Africa
ORD-03048,CUST-0058,2022-07-24,Completed,Website,37.03,20,Acceptable,Asia Pacific,South Korea
ORD-03049,CUST-0441,2020-07-06,Refunded,Phone,18.89,24,Acceptable,Latin America,Argentina
ORD-03050,CUST-0252,2020-01-28,Cancelled,In-Store,8.61,4,Acceptable,North America,Mexico
ORD-03051,CUST-0229,2024-11-22,Refunded,Unknown,2.10,29,Acceptable,Middle East,Qatar
ORD-03052,CUST-0181,2020-09-25,Completed,Phone,38.67,24,Acceptable,North America,Mexico
ORD-03053,CUST-0459,2024-05-03,Pending,Website,5.53,32,Acceptable,Europe,Spain
ORD-03054,CUST-0070,2023-02-08,Completed,Website,12.90,13,Acceptable,Middle East,Qatar
ORD-03055,CUST-0409,2020-03-21,Completed,Partner Portal,5.10,22,Acceptable,North America,United States
ORD-03056,CUST-0391,2024-02-10,Completed,Mobile App,18.43,30,Acceptable,Asia Pacific,South Korea
ORD-03057,CUST-0329,2023-04-17,Completed,Partner Portal,19.97,26,Acceptable,Latin America,Colombia
ORD-03058,CUST-0132,2024-05-22,Completed,Marketplace,28.01,14,Acceptable,Africa,South Africa
ORD-03059,CUST-0468,2020-06-30,Pending,In-Store,10.56,5,Acceptable,North America,Canada
ORD-03060,CUST-0199,2020-08-03,Cancelled,Marketplace,30.80,31,Acceptable,Europe,United Kingdom
ORD-03061,CUST-0334,2023-12-13,Pending,Mobile App,10.54,23,Acceptable,Asia Pacific,South Korea
ORD-03062,CUST-0121,2021-12-05,Refunded,Marketplace,43.09,32,Acceptable,Europe,Germany
ORD-03063,CUST-0050,2024-11-27,Pending,Partner Portal,21.69,1,Acceptable,Latin America,Chile
ORD-03064,CUST-0314,2022-01-07,Refunded,Marketplace,10.81,25,Acceptable,North America,United States
ORD-03065,CUST-0223,2021-12-23,Pending,Marketplace,2.81,15,Acceptable,Asia Pacific,South Korea
ORD-03066,CUST-0218,2021-01-29,Cancelled,Mobile App,39.21,12,Acceptable,Africa,South Africa
ORD-03067,CUST-0320,2021-01-17,Completed,Phone,32.04,15,Acceptable,Middle East,UAE
ORD-03068,CUST-0226,2022-10-25,Cancelled,Unknown,37.92,11,Acceptable,Africa,Nigeria
ORD-03069,CUST-0397,2024-08-14,Refunded,Marketplace,5.35,23,Acceptable,Latin America,Argentina
ORD-03070,CUST-0288,2021-08-23,Completed,In-Store,9.76,26,Acceptable,Africa,Kenya
ORD-03071,CUST-0016,2022-06-30,Completed,Mobile App,33.76,7,Acceptable,North America,Mexico
ORD-03072,CUST-0125,2021-05-20,Completed,Website,20.22,16,Acceptable,Africa,Ghana
ORD-03073,CUST-0132,2021-01-18,Pending,Marketplace,41.93,21,Acceptable,Africa,South Africa
ORD-03074,CUST-0012,2021-01-14,Pending,Partner Portal,7.85,5,Acceptable,Europe,Netherlands
ORD-03075,CUST-0221,2024-03-08,Refunded,Marketplace,8.61,6,Acceptable,Asia Pacific,Japan
ORD-03076,CUST-0076,2022-03-15,Completed,Marketplace,39.48,21,Acceptable,Africa,Ghana
ORD-03077,CUST-0006,2023-04-29,Pending,Partner Portal,23.83,28,Acceptable,Asia Pacific,South Korea
ORD-03078,CUST-0128,2020-09-22,Cancelled,Marketplace,10.47,10,Acceptable,North America,United States
ORD-03079,CUST-0435,2024-04-14,Completed,Unknown,22.88,18,Acceptable,Asia Pacific,India
ORD-03080,CUST-0468,2021-01-31,Pending,In-Store,12.19,7,Acceptable,North America,Canada
ORD-03081,CUST-0170,2024-11-09,Pending,Marketplace,22.89,17,Acceptable,North America,Mexico
ORD-03082,CUST-0054,2024-12-27,Cancelled,In-Store,7.10,15,Acceptable,Africa,Ghana
ORD-03083,CUST-0123,2024-04-05,Refunded,Phone,41.04,120,Review Recommended,Asia Pacific,Singapore
ORD-03084,CUST-0181,2024-10-19,Completed,In-Store,25.64,7,Acceptable,North America,Mexico
ORD-03085,CUST-0212,2020-06-14,Refunded,Phone,20.10,4,Acceptable,Middle East,Saudi Arabia
ORD-03086,CUST-0062,2023-05-02,Refunded,In-Store,6.75,30,Acceptable,North America,Mexico
ORD-03087,CUST-0346,2022-04-24,Completed,Marketplace,9.32,21,Acceptable,North America,Canada
ORD-03088,CUST-0306,2023-07-26,Cancelled,Marketplace,31.00,0,Acceptable,Europe,Spain
ORD-03089,CUST-0239,2021-08-23,Pending,In-Store,9.14,15,Acceptable,Africa,Kenya
ORD-03090,CUST-0294,2020-01-12,Completed,Partner Portal,27.31,31,Acceptable,Africa,Nigeria
ORD-03091,CUST-0418,2020-06-14,Completed,Website,32.71,136,Review Recommended,Asia Pacific,Singapore
ORD-03092,CUST-0292,2024-11-04,Completed,Partner Portal,0.29,33,Acceptable,Europe,France
ORD-03093,CUST-0397,2020-04-08,Refunded,Partner Portal,4.70,0,Acceptable,Latin America,Argentina
ORD-03094,CUST-0383,2024-12-07,Cancelled,Mobile App,4.10,14,Acceptable,Africa,Ghana
ORD-03095,CUST-0091,2024-11-20,Pending,Website,36.67,25,Acceptable,Africa,Ghana
ORD-03096,CUST-0174,2020-12-02,Completed,In-Store,23.76,16,Acceptable,Europe,Spain
ORD-03097,CUST-0074,2021-12-21,Cancelled,Mobile App,29.42,2,Acceptable,Africa,Nigeria
ORD-03098,CUST-0291,2023-04-19,Completed,Mobile App,44.99,7,Acceptable,Middle East,UAE
ORD-03099,CUST-0107,2020-08-03,Completed,Marketplace,10.55,24,Acceptable,Middle East,Saudi Arabia
ORD-03100,CUST-0303,2022-05-23,Completed,Phone,44.27,22,Acceptable,Middle East,Qatar
ORD-03101,CUST-0243,2020-10-11,Completed,Partner Portal,1.13,16,Acceptable,Europe,Netherlands
ORD-03102,CUST-0088,2021-06-30,Completed,Mobile App,28.27,7,Acceptable,North America,Canada
ORD-03103,CUST-0315,2021-11-19,Refunded,Partner Portal,27.88,10,Acceptable,Africa,Nigeria
ORD-03104,CUST-0132,2023-02-21,Completed,Phone,27.87,4,Acceptable,Africa,South Africa
ORD-03105,CUST-0146,2022-10-01,Pending,Phone,31.04,13,Acceptable,Africa,Kenya
ORD-03106,CUST-0213,2020-08-15,Completed,Marketplace,4.31,5,Acceptable,Middle East,Qatar
ORD-03107,CUST-0383,2020-10-23,Completed,Phone,35.49,15,Acceptable,Africa,Ghana
ORD-03108,CUST-0351,2023-03-21,Completed,Phone,29.16,24,Acceptable,Europe,Spain
ORD-03109,CUST-0337,2021-12-11,Completed,In-Store,27.41,20,Acceptable,Middle East,UAE
ORD-03110,CUST-0473,2024-10-26,Completed,In-Store,19.04,7,Acceptable,Europe,France
ORD-03111,CUST-0264,2024-09-04,Cancelled,Phone,24.81,26,Acceptable,Europe,United Kingdom
ORD-03112,CUST-0003,2022-03-24,Completed,Partner Portal,8.74,17,Acceptable,Latin America,Colombia
ORD-03113,CUST-0292,2020-10-30,Completed,Phone,43.17,27,Acceptable,Europe,France
ORD-03114,CUST-0212,2022-07-29,Cancelled,In-Store,26.65,7,Acceptable,Middle East,Saudi Arabia
ORD-03115,CUST-0343,2024-07-17,Completed,Mobile App,41.37,1,Acceptable,Europe,France
ORD-03116,CUST-0319,2020-03-23,Completed,Unknown,22.63,19,Acceptable,Middle East,UAE
ORD-03117,CUST-0227,2021-01-31,Refunded,Website,27.49,9,Acceptable,North America,Mexico
ORD-03118,CUST-0371,2021-10-02,Completed,Partner Portal,16.12,19,Acceptable,North America,United States
ORD-03119,CUST-0241,2021-08-17,Completed,Partner Portal,39.98,13,Acceptable,Europe,Germany
ORD-03120,CUST-0331,2022-12-11,Completed,Mobile App,40.17,0,Acceptable,Africa,Kenya
ORD-03121,CUST-0398,2024-03-14,Cancelled,In-Store,12.95,7,Acceptable,Latin America,Brazil
ORD-03122,CUST-0238,2020-07-12,Completed,Partner Portal,35.24,13,Acceptable,Latin America,Argentina
ORD-03123,CUST-0259,2020-11-09,Pending,Marketplace,41.45,9,Acceptable,North America,Mexico
ORD-03124,CUST-0118,2020-06-20,Completed,Phone,34.00,30,Acceptable,Latin America,Brazil
ORD-03125,CUST-0223,2021-10-22,Completed,Marketplace,12.22,22,Acceptable,Asia Pacific,South Korea
ORD-03126,CUST-0399,2024-04-24,Cancelled,In-Store,40.75,9,Acceptable,Latin America,Chile
ORD-03127,CUST-0096,2020-07-11,Completed,Phone,24.31,141,Review Recommended,Middle East,UAE
ORD-03128,CUST-0406,2023-06-21,Completed,In-Store,23.85,27,Acceptable,North America,United States
ORD-03129,CUST-0293,2020-10-23,Refunded,Phone,20.24,11,Acceptable,Europe,Spain
ORD-03130,CUST-0142,2021-10-21,Pending,In-Store,5.34,31,Acceptable,Asia Pacific,Singapore
ORD-03131,CUST-0445,2024-06-04,Pending,Partner Portal,22.40,31,Acceptable,Asia Pacific,India
ORD-03132,CUST-0098,2020-11-23,Completed,Marketplace,1.01,6,Acceptable,Middle East,UAE
ORD-03133,CUST-0104,2022-06-18,Pending,Mobile App,16.00,7,Acceptable,North America,Canada
ORD-03134,CUST-0303,2020-09-16,Refunded,Unknown,32.50,17,Acceptable,Middle East,Qatar
ORD-03135,CUST-0308,2022-08-01,Completed,Website,6.54,4,Acceptable,Europe,Sweden
ORD-03136,CUST-0419,2023-09-13,Completed,Website,14.93,33,Acceptable,Africa,Ghana
ORD-03137,CUST-0185,2022-04-25,Completed,Phone,25.48,20,Acceptable,Europe,Netherlands
ORD-03138,CUST-0161,2020-07-17,Cancelled,Phone,40.61,33,Acceptable,North America,Mexico
ORD-03139,CUST-0361,2022-07-01,Refunded,Unknown,4.36,1,Acceptable,Latin America,Brazil
ORD-03140,CUST-0159,2022-08-08,Pending,Mobile App,3.16,8,Acceptable,North America,Mexico
ORD-03141,CUST-0020,2021-01-27,Completed,Phone,34.08,21,Acceptable,Latin America,Brazil
ORD-03142,CUST-0071,2024-12-16,Completed,Partner Portal,7.27,10,Acceptable,Latin America,Argentina
ORD-03143,CUST-0128,2023-01-31,Pending,In-Store,32.40,26,Acceptable,North America,United States
ORD-03144,CUST-0034,2021-10-27,Cancelled,Partner Portal,18.19,11,Acceptable,Middle East,UAE
ORD-03145,CUST-0189,2020-03-24,Completed,Marketplace,38.24,35,Acceptable,Africa,Nigeria
ORD-03146,CUST-0314,2021-11-16,Pending,Marketplace,42.56,21,Acceptable,North America,United States
ORD-03147,CUST-0366,2022-06-22,Pending,Partner Portal,17.34,16,Acceptable,Europe,Spain
ORD-03148,CUST-0203,2024-04-05,Completed,Marketplace,44.31,16,Acceptable,North America,Mexico
ORD-03149,CUST-0012,2023-06-17,Cancelled,Marketplace,4.23,13,Acceptable,Europe,Netherlands
ORD-03150,CUST-0416,2020-08-04,Refunded,In-Store,31.02,28,Acceptable,Middle East,Saudi Arabia
ORD-03151,CUST-0338,2020-08-19,Refunded,Website,36.81,18,Acceptable,Europe,Sweden
ORD-03152,CUST-0285,2022-12-22,Refunded,Website,9.33,21,Acceptable,Middle East,UAE
ORD-03153,CUST-0024,2020-05-27,Completed,Partner Portal,1.31,9,Acceptable,Africa,Nigeria
ORD-03154,CUST-0286,2023-12-18,Pending,Partner Portal,37.14,28,Acceptable,Africa,South Africa
ORD-03155,CUST-0039,2024-09-15,Completed,Unknown,17.46,11,Acceptable,North America,Mexico
ORD-03156,CUST-0174,2021-01-26,Completed,Partner Portal,12.30,26,Acceptable,Europe,Spain
ORD-03157,CUST-0479,2024-03-21,Cancelled,Phone,27.22,32,Acceptable,Latin America,Argentina
ORD-03158,CUST-0425,2020-06-19,Completed,In-Store,3.47,23,Acceptable,North America,Canada
ORD-03159,CUST-0283,2020-12-07,Refunded,In-Store,20.14,19,Acceptable,Middle East,Saudi Arabia
ORD-03160,CUST-0056,2023-06-23,Completed,Phone,30.54,7,Acceptable,Asia Pacific,Singapore
ORD-03161,CUST-0301,2022-04-16,Completed,Website,16.34,15,Acceptable,North America,United States
ORD-03162,CUST-0342,2020-01-17,Cancelled,Marketplace,10.84,29,Acceptable,Africa,South Africa
ORD-03163,CUST-0236,2022-01-01,Cancelled,Partner Portal,24.50,4,Acceptable,Middle East,Qatar
ORD-03164,CUST-0271,2022-02-27,Pending,Mobile App,39.45,2,Acceptable,Latin America,Chile
ORD-03165,CUST-0146,2022-04-13,Pending,Mobile App,1.91,28,Acceptable,Africa,Kenya
ORD-03166,CUST-0327,2023-01-22,Completed,In-Store,24.84,15,Acceptable,Middle East,Saudi Arabia
ORD-03167,CUST-0072,2023-09-10,Cancelled,In-Store,16.65,3,Acceptable,Latin America,Colombia
ORD-03168,CUST-0340,2021-07-24,Completed,Website,35.99,13,Acceptable,Africa,Ghana
ORD-03169,CUST-0456,2023-12-29,Cancelled,Website,12.27,35,Acceptable,Europe,Sweden
ORD-03170,CUST-0185,2022-01-07,Completed,Marketplace,36.32,3,Acceptable,Europe,Netherlands
ORD-03171,CUST-0184,2022-05-08,Refunded,Mobile App,36.35,33,Acceptable,Africa,South Africa
ORD-03172,CUST-0423,2022-03-24,Completed,Website,25.20,17,Acceptable,Latin America,Colombia
ORD-03173,CUST-0418,2023-05-18,Completed,Website,35.73,12,Acceptable,Asia Pacific,Singapore
ORD-03174,CUST-0086,2020-04-24,Completed,Partner Portal,23.65,1,Acceptable,Europe,Spain
ORD-03175,CUST-0175,2020-01-07,Completed,Partner Portal,28.33,15,Acceptable,Africa,Ghana
ORD-03176,CUST-0332,2022-01-13,Completed,Marketplace,43.84,12,Acceptable,Africa,Nigeria
ORD-03177,CUST-0240,2024-06-26,Cancelled,Website,22.87,35,Acceptable,Europe,United Kingdom
ORD-03178,CUST-0296,2020-06-11,Completed,Phone,7.22,10,Acceptable,Europe,Germany
ORD-03179,CUST-0361,2022-06-27,Completed,Website,39.87,10,Acceptable,Latin America,Brazil
ORD-03180,CUST-0126,2022-02-05,Completed,Website,24.97,29,Acceptable,Latin America,Argentina
ORD-03181,CUST-0171,2022-07-09,Cancelled,Partner Portal,21.66,15,Acceptable,Europe,Netherlands
ORD-03182,CUST-0283,2020-07-10,Pending,Phone,15.90,12,Acceptable,Middle East,Saudi Arabia
ORD-03183,CUST-0210,2024-12-19,Cancelled,Partner Portal,23.64,34,Acceptable,Europe,Germany
ORD-03184,CUST-0458,2020-04-04,Completed,In-Store,21.40,2,Acceptable,Africa,Kenya
ORD-03185,CUST-0291,2020-01-15,Pending,Mobile App,43.29,2,Acceptable,Middle East,UAE
ORD-03186,CUST-0400,2022-05-01,Refunded,Website,4.90,23,Acceptable,Asia Pacific,Australia
ORD-03187,CUST-0441,2023-09-28,Completed,Marketplace,34.44,1,Acceptable,Latin America,Argentina
ORD-03188,CUST-0125,2024-07-16,Completed,Phone,37.06,0,Acceptable,Africa,Ghana
ORD-03189,CUST-0262,2023-06-19,Completed,Mobile App,9.26,16,Acceptable,NA Region,Canada
ORD-03190,CUST-0094,2024-04-12,Cancelled,Mobile App,13.66,26,Acceptable,Europe,Germany
ORD-03191,CUST-0063,2020-11-05,Cancelled,Phone,9.34,31,Acceptable,Middle East,Saudi Arabia
ORD-03192,CUST-0010,2020-08-04,Cancelled,Phone,23.24,2,Acceptable,Latin America,Chile
ORD-03193,CUST-0411,2024-12-30,Completed,In-Store,23.09,24,Acceptable,Asia Pacific,Singapore
ORD-03194,CUST-0003,2020-09-16,Cancelled,In-Store,21.31,1,Acceptable,Latin America,Colombia
ORD-03195,CUST-0055,2022-10-23,Pending,Partner Portal,10.72,15,Acceptable,North America,Canada
ORD-03196,CUST-0333,2021-05-29,Completed,Marketplace,39.75,25,Acceptable,Asia Pacific,Singapore
ORD-03197,CUST-0372,2024-11-15,Completed,Mobile App,10.44,6,Acceptable,Latin America,Chile
ORD-03198,CUST-0466,2022-07-02,Completed,Phone,30.25,9,Acceptable,Europe,Spain
ORD-03199,CUST-0351,2024-11-07,Completed,Website,43.36,29,Acceptable,Europe,Spain
ORD-03200,CUST-0254,2021-04-03,Refunded,Website,37.23,13,Acceptable,Asia Pacific,Singapore
ORD-03201,CUST-0238,2020-06-02,Refunded,Marketplace,27.89,22,Acceptable,Latin America,Argentina
ORD-03202,CUST-0425,2024-03-17,Completed,Website,42.36,26,Acceptable,North America,Canada
ORD-03203,CUST-0407,2023-11-15,Cancelled,Mobile App,44.26,25,Acceptable,Middle East,Qatar
ORD-03204,CUST-0437,2020-08-30,Completed,Partner Portal,9.95,10,Acceptable,North America,Canada
ORD-03205,CUST-0186,2021-10-03,Pending,Website,16.80,15,Acceptable,Asia Pacific,Singapore
ORD-03206,CUST-0209,2024-06-09,Cancelled,Partner Portal,25.70,23,Acceptable,Europe,France
ORD-03207,CUST-0358,2022-03-22,Completed,Mobile App,2.77,14,Acceptable,Asia Pacific,India
ORD-03208,CUST-0150,2022-09-11,Refunded,Unknown,40.92,34,Acceptable,North America,Mexico
ORD-03209,CUST-0055,2021-07-11,Completed,Mobile App,21.14,15,Acceptable,North America,Canada
ORD-03210,CUST-0115,2020-04-12,Completed,Mobile App,13.59,21,Acceptable,Middle East,UAE
ORD-03211,CUST-0321,2023-11-09,Completed,Partner Portal,40.34,7,Acceptable,Europe,United Kingdom
ORD-03212,CUST-0442,2020-09-04,Completed,Marketplace,32.59,9,Acceptable,North America,United States
ORD-03213,CUST-0063,2023-06-19,Cancelled,Website,13.92,6,Acceptable,Middle East,Saudi Arabia
ORD-03214,CUST-0472,2021-02-08,Refunded,Unknown,10.13,3,Acceptable,Europe,Netherlands
ORD-03215,CUST-0015,2021-05-02,Completed,Mobile App,3.87,35,Acceptable,Africa,Nigeria
ORD-03216,CUST-0027,2022-10-29,Completed,Website,19.07,16,Acceptable,Africa,South Africa
ORD-03217,CUST-0213,2022-09-26,Cancelled,Phone,27.96,8,Acceptable,Middle East,Qatar
ORD-03218,CUST-0008,2024-12-01,Cancelled,Mobile App,20.27,29,Acceptable,Latin America,Chile
ORD-03219,CUST-0210,2021-05-17,Pending,In-Store,29.00,33,Acceptable,Europe,Germany
ORD-03220,CUST-0137,2023-11-01,Cancelled,In-Store,1.65,2,Acceptable,Latin America,Colombia
ORD-03221,CUST-0123,2021-10-05,Pending,In-Store,7.01,26,Acceptable,Asia Pacific,Singapore
ORD-03222,CUST-0135,2022-05-03,Cancelled,Mobile App,24.60,18,Acceptable,North America,Mexico
ORD-03223,CUST-0027,2021-11-30,Pending,Phone,28.17,5,Acceptable,Africa,South Africa
ORD-03224,CUST-0254,2021-11-09,Refunded,Unknown,0.86,20,Acceptable,Asia Pacific,Singapore
ORD-03225,CUST-0161,2022-04-29,Cancelled,Website,26.62,19,Acceptable,North America,Mexico
ORD-03226,CUST-0426,2021-03-07,Completed,Mobile App,10.68,16,Acceptable,Africa,Ghana
ORD-03227,CUST-0443,2020-12-06,Completed,In-Store,10.28,3,Acceptable,Asia Pacific,Australia
ORD-03228,CUST-0136,2023-10-13,Completed,Mobile App,5.32,12,Acceptable,Europe,Sweden
ORD-03229,CUST-0297,2024-05-12,Completed,Phone,19.06,26,Acceptable,Middle East,Qatar
ORD-03230,CUST-0244,2020-05-06,Completed,Partner Portal,2.59,5,Acceptable,North America,Mexico
ORD-03231,CUST-0037,2021-12-24,Refunded,In-Store,44.28,32,Acceptable,North America,Mexico
ORD-03232,CUST-0410,2022-08-22,Refunded,Marketplace,34.16,35,Acceptable,Latin America,Brazil
ORD-03233,CUST-0154,2021-12-09,Cancelled,Marketplace,8.02,22,Acceptable,Africa,Nigeria
ORD-03234,CUST-0153,2021-05-04,Completed,Website,2.57,27,Acceptable,North America,United States
ORD-03235,CUST-0352,2020-04-30,Refunded,In-Store,17.12,10,Acceptable,Europe,France
ORD-03236,CUST-0327,2020-05-08,Pending,In-Store,25.41,10,Acceptable,Middle East,Saudi Arabia
ORD-03237,CUST-0117,2022-11-25,Refunded,Mobile App,38.73,31,Acceptable,Europe,Germany
ORD-03238,CUST-0365,2021-01-30,Refunded,Marketplace,4.82,18,Acceptable,Europe,United Kingdom
ORD-03239,CUST-0112,2021-03-14,Completed,Partner Portal,23.23,6,Acceptable,Africa,Kenya
ORD-03240,CUST-0101,2024-08-02,Completed,Mobile App,17.97,16,Acceptable,Middle East,Qatar
ORD-03241,CUST-0320,2020-11-09,Pending,Marketplace,36.03,16,Acceptable,Middle East,UAE
ORD-03242,CUST-0228,2021-06-09,Completed,Phone,6.29,13,Acceptable,Europe,Spain
ORD-03243,CUST-0292,2024-01-31,Completed,Website,5.07,21,Acceptable,Europe,France
ORD-03244,CUST-0400,2024-05-14,Cancelled,In-Store,43.37,6,Acceptable,Asia Pacific,Australia
ORD-03245,CUST-0330,2022-01-05,Pending,Marketplace,1.60,26,Acceptable,North America,United States
ORD-03246,CUST-0128,2021-09-20,Refunded,Partner Portal,34.79,13,Acceptable,North America,United States
ORD-03247,CUST-0120,2024-10-11,Pending,In-Store,33.25,7,Acceptable,Middle East,Saudi Arabia
ORD-03248,CUST-0420,2020-09-05,Completed,Unknown,21.60,4,Acceptable,Europe,France
ORD-03249,CUST-0260,2020-02-26,Completed,Mobile App,2.42,19,Acceptable,Latin America,Argentina
ORD-03250,CUST-0202,2024-03-06,Completed,Phone,31.11,19,Acceptable,Middle East,UAE
ORD-03251,CUST-0451,2021-08-14,Completed,Partner Portal,30.32,12,Acceptable,Middle East,Qatar
ORD-03252,CUST-0307,2024-07-28,Refunded,Phone,21.99,2,Acceptable,North America,Canada
ORD-03253,CUST-0390,2022-10-16,Pending,In-Store,10.52,24,Acceptable,Middle East,Saudi Arabia
ORD-03254,CUST-0272,2024-02-28,Cancelled,Website,23.06,0,Acceptable,Africa,South Africa
ORD-03255,CUST-0051,2021-04-10,Cancelled,Phone,18.91,24,Acceptable,Middle East,Qatar
ORD-03256,CUST-0395,2023-09-08,Refunded,Mobile App,3.62,5,Acceptable,Middle East,Qatar
ORD-03257,CUST-0071,2020-11-14,Completed,Unknown,3.73,15,Acceptable,Latin America,Argentina
ORD-03258,CUST-0205,2021-05-02,Completed,In-Store,1.54,25,Acceptable,Europe,Spain
ORD-03259,CUST-0180,2021-02-13,Cancelled,Phone,4.06,30,Acceptable,North America,Mexico
ORD-03260,CUST-0373,2020-11-29,Completed,Partner Portal,34.93,9,Acceptable,Europe,France
ORD-03261,CUST-0399,2024-08-16,Completed,Phone,43.82,29,Acceptable,Latin America,Chile
ORD-03262,CUST-0183,2022-09-01,Completed,Unknown,9.91,33,Acceptable,Latin America,Chile
ORD-03263,CUST-0093,2023-03-16,Cancelled,Partner Portal,13.45,2,Acceptable,North America,Canada
ORD-03264,CUST-0203,2020-11-01,Completed,Partner Portal,2.54,24,Acceptable,North America,Mexico
ORD-03265,CUST-0457,2023-03-30,Cancelled,In-Store,23.45,1,Acceptable,North America,Mexico
ORD-03266,CUST-0238,2022-05-10,Completed,Unknown,1.70,1,Acceptable,Latin America,Argentina
ORD-03267,CUST-0312,2021-12-05,Refunded,Marketplace,10.58,9,Acceptable,Europe,Spain
ORD-03268,CUST-0002,2020-06-27,Completed,Mobile App,32.26,16,Acceptable,Middle East,Qatar
ORD-03269,CUST-0085,2023-08-11,Completed,In-Store,28.96,118,Review Recommended,Middle East,UAE
ORD-03270,CUST-0459,2022-11-26,Completed,Marketplace,33.12,30,Acceptable,Europe,Spain
ORD-03271,CUST-0087,2024-10-01,Refunded,Marketplace,40.99,26,Acceptable,Asia Pacific,Australia
ORD-03272,CUST-0338,2022-10-18,Completed,Website,28.08,27,Acceptable,Europe,Sweden
ORD-03273,CUST-0268,2023-09-17,Refunded,Unknown,34.16,18,Acceptable,Europe,France
ORD-03274,CUST-0445,2022-10-19,Cancelled,Marketplace,13.19,31,Acceptable,Asia Pacific,India
ORD-03275,CUST-0342,2022-01-14,Completed,In-Store,23.76,32,Acceptable,Africa,South Africa
ORD-03276,CUST-0219,2021-09-29,Refunded,Partner Portal,4.81,24,Acceptable,Asia Pacific,Australia
ORD-03277,CUST-0281,2020-09-10,Refunded,Marketplace,14.76,28,Acceptable,Latin America,Colombia
ORD-03278,CUST-0179,2022-03-03,Completed,Website,5.02,27,Acceptable,Middle East,Qatar
ORD-03279,CUST-0453,2022-12-01,Cancelled,In-Store,31.74,28,Acceptable,Latin America,Argentina
ORD-03280,CUST-0139,2024-01-06,Completed,Marketplace,26.64,15,Acceptable,Europe,Netherlands
ORD-03281,CUST-0056,2021-10-19,Completed,Website,20.66,21,Acceptable,Asia Pacific,Singapore
ORD-03282,CUST-0119,2022-03-19,Pending,Marketplace,25.89,33,Acceptable,North America,Canada
ORD-03283,CUST-0197,2023-01-03,Completed,Marketplace,21.88,31,Acceptable,Latin America,Colombia
ORD-03284,CUST-0371,2024-05-24,Completed,Mobile App,31.71,5,Acceptable,North America,United States
ORD-03285,CUST-0055,2021-05-09,Cancelled,Phone,11.38,20,Acceptable,North America,Canada
ORD-03286,CUST-0362,2020-11-15,Completed,Partner Portal,37.29,6,Acceptable,Asia Pacific,India
ORD-03287,CUST-0416,2022-08-07,Refunded,Marketplace,10.87,25,Acceptable,Middle East,Saudi Arabia
ORD-03288,CUST-0216,2022-01-22,Refunded,Marketplace,25.15,5,Acceptable,Africa,Kenya
ORD-03289,CUST-0316,2023-08-16,Completed,Website,4.57,31,Acceptable,Africa,Kenya
ORD-03290,CUST-0459,2023-06-22,Cancelled,Mobile App,23.11,28,Acceptable,Europe,Spain
ORD-03291,CUST-0265,2020-05-03,Refunded,Phone,25.97,34,Acceptable,North America,United States
ORD-03292,CUST-0222,2024-08-11,Completed,Mobile App,40.56,21,Acceptable,Asia Pacific,India
ORD-03293,CUST-0257,2024-07-13,Completed,Website,31.32,11,Acceptable,Europe,France
ORD-03294,CUST-0310,2023-01-28,Completed,Website,30.16,19,Acceptable,Latin America,Chile
ORD-03295,CUST-0448,2023-03-14,Cancelled,In-Store,6.04,28,Acceptable,Africa,South Africa
ORD-03296,CUST-0417,2023-03-30,Refunded,Mobile App,19.47,23,Acceptable,Middle East,UAE
ORD-03297,CUST-0013,2021-03-26,Refunded,Partner Portal,17.46,4,Acceptable,Latin America,Brazil
ORD-03298,CUST-0056,2022-01-14,Completed,Website,6.02,34,Acceptable,Asia Pacific,Singapore
ORD-03299,CUST-0425,2023-03-15,Completed,Marketplace,31.78,6,Acceptable,North America,Canada
ORD-03300,CUST-0372,2024-09-06,Refunded,Partner Portal,9.56,33,Acceptable,Latin America,Chile
ORD-03301,CUST-0450,2021-08-12,Completed,Mobile App,6.93,14,Acceptable,Europe,France
ORD-03302,CUST-0156,2024-12-04,Completed,Marketplace,30.81,31,Acceptable,Africa,Nigeria
ORD-03303,CUST-0304,2024-06-01,Refunded,Unknown,12.38,10,Acceptable,North America,Mexico
ORD-03304,CUST-0088,2022-12-10,Refunded,Mobile App,25.47,29,Acceptable,North America,Canada
ORD-03305,CUST-0420,2020-12-18,Completed,Phone,26.14,31,Acceptable,Europe,France
ORD-03306,CUST-0119,2020-03-03,Completed,Mobile App,33.17,3,Acceptable,North America,Canada
ORD-03307,CUST-0328,2020-06-15,Refunded,Partner Portal,9.94,34,Acceptable,Middle East,UAE
ORD-03308,CUST-0285,2020-05-05,Refunded,Website,4.56,8,Acceptable,Middle East,UAE
ORD-03309,CUST-0225,2020-11-29,Cancelled,In-Store,19.33,22,Acceptable,North America,Canada
ORD-03310,CUST-0360,2022-01-21,Completed,Marketplace,2.58,11,Acceptable,Europe,Netherlands
ORD-03311,CUST-0276,2020-12-24,Pending,Partner Portal,34.02,15,Acceptable,Asia Pacific,India
ORD-03312,CUST-0063,2021-09-24,Completed,Partner Portal,23.16,7,Acceptable,Middle East,Saudi Arabia
ORD-03313,CUST-0292,2022-05-01,Completed,In-Store,21.81,23,Acceptable,Europe,France
ORD-03314,CUST-0364,2023-01-04,Completed,Marketplace,29.11,17,Acceptable,Africa,Nigeria
ORD-03315,CUST-0134,2022-03-18,Pending,Website,10.44,30,Acceptable,North America,United States
ORD-03316,CUST-0166,2022-02-14,Completed,Website,27.73,6,Acceptable,Latin America,Argentina
ORD-03317,CUST-0278,2023-05-03,Completed,Phone,33.67,16,Acceptable,North America,United States
ORD-03318,CUST-0047,2021-11-04,Completed,Partner Portal,3.86,12,Acceptable,Asia Pacific,India
ORD-03319,CUST-0104,2022-02-14,Pending,Unknown,16.79,30,Acceptable,North America,Canada
ORD-03320,CUST-0116,2023-02-28,Completed,Phone,24.84,28,Acceptable,Latin America,Chile
ORD-03321,CUST-0046,2022-07-26,Completed,Unknown,23.98,29,Acceptable,Asia Pacific,Japan
ORD-03322,CUST-0259,2024-05-11,Refunded,Unknown,34.53,6,Acceptable,North America,Mexico
ORD-03323,CUST-0321,2024-12-23,Refunded,Website,19.43,30,Acceptable,Europe,United Kingdom
ORD-03324,CUST-0311,2022-10-12,Pending,Partner Portal,37.51,5,Acceptable,Asia Pacific,Japan
ORD-03325,CUST-0153,2020-01-21,Completed,Marketplace,0.77,29,Acceptable,North America,United States
ORD-03326,CUST-0226,2020-11-07,Refunded,Phone,8.97,17,Acceptable,Africa,Nigeria
ORD-03327,CUST-0298,2022-07-19,Cancelled,Phone,32.56,34,Acceptable,Africa,South Africa
ORD-03328,CUST-0213,2020-03-11,Refunded,Marketplace,17.99,28,Acceptable,Middle East,Qatar
ORD-03329,CUST-0462,2021-02-22,Completed,Website,17.67,20,Acceptable,Middle East,Saudi Arabia
ORD-03330,CUST-0456,2021-03-04,Pending,In-Store,34.91,5,Acceptable,Europe,Sweden
ORD-03331,CUST-0344,2023-02-07,Cancelled,Website,37.26,11,Acceptable,Africa,Nigeria
ORD-03332,CUST-0142,2022-09-13,Cancelled,Mobile App,23.33,27,Acceptable,Asia Pacific,Singapore
ORD-03333,CUST-0020,2022-04-01,Completed,Phone,18.35,27,Acceptable,Latin America,Brazil
ORD-03334,CUST-0263,2022-09-17,Completed,In-Store,11.24,2,Acceptable,Asia Pacific,Singapore
ORD-03335,CUST-0380,2023-07-11,Completed,Unknown,9.40,34,Acceptable,Asia Pacific,Singapore
ORD-03336,CUST-0022,2020-08-23,Pending,In-Store,20.10,28,Acceptable,North America,United States
ORD-03337,CUST-0360,2024-04-19,Completed,Website,21.86,20,Acceptable,Europe,Netherlands
ORD-03338,CUST-0241,2022-07-15,Completed,Phone,40.55,24,Acceptable,Europe,Germany
ORD-03339,CUST-0301,2021-02-18,Completed,Mobile App,22.51,29,Acceptable,North America,United States
ORD-03340,CUST-0436,2023-10-14,Completed,Unknown,25.17,30,Acceptable,Middle East,Qatar
ORD-03341,CUST-0392,2024-10-11,Completed,Phone,3.12,34,Acceptable,Asia Pacific,Singapore
ORD-03342,CUST-0088,2020-12-10,Pending,Website,0.39,29,Acceptable,North America,Canada
ORD-03343,CUST-0099,2023-08-13,Cancelled,Phone,6.60,16,Acceptable,Latin America,Chile
ORD-03344,CUST-0045,2023-06-11,Refunded,Marketplace,38.72,6,Acceptable,Latin America,Colombia
ORD-03345,CUST-0155,2024-04-20,Completed,Website,32.50,7,Acceptable,North America,Mexico
ORD-03346,CUST-0453,2020-05-30,Completed,Phone,6.20,133,Review Recommended,Latin America,Argentina
ORD-03347,CUST-0074,2021-01-24,Refunded,Phone,42.66,33,Acceptable,Africa,Nigeria
ORD-03348,CUST-0192,2023-05-26,Pending,Partner Portal,30.69,8,Acceptable,Latin America,Argentina
ORD-03349,CUST-0137,2024-07-23,Completed,Partner Portal,38.17,22,Acceptable,Latin America,Colombia
ORD-03350,CUST-0227,2020-12-26,Pending,In-Store,4.69,28,Acceptable,North America,Mexico
ORD-03351,CUST-0474,2021-05-25,Completed,Unknown,36.94,10,Acceptable,Europe,Germany
ORD-03352,CUST-0319,2022-11-16,Completed,In-Store,38.96,21,Acceptable,Middle East,UAE
ORD-03353,CUST-0053,2021-02-12,Completed,Marketplace,32.13,8,Acceptable,Latin America,Argentina
ORD-03354,CUST-0273,2023-09-05,Cancelled,Unknown,16.36,22,Acceptable,Latin America,Brazil
ORD-03355,CUST-0432,2022-11-17,Cancelled,Unknown,12.74,20,Acceptable,North America,United States
ORD-03356,CUST-0192,2022-12-25,Completed,Marketplace,21.85,21,Acceptable,Latin America,Argentina
ORD-03357,CUST-0402,2022-09-12,Completed,In-Store,27.23,33,Acceptable,Africa,Nigeria
ORD-03358,CUST-0232,2021-10-09,Completed,Unknown,14.88,26,Acceptable,Middle East,Saudi Arabia
ORD-03359,CUST-0342,2020-03-06,Completed,Marketplace,1.26,10,Acceptable,Africa,South Africa
ORD-03360,CUST-0346,2022-07-24,Refunded,Marketplace,24.20,34,Acceptable,North America,Canada
ORD-03361,CUST-0397,2021-02-21,Completed,Partner Portal,6.15,11,Acceptable,Latin America,Argentina
ORD-03362,CUST-0074,2022-01-01,Refunded,Mobile App,25.98,16,Acceptable,Africa,Nigeria
ORD-03363,CUST-0049,2024-07-24,Completed,Marketplace,10.88,26,Acceptable,Europe,United Kingdom
ORD-03364,CUST-0245,2020-03-07,Completed,In-Store,3.98,28,Acceptable,Europe,Sweden
ORD-03365,CUST-0005,2023-05-25,Completed,Phone,25.46,35,Acceptable,Africa,South Africa
ORD-03366,CUST-0074,2024-06-09,Completed,Mobile App,37.12,11,Acceptable,Africa,Nigeria
ORD-03367,CUST-0121,2023-01-27,Completed,Website,35.99,28,Acceptable,Europe,Germany
ORD-03368,CUST-0037,2020-11-18,Refunded,Phone,17.23,18,Acceptable,North America,Mexico
ORD-03369,CUST-0431,2020-01-25,Pending,In-Store,7.73,15,Acceptable,Asia Pacific,Singapore
ORD-03370,CUST-0059,2022-11-22,Cancelled,Phone,30.88,26,Acceptable,North America,Mexico
ORD-03371,CUST-0072,2022-06-15,Completed,In-Store,12.79,1,Acceptable,Latin America,Colombia
ORD-03372,CUST-0043,2021-08-14,Refunded,Mobile App,19.90,3,Acceptable,Middle East,UAE
ORD-03373,CUST-0344,2020-10-04,Pending,Website,30.08,12,Acceptable,Africa,Nigeria
ORD-03374,CUST-0088,2020-01-28,Completed,In-Store,36.70,2,Acceptable,North America,Canada
ORD-03375,CUST-0077,2022-01-15,Pending,Marketplace,29.37,29,Acceptable,Asia Pacific,Australia
ORD-03376,CUST-0001,2024-09-20,Pending,Partner Portal,13.33,4,Acceptable,Latin America,Argentina
ORD-03377,CUST-0414,2022-03-30,Refunded,Unknown,28.72,33,Acceptable,North America,Canada
ORD-03378,CUST-0108,2024-07-20,Cancelled,Partner Portal,33.89,26,Acceptable,North America,United States
ORD-03379,CUST-0132,2020-03-11,Pending,Partner Portal,22.66,1,Acceptable,Africa,South Africa
ORD-03380,CUST-0398,2022-10-13,Completed,Marketplace,37.19,16,Acceptable,Latin America,Brazil
ORD-03381,CUST-0033,2021-03-03,Cancelled,Phone,6.31,22,Acceptable,Middle East,Qatar
ORD-03382,CUST-0092,2020-07-10,Completed,Mobile App,5.75,15,Acceptable,Latin America,Brazil
ORD-03383,CUST-0403,2023-07-12,Completed,Partner Portal,3.63,21,Acceptable,Africa,Kenya
ORD-03384,CUST-0323,2020-10-20,Completed,In-Store,27.93,13,Acceptable,Europe,Spain
ORD-03385,CUST-0475,2024-12-18,Completed,In-Store,10.55,20,Acceptable,North America,Mexico
ORD-03386,CUST-0334,2024-08-12,Completed,Marketplace,22.99,1,Acceptable,Asia Pacific,South Korea
ORD-03387,CUST-0066,2020-12-19,Pending,Mobile App,7.98,21,Acceptable,Asia Pacific,South Korea
ORD-03388,CUST-0316,2022-01-19,Pending,Mobile App,36.39,24,Acceptable,Africa,Kenya
ORD-03389,CUST-0359,2024-11-09,Completed,Mobile App,37.52,120,Review Recommended,Europe,Netherlands
ORD-03390,CUST-0316,2022-12-01,Completed,Marketplace,30.16,25,Acceptable,Africa,Kenya
ORD-03391,CUST-0315,2021-09-23,Completed,Marketplace,4.92,27,Acceptable,Africa,Nigeria
ORD-03392,CUST-0394,2022-03-22,Pending,Mobile App,41.37,19,Acceptable,Latin America,Argentina
ORD-03393,CUST-0450,2022-10-13,Refunded,Unknown,13.47,8,Acceptable,Europe,France
ORD-03394,CUST-0347,2022-11-06,Completed,In-Store,9.58,34,Acceptable,North America,Mexico
ORD-03395,CUST-0430,2021-06-05,Completed,Mobile App,41.99,16,Acceptable,Middle East,Saudi Arabia
ORD-03396,CUST-0306,2021-02-09,Refunded,Website,11.01,13,Acceptable,Europe,Spain
ORD-03397,CUST-0028,2023-08-23,Refunded,Website,20.63,12,Acceptable,Middle East,Saudi Arabia
ORD-03398,CUST-0233,2024-02-01,Refunded,Website,31.96,12,Acceptable,Europe,Germany
ORD-03399,CUST-0440,2020-03-07,Completed,Partner Portal,29.89,3,Acceptable,Asia Pacific,India
ORD-03400,CUST-0332,2023-07-22,Completed,Website,4.53,31,Acceptable,Africa,Nigeria
ORD-03401,CUST-0043,2022-12-31,Cancelled,In-Store,10.70,10,Acceptable,Middle East,UAE
ORD-03402,CUST-0479,2024-02-04,Completed,Marketplace,6.16,8,Acceptable,Latin America,Argentina
ORD-03403,CUST-0381,2020-02-04,Pending,Phone,37.91,26,Acceptable,Middle East,UAE
ORD-03404,CUST-0288,2021-03-01,Refunded,Mobile App,23.41,10,Acceptable,Africa,Kenya
ORD-03405,CUST-0250,2024-04-07,Completed,Partner Portal,23.26,18,Acceptable,Europe,Sweden
ORD-03406,CUST-0280,2022-03-19,Completed,In-Store,30.35,2,Acceptable,Latin America,Colombia
ORD-03407,CUST-0086,2022-09-02,Cancelled,Partner Portal,13.16,13,Acceptable,Europe,Spain
ORD-03408,CUST-0196,2024-03-06,Pending,In-Store,25.89,35,Acceptable,Africa,Ghana
ORD-03409,CUST-0343,2020-02-10,Completed,Unknown,13.61,13,Acceptable,Europe,France
ORD-03410,CUST-0129,2024-07-03,Completed,In-Store,33.28,3,Acceptable,North America,Mexico
ORD-03411,CUST-0377,2020-02-08,Cancelled,In-Store,34.96,1,Acceptable,Middle East,Qatar
ORD-03412,CUST-0379,2020-04-23,Completed,Marketplace,41.60,18,Acceptable,Europe,United Kingdom
ORD-03413,CUST-0169,2023-11-12,Completed,Mobile App,29.78,6,Acceptable,Asia Pacific,South Korea
ORD-03414,CUST-0226,2021-03-30,Refunded,Partner Portal,26.04,32,Acceptable,Africa,Nigeria
ORD-03415,CUST-0121,2020-08-23,Completed,Mobile App,11.26,3,Acceptable,Europe,Germany
ORD-03416,CUST-0001,2024-05-15,Pending,In-Store,31.61,3,Acceptable,Latin America,Argentina
ORD-03417,CUST-0366,2024-01-22,Completed,Marketplace,41.38,5,Acceptable,Europe,Spain
ORD-03418,CUST-0465,2023-06-03,Completed,Partner Portal,41.84,5,Acceptable,Asia Pacific,India
ORD-03419,CUST-0320,2020-05-07,Completed,Website,31.86,35,Acceptable,Middle East,UAE
ORD-03420,CUST-0387,2022-10-31,Refunded,Marketplace,35.33,21,Acceptable,Middle East,Qatar
ORD-03421,CUST-0390,2020-05-22,Refunded,Website,10.39,28,Acceptable,Middle East,Saudi Arabia
ORD-03422,CUST-0254,2022-08-12,Refunded,Website,9.72,19,Acceptable,Asia Pacific,Singapore
ORD-03423,CUST-0134,2024-08-12,Completed,In-Store,26.44,14,Acceptable,North America,United States
ORD-03424,CUST-0452,2023-09-24,Completed,Partner Portal,4.43,7,Acceptable,Latin America,Brazil
ORD-03425,CUST-0449,2021-08-10,Completed,Mobile App,12.76,23,Acceptable,Europe,United Kingdom
ORD-03426,CUST-0340,2024-11-05,Completed,Partner Portal,7.35,33,Acceptable,Africa,Ghana
ORD-03427,CUST-0472,2024-06-27,Cancelled,Mobile App,3.39,31,Acceptable,Europe,Netherlands
ORD-03428,CUST-0472,2020-06-12,Cancelled,Website,3.93,14,Acceptable,Europe,Netherlands
ORD-03429,CUST-0001,2022-09-26,Cancelled,Mobile App,10.76,0,Acceptable,Latin America,Argentina
ORD-03430,CUST-0034,2020-03-31,Completed,Phone,13.76,14,Acceptable,Middle East,UAE
ORD-03431,CUST-0291,2021-04-10,Completed,Website,23.40,5,Acceptable,Middle East,UAE
ORD-03432,CUST-0480,2024-03-19,Refunded,Website,31.99,28,Acceptable,North America,Canada
ORD-03433,CUST-0335,2020-05-01,Completed,Website,43.59,5,Acceptable,Europe,Germany
ORD-03434,CUST-0254,2023-06-01,Refunded,Mobile App,10.94,3,Acceptable,Asia Pacific,Singapore
ORD-03435,CUST-0024,2022-08-07,Pending,Phone,18.50,9,Acceptable,Africa,Nigeria
ORD-03436,CUST-0030,2023-12-26,Completed,Mobile App,44.39,33,Acceptable,Asia Pacific,India
ORD-03437,CUST-0321,2022-09-26,Completed,Website,30.46,32,Acceptable,Europe,United Kingdom
ORD-03438,CUST-0250,2023-12-23,Cancelled,Marketplace,23.83,15,Acceptable,Europe,Sweden
ORD-03439,CUST-0275,2024-06-09,Completed,Mobile App,19.26,35,Acceptable,Africa,South Africa
ORD-03440,CUST-0217,2020-05-09,Cancelled,Partner Portal,17.48,29,Acceptable,Middle East,UAE
ORD-03441,CUST-0036,2024-09-26,Completed,Partner Portal,15.94,14,Acceptable,Latin America,Colombia
ORD-03442,CUST-0159,2024-12-07,Refunded,Website,11.57,28,Acceptable,North America,Mexico
ORD-03443,CUST-0082,2023-06-14,Completed,Phone,14.02,0,Acceptable,Africa,South Africa
ORD-03444,CUST-0261,2021-09-25,Cancelled,Phone,1.28,29,Acceptable,Africa,Ghana
ORD-03445,CUST-0160,2024-06-13,Pending,In-Store,4.01,18,Acceptable,Latin America,Colombia
ORD-03446,CUST-0370,2022-03-11,Pending,Phone,11.94,27,Acceptable,North America,United States
ORD-03447,CUST-0309,2022-12-17,Refunded,Partner Portal,20.01,19,Acceptable,Africa,South Africa
ORD-03448,CUST-0181,2022-05-02,Pending,Mobile App,8.38,26,Acceptable,North America,Mexico
ORD-03449,CUST-0216,2024-09-05,Pending,Unknown,19.47,32,Acceptable,Africa,Kenya
ORD-03450,CUST-0422,2024-11-25,Completed,Phone,42.98,33,Acceptable,North America,Canada
ORD-03451,CUST-0124,2021-11-29,Completed,Unknown,30.38,0,Acceptable,Latin America,Argentina
ORD-03452,CUST-0364,2020-04-10,Cancelled,Phone,35.15,35,Acceptable,Africa,Nigeria
ORD-03453,CUST-0131,2022-10-04,Refunded,In-Store,9.46,13,Acceptable,North America,Canada
ORD-03454,CUST-0010,2021-11-08,Completed,Website,25.55,22,Acceptable,Latin America,Chile
ORD-03455,CUST-0258,2023-02-24,Completed,Partner Portal,25.53,5,Acceptable,Asia Pacific,Singapore
ORD-03456,CUST-0184,2020-11-06,Cancelled,Phone,17.94,26,Acceptable,Africa,South Africa
ORD-03457,CUST-0097,2023-12-21,Cancelled,Phone,35.99,26,Acceptable,Europe,Netherlands
ORD-03458,CUST-0451,2022-01-10,Completed,In-Store,39.38,3,Acceptable,Middle East,Qatar
ORD-03459,CUST-0118,2024-03-14,Refunded,In-Store,34.01,30,Acceptable,Latin America,Brazil
ORD-03460,CUST-0204,2020-08-31,Cancelled,Marketplace,18.92,9,Acceptable,Africa,South Africa
ORD-03461,CUST-0023,2020-02-28,Completed,In-Store,21.25,7,Acceptable,Middle East,Saudi Arabia
ORD-03462,CUST-0416,2020-06-11,Completed,Website,40.01,33,Acceptable,Middle East,Saudi Arabia
ORD-03463,CUST-0243,2023-09-01,Completed,In-Store,20.11,32,Acceptable,Europe,Netherlands
ORD-03464,CUST-0316,2022-05-21,Refunded,Marketplace,44.68,23,Acceptable,Africa,Kenya
ORD-03465,CUST-0225,2022-04-01,Completed,Mobile App,15.33,10,Acceptable,North America,Canada
ORD-03466,CUST-0064,2023-12-10,Completed,In-Store,17.55,33,Acceptable,North America,Mexico
ORD-03467,CUST-0017,2021-11-30,Completed,Partner Portal,3.21,19,Acceptable,Middle East,Saudi Arabia
ORD-03468,CUST-0006,2021-02-02,Cancelled,Mobile App,12.42,21,Acceptable,Asia Pacific,South Korea
ORD-03469,CUST-0109,2022-05-10,Completed,Phone,16.68,4,Acceptable,Latin America,Chile
ORD-03470,CUST-0251,2022-03-23,Pending,Partner Portal,40.81,1,Acceptable,North America,Canada
ORD-03471,CUST-0172,2021-12-05,Completed,Unknown,39.52,3,Acceptable,Latin America,Argentina
ORD-03472,CUST-0088,2020-10-18,Completed,Partner Portal,19.22,5,Acceptable,North America,Canada
ORD-03473,CUST-0058,2024-07-01,Completed,Marketplace,43.11,5,Acceptable,Asia Pacific,South Korea
ORD-03474,CUST-0382,2020-08-14,Completed,Marketplace,13.90,9,Acceptable,Latin America,Brazil
ORD-03475,CUST-0447,2023-02-08,Completed,Mobile App,28.37,2,Acceptable,Middle East,UAE
ORD-03476,CUST-0277,2022-10-01,Completed,Unknown,40.45,1,Acceptable,Middle East,Saudi Arabia
ORD-03477,CUST-0160,2022-04-06,Completed,In-Store,40.98,20,Acceptable,Latin America,Colombia
ORD-03478,CUST-0070,2020-12-11,Pending,In-Store,44.26,8,Acceptable,Middle East,Qatar
ORD-03479,CUST-0053,2022-01-25,Completed,Phone,40.83,29,Acceptable,Latin America,Argentina
ORD-03480,CUST-0450,2023-04-13,Completed,Partner Portal,2.20,7,Acceptable,Europe,France
ORD-03481,CUST-0078,2020-05-02,Completed,Mobile App,2.81,28,Acceptable,Europe,United Kingdom
ORD-03482,CUST-0318,2022-12-25,Refunded,Phone,19.92,31,Acceptable,Asia Pacific,South Korea
ORD-03483,CUST-0236,2021-10-13,Refunded,Mobile App,41.32,17,Acceptable,Middle East,Qatar
ORD-03484,CUST-0293,2023-03-07,Pending,In-Store,38.21,4,Acceptable,Europe,Spain
ORD-03485,CUST-0056,2020-01-15,Completed,Partner Portal,13.31,12,Acceptable,Asia Pacific,Singapore
ORD-03486,CUST-0380,2021-09-16,Completed,Marketplace,10.52,26,Acceptable,Asia Pacific,Singapore
ORD-03487,CUST-0448,2021-06-23,Pending,Phone,14.05,5,Acceptable,Africa,South Africa
ORD-03488,CUST-0267,2021-02-09,Completed,Marketplace,9.75,29,Acceptable,Europe,Netherlands
ORD-03489,CUST-0030,2020-07-15,Pending,Phone,16.75,28,Acceptable,Asia Pacific,India
ORD-03490,CUST-0085,2021-08-09,Completed,Phone,5.75,16,Acceptable,Middle East,UAE
ORD-03491,CUST-0463,2022-10-21,Pending,Unknown,40.16,13,Acceptable,Africa,South Africa
ORD-03492,CUST-0364,2024-12-27,Completed,In-Store,26.65,27,Acceptable,Africa,Nigeria
ORD-03493,CUST-0447,2021-04-06,Completed,Partner Portal,23.76,30,Acceptable,Middle East,UAE
ORD-03494,CUST-0389,2021-11-07,Completed,In-Store,24.68,32,Acceptable,Latin America,Colombia
ORD-03495,CUST-0297,2021-05-03,Completed,Unknown,20.18,25,Acceptable,Middle East,Qatar
ORD-03496,CUST-0009,2021-07-18,Refunded,Mobile App,14.86,17,Acceptable,Europe,United Kingdom
ORD-03497,CUST-0005,2022-03-31,Pending,Mobile App,27.73,15,Acceptable,Africa,South Africa
ORD-03498,CUST-0421,2020-08-20,Cancelled,Phone,37.75,14,Acceptable,North America,Canada
ORD-03499,CUST-0367,2020-11-23,Refunded,Mobile App,23.30,30,Acceptable,Middle East,UAE
ORD-03500,CUST-0148,2023-10-26,Completed,Phone,7.16,23,Acceptable,Middle East,UAE
ORD-03501,CUST-0239,2022-05-11,Completed,Unknown,42.25,5,Acceptable,Africa,Kenya
ORD-03502,CUST-0050,2023-10-16,Completed,Phone,37.31,22,Acceptable,Latin America,Chile
ORD-03503,CUST-0119,2023-10-09,Pending,Website,4.80,10,Acceptable,North America,Canada
ORD-03504,CUST-0222,2021-06-27,Completed,Mobile App,8.93,14,Acceptable,Asia Pacific,India
ORD-03505,CUST-0179,2021-02-07,Cancelled,In-Store,7.83,26,Acceptable,Middle East,Qatar
ORD-03506,CUST-0327,2024-02-25,Cancelled,Phone,16.01,31,Acceptable,Middle East,Saudi Arabia
ORD-03507,CUST-0383,2020-12-01,Pending,Mobile App,0.13,28,Acceptable,Africa,Ghana
ORD-03508,CUST-0464,2024-03-19,Cancelled,In-Store,3.84,21,Acceptable,Europe,Netherlands
ORD-03509,CUST-0438,2020-08-17,Completed,Marketplace,25.89,144,Review Recommended,Europe,Sweden
ORD-03510,CUST-0140,2020-02-22,Completed,Unknown,7.11,27,Acceptable,Latin America,Brazil
ORD-03511,CUST-0066,2024-10-09,Refunded,Mobile App,0.66,135,Review Recommended,Asia Pacific,South Korea
ORD-03512,CUST-0062,2021-05-10,Completed,Marketplace,7.39,3,Acceptable,North America,Mexico
ORD-03513,CUST-0006,2021-11-21,Pending,In-Store,7.16,18,Acceptable,Asia Pacific,South Korea
ORD-03514,CUST-0280,2021-03-26,Completed,Website,13.93,22,Acceptable,Latin America,Colombia
ORD-03515,CUST-0186,2023-11-07,Completed,Website,22.88,4,Acceptable,Asia Pacific,Singapore
ORD-03516,CUST-0273,2024-04-28,Completed,Website,41.18,4,Acceptable,Latin America,Brazil
ORD-03517,CUST-0273,2021-05-24,Completed,Website,28.59,31,Acceptable,Latin America,Brazil
ORD-03518,CUST-0446,2024-07-24,Cancelled,Partner Portal,44.65,15,Acceptable,North America,Mexico
ORD-03519,CUST-0114,2022-03-03,Cancelled,Unknown,17.40,10,Acceptable,Europe,United Kingdom
ORD-03520,CUST-0351,2021-08-30,Completed,Marketplace,9.35,13,Acceptable,Europe,Spain
ORD-03521,CUST-0235,2020-01-01,Completed,Website,13.58,25,Acceptable,Middle East,UAE
ORD-03522,CUST-0201,2021-03-22,Completed,In-Store,2.64,12,Acceptable,Africa,Nigeria
ORD-03523,CUST-0113,2020-12-11,Pending,In-Store,26.51,31,Acceptable,North America,United States
ORD-03524,CUST-0255,2024-04-30,Completed,In-Store,19.36,15,Acceptable,Africa,Nigeria
ORD-03525,CUST-0385,2020-08-04,Completed,In-Store,14.00,6,Acceptable,Middle East,Saudi Arabia
ORD-03526,CUST-0375,2021-09-24,Completed,Marketplace,6.16,28,Acceptable,North America,United States
ORD-03527,CUST-0225,2024-05-08,Completed,Mobile App,40.92,28,Acceptable,North America,Canada
ORD-03528,CUST-0469,2023-02-11,Completed,Website,6.84,34,Acceptable,Africa,Nigeria
ORD-03529,CUST-0324,2022-02-13,Cancelled,Mobile App,44.96,12,Acceptable,Europe,United Kingdom
ORD-03530,CUST-0265,2024-03-09,Completed,Partner Portal,18.13,15,Acceptable,North America,United States
ORD-03531,CUST-0236,2023-01-14,Cancelled,Phone,4.96,11,Acceptable,Middle East,Qatar
ORD-03532,CUST-0103,2024-07-23,Completed,Partner Portal,10.66,3,Acceptable,North America,Canada
ORD-03533,CUST-0005,2022-05-27,Completed,Partner Portal,15.39,11,Acceptable,Africa,South Africa
ORD-03534,CUST-0228,2024-11-27,Refunded,Marketplace,38.30,4,Acceptable,Europe,Spain
ORD-03535,CUST-0227,2023-08-26,Completed,Website,19.13,22,Acceptable,North America,Mexico
ORD-03536,CUST-0045,2020-09-12,Completed,Website,17.68,26,Acceptable,Latin America,Colombia
ORD-03537,CUST-0410,2021-01-26,Completed,In-Store,2.12,19,Acceptable,Latin America,Brazil
ORD-03538,CUST-0051,2023-03-22,Cancelled,Website,37.07,12,Acceptable,Middle East,Qatar
ORD-03539,CUST-0423,2020-03-14,Completed,Partner Portal,21.81,24,Acceptable,Latin America,Colombia
ORD-03540,CUST-0079,2023-05-09,Completed,Partner Portal,36.13,31,Acceptable,Africa,South Africa
ORD-03541,CUST-0215,2022-08-21,Cancelled,In-Store,38.88,19,Acceptable,Europe,United Kingdom
ORD-03542,CUST-0412,2021-04-14,Cancelled,Mobile App,4.79,13,Acceptable,Africa,South Africa
ORD-03543,CUST-0178,2024-02-23,Completed,Website,20.79,24,Acceptable,Latin America,Argentina
ORD-03544,CUST-0360,2022-06-11,Pending,Website,24.44,12,Acceptable,Europe,Netherlands
ORD-03545,CUST-0007,2022-01-19,Completed,Mobile App,10.87,12,Acceptable,Middle East,Saudi Arabia
ORD-03546,CUST-0034,2020-09-20,Cancelled,In-Store,10.61,2,Acceptable,Middle East,UAE
ORD-03547,CUST-0376,2022-05-05,Cancelled,Mobile App,25.17,14,Acceptable,Latin America,Brazil
ORD-03548,CUST-0376,2024-12-26,Pending,Website,23.02,19,Acceptable,Latin America,Brazil
ORD-03549,CUST-0429,2020-12-22,Completed,Website,10.42,9,Acceptable,Asia Pacific,India
ORD-03550,CUST-0238,2021-03-12,Refunded,Mobile App,19.60,2,Acceptable,Latin America,Argentina
ORD-03551,CUST-0114,2023-07-30,Completed,Phone,2.50,35,Acceptable,Europe,United Kingdom
ORD-03552,CUST-0163,2020-06-16,Completed,Mobile App,7.53,20,Acceptable,Asia Pacific,Singapore
ORD-03553,CUST-0051,2022-07-13,Completed,Marketplace,30.85,31,Acceptable,Middle East,Qatar
ORD-03554,CUST-0216,2022-05-27,Pending,In-Store,0.89,2,Acceptable,Africa,Kenya
ORD-03555,CUST-0421,2023-12-06,Completed,Website,20.92,12,Acceptable,North America,Canada
ORD-03556,CUST-0164,2023-11-24,Cancelled,Phone,3.97,1,Acceptable,North America,Mexico
ORD-03557,CUST-0300,2021-04-03,Pending,Website,42.60,29,Acceptable,Africa,Nigeria
ORD-03558,CUST-0035,2021-02-23,Completed,Marketplace,25.44,32,Acceptable,Europe,Spain
ORD-03559,CUST-0336,2022-02-08,Completed,Marketplace,29.58,14,Acceptable,Latin America,Chile
ORD-03560,CUST-0369,2021-12-26,Pending,Partner Portal,7.58,14,Acceptable,Middle East,Qatar
ORD-03561,CUST-0263,2024-09-29,Pending,Website,31.29,14,Acceptable,Asia Pacific,Singapore
ORD-03562,CUST-0429,2020-03-28,Pending,Marketplace,39.33,32,Acceptable,Asia Pacific,India
ORD-03563,CUST-0107,2022-04-03,Completed,Mobile App,9.67,22,Acceptable,Middle East,Saudi Arabia
ORD-03564,CUST-0009,2020-12-14,Completed,Marketplace,28.16,34,Acceptable,Europe,United Kingdom
ORD-03565,CUST-0197,2024-12-28,Refunded,Website,11.68,32,Acceptable,Latin America,Colombia
ORD-03566,CUST-0415,2021-07-06,Completed,Website,9.02,0,Acceptable,Asia Pacific,South Korea
ORD-03567,CUST-0207,2020-10-12,Completed,In-Store,7.99,6,Acceptable,Europe,United Kingdom
ORD-03568,CUST-0169,2022-08-18,Pending,Partner Portal,29.40,8,Acceptable,Asia Pacific,South Korea
ORD-03569,CUST-0204,2024-07-03,Completed,Mobile App,21.09,21,Acceptable,Africa,South Africa
ORD-03570,CUST-0370,2021-02-12,Completed,Mobile App,34.82,0,Acceptable,North America,United States
ORD-03571,CUST-0383,2021-08-04,Pending,Marketplace,37.21,15,Acceptable,Africa,Ghana
ORD-03572,CUST-0402,2022-04-03,Pending,Phone,35.04,25,Acceptable,Africa,Nigeria
ORD-03573,CUST-0477,2022-08-16,Completed,Phone,13.23,1,Acceptable,Europe,Germany
ORD-03574,CUST-0242,2022-03-12,Cancelled,Unknown,9.64,12,Acceptable,Asia Pacific,India
ORD-03575,CUST-0181,2022-02-07,Cancelled,Unknown,30.51,30,Acceptable,North America,Mexico
ORD-03576,CUST-0177,2023-10-29,Completed,Partner Portal,38.90,14,Acceptable,Asia Pacific,India
ORD-03577,CUST-0466,2021-02-11,Completed,Partner Portal,19.73,22,Acceptable,Europe,Spain
ORD-03578,CUST-0381,2020-12-17,Completed,Mobile App,32.15,10,Acceptable,Middle East,UAE
ORD-03579,CUST-0062,2023-04-10,Completed,Phone,3.01,4,Acceptable,North America,Mexico
ORD-03580,CUST-0355,2021-06-18,Completed,Marketplace,3.77,13,Acceptable,Africa,Ghana
ORD-03581,CUST-0478,2023-07-16,Completed,Partner Portal,10.84,2,Acceptable,North America,Mexico
ORD-03582,CUST-0243,2023-12-11,Cancelled,Marketplace,15.27,4,Acceptable,Europe,Netherlands
ORD-03583,CUST-0005,2021-07-30,Completed,In-Store,33.35,13,Acceptable,Africa,South Africa
ORD-03584,CUST-0456,2024-02-06,Cancelled,Phone,41.14,33,Acceptable,Europe,Sweden
ORD-03585,CUST-0191,2024-08-07,Refunded,Phone,42.72,15,Acceptable,North America,Canada
ORD-03586,CUST-0215,2020-07-08,Cancelled,Phone,27.68,20,Acceptable,Europe,United Kingdom
ORD-03587,CUST-0228,2022-01-05,Refunded,Website,26.38,16,Acceptable,Europe,Spain
ORD-03588,CUST-0168,2022-06-05,Refunded,Mobile App,16.92,6,Acceptable,North America,Canada
ORD-03589,CUST-0075,2022-10-17,Refunded,Mobile App,1.54,3,Acceptable,Africa,South Africa
ORD-03590,CUST-0091,2024-06-14,Refunded,Mobile App,24.60,8,Acceptable,Africa,Ghana
ORD-03591,CUST-0102,2023-02-08,Refunded,Mobile App,23.83,25,Acceptable,Latin America,Chile
ORD-03592,CUST-0044,2024-03-22,Pending,Partner Portal,12.01,23,Acceptable,Africa,South Africa
ORD-03593,CUST-0188,2024-07-26,Completed,Marketplace,29.00,26,Acceptable,Africa,South Africa
ORD-03594,CUST-0071,2020-04-30,Refunded,Website,42.47,34,Acceptable,Latin America,Argentina
ORD-03595,CUST-0090,2024-10-24,Pending,Mobile App,36.94,26,Acceptable,Asia Pacific,India
ORD-03596,CUST-0451,2024-09-23,Completed,Phone,42.47,17,Acceptable,Middle East,Qatar
ORD-03597,CUST-0220,2023-02-19,Completed,Mobile App,15.57,28,Acceptable,North America,United States
ORD-03598,CUST-0425,2021-05-08,Completed,Phone,21.09,33,Acceptable,North America,Canada
ORD-03599,CUST-0248,2024-01-05,Completed,Phone,19.84,6,Acceptable,Europe,Netherlands
ORD-03600,CUST-0396,2023-07-14,Completed,Website,15.36,13,Acceptable,Asia Pacific,India
ORD-03601,CUST-0413,2024-10-21,Cancelled,Website,3.87,34,Acceptable,Europe,Germany
ORD-03602,CUST-0326,2023-05-25,Pending,Phone,41.02,10,Acceptable,Europe,Netherlands
ORD-03603,CUST-0277,2022-03-14,Completed,Phone,24.69,8,Acceptable,Middle East,Saudi Arabia
ORD-03604,CUST-0117,2023-10-12,Completed,Mobile App,35.01,15,Acceptable,Europe,Germany
ORD-03605,CUST-0067,2021-11-03,Refunded,Mobile App,12.84,6,Acceptable,Africa,Ghana
ORD-03606,CUST-0093,2021-04-28,Cancelled,Phone,30.14,7,Acceptable,North America,Canada
ORD-03607,CUST-0415,2020-05-15,Completed,In-Store,43.52,131,Review Recommended,Asia Pacific,South Korea
ORD-03608,CUST-0147,2021-11-17,Cancelled,Mobile App,42.87,9,Acceptable,Latin America,Brazil
ORD-03609,CUST-0041,2020-11-02,Completed,In-Store,35.95,19,Acceptable,Europe,Netherlands
ORD-03610,CUST-0395,2023-10-16,Completed,Partner Portal,32.66,7,Acceptable,Middle East,Qatar
ORD-03611,CUST-0416,2023-03-09,Completed,Phone,15.57,34,Acceptable,Middle East,Saudi Arabia
ORD-03612,CUST-0108,2020-03-05,Completed,In-Store,8.37,20,Acceptable,North America,United States
ORD-03613,CUST-0381,2021-08-05,Pending,Phone,24.96,1,Acceptable,Middle East,UAE
ORD-03614,CUST-0232,2024-08-28,Pending,Marketplace,37.88,32,Acceptable,Middle East,Saudi Arabia
ORD-03615,CUST-0015,2024-07-23,Pending,Partner Portal,42.43,24,Acceptable,Africa,Nigeria
ORD-03616,CUST-0109,2024-08-11,Pending,Phone,12.64,143,Review Recommended,Latin America,Chile
ORD-03617,CUST-0288,2021-07-24,Completed,Partner Portal,32.80,26,Acceptable,Africa,Kenya
ORD-03618,CUST-0263,2024-10-14,Cancelled,Website,23.24,7,Acceptable,Asia Pacific,Singapore
ORD-03619,CUST-0478,2022-12-05,Completed,Website,17.01,7,Acceptable,North America,Mexico
ORD-03620,CUST-0377,2022-09-22,Completed,Phone,28.48,17,Acceptable,Middle East,Qatar
ORD-03621,CUST-0019,2020-07-05,Cancelled,In-Store,39.23,28,Acceptable,Asia Pacific,India
ORD-03622,CUST-0051,2021-08-16,Completed,Website,12.13,28,Acceptable,Middle East,Qatar
ORD-03623,CUST-0133,2023-03-08,Refunded,Unknown,42.98,18,Acceptable,Africa,Ghana
ORD-03624,CUST-0035,2020-10-26,Refunded,In-Store,38.47,27,Acceptable,Europe,Spain
ORD-03625,CUST-0338,2021-03-19,Completed,In-Store,7.66,21,Acceptable,Europe,Sweden
ORD-03626,CUST-0015,2021-09-04,Completed,In-Store,29.73,27,Acceptable,Africa,Nigeria
ORD-03627,CUST-0204,2022-09-15,Cancelled,Phone,2.86,21,Acceptable,Africa,South Africa
ORD-03628,CUST-0232,2020-09-25,Completed,In-Store,17.32,9,Acceptable,Middle East,Saudi Arabia
ORD-03629,CUST-0073,2021-02-26,Cancelled,Marketplace,43.77,9,Acceptable,Latin America,Argentina
ORD-03630,CUST-0057,2022-07-20,Refunded,Mobile App,23.85,12,Acceptable,Africa,Ghana
ORD-03631,CUST-0083,2022-06-03,Pending,Mobile App,21.50,23,Acceptable,Latin America,Argentina
ORD-03632,CUST-0427,2023-08-17,Refunded,In-Store,0.91,17,Acceptable,Europe,United Kingdom
ORD-03633,CUST-0394,2020-10-19,Completed,Marketplace,31.78,3,Acceptable,Latin America,Argentina
ORD-03634,CUST-0057,2021-09-08,Cancelled,Phone,1.54,13,Acceptable,Africa,Ghana
ORD-03635,CUST-0221,2022-10-25,Cancelled,Mobile App,37.51,17,Acceptable,Asia Pacific,Japan
ORD-03636,CUST-0306,2023-11-22,Pending,Partner Portal,20.80,10,Acceptable,Europe,Spain
ORD-03637,CUST-0357,2024-05-25,Cancelled,Phone,13.28,10,Acceptable,North America,Mexico
ORD-03638,CUST-0317,2021-09-26,Completed,Mobile App,22.43,28,Acceptable,Middle East,Qatar
ORD-03639,CUST-0101,2021-08-03,Refunded,Mobile App,19.89,4,Acceptable,Middle East,Qatar
ORD-03640,CUST-0471,2022-02-14,Cancelled,In-Store,27.36,16,Acceptable,Latin America,Brazil
ORD-03641,CUST-0266,2020-09-28,Completed,Partner Portal,30.68,24,Acceptable,Asia Pacific,Japan
ORD-03642,CUST-0050,2021-10-03,Completed,Unknown,10.20,14,Acceptable,Latin America,Chile
ORD-03643,CUST-0002,2024-06-26,Completed,Marketplace,41.77,2,Acceptable,Middle East,Qatar
ORD-03644,CUST-0072,2022-02-27,Pending,Marketplace,37.85,21,Acceptable,Latin America,Colombia
ORD-03645,CUST-0108,2024-06-20,Refunded,In-Store,36.94,20,Acceptable,North America,United States
ORD-03646,CUST-0338,2020-02-06,Refunded,Mobile App,21.67,14,Acceptable,Europe,Sweden
ORD-03647,CUST-0470,2024-07-14,Completed,Mobile App,23.90,0,Acceptable,Asia Pacific,Japan
ORD-03648,CUST-0219,2024-04-30,Cancelled,Partner Portal,36.24,17,Acceptable,Asia Pacific,Australia
ORD-03649,CUST-0307,2023-07-16,Completed,Website,32.93,1,Acceptable,North America,Canada
ORD-03650,CUST-0197,2020-12-26,Refunded,Phone,22.30,9,Acceptable,Latin America,Colombia
ORD-03651,CUST-0383,2022-07-30,Completed,Partner Portal,39.96,22,Acceptable,Africa,Ghana
ORD-03652,CUST-0017,2023-12-05,Completed,Marketplace,28.69,34,Acceptable,Middle East,Saudi Arabia
ORD-03653,CUST-0369,2021-06-16,Refunded,Phone,29.39,12,Acceptable,Middle East,Qatar
ORD-03654,CUST-0201,2021-05-21,Completed,In-Store,20.30,23,Acceptable,Africa,Nigeria
ORD-03655,CUST-0146,2020-02-03,Pending,Partner Portal,8.36,29,Acceptable,Africa,Kenya
ORD-03656,CUST-0081,2022-02-20,Completed,Partner Portal,37.81,27,Acceptable,North America,Mexico
ORD-03657,CUST-0369,2021-06-10,Completed,Mobile App,14.32,26,Acceptable,Middle East,Qatar
ORD-03658,CUST-0349,2021-01-26,Completed,Mobile App,3.28,28,Acceptable,Asia Pacific,South Korea
ORD-03659,CUST-0400,2024-05-12,Completed,Phone,19.31,22,Acceptable,Asia Pacific,Australia
ORD-03660,CUST-0279,2023-04-28,Pending,In-Store,8.88,4,Acceptable,Latin America,Chile
ORD-03661,CUST-0230,2024-01-03,Completed,Website,40.20,1,Acceptable,Latin America,Colombia
ORD-03662,CUST-0428,2020-12-08,Completed,Unknown,30.29,8,Acceptable,Africa,Kenya
ORD-03663,CUST-0019,2024-07-28,Cancelled,Phone,30.34,16,Acceptable,Asia Pacific,India
ORD-03664,CUST-0348,2024-09-13,Cancelled,Partner Portal,13.17,15,Acceptable,Middle East,UAE
ORD-03665,CUST-0171,2023-08-06,Completed,Mobile App,2.05,26,Acceptable,Europe,Netherlands
ORD-03666,CUST-0180,2023-05-16,Completed,Marketplace,6.65,1,Acceptable,North America,Mexico
ORD-03667,CUST-0328,2023-05-14,Completed,Website,18.73,14,Acceptable,Middle East,UAE
ORD-03668,CUST-0169,2024-03-19,Completed,Website,6.14,21,Acceptable,Asia Pacific,South Korea
ORD-03669,CUST-0356,2024-02-24,Completed,Phone,13.53,0,Acceptable,Europe,Sweden
ORD-03670,CUST-0053,2021-03-22,Refunded,Website,18.04,4,Acceptable,Latin America,Argentina
ORD-03671,CUST-0272,2020-03-13,Cancelled,In-Store,31.44,32,Acceptable,Africa,South Africa
ORD-03672,CUST-0468,2021-04-15,Cancelled,Mobile App,20.57,23,Acceptable,North America,Canada
ORD-03673,CUST-0167,2020-04-19,Completed,Phone,24.85,13,Acceptable,North America,United States
ORD-03674,CUST-0050,2023-06-20,Completed,Unknown,16.63,20,Acceptable,Latin America,Chile
ORD-03675,CUST-0377,2020-07-21,Completed,Partner Portal,31.38,18,Acceptable,Middle East,Qatar
ORD-03676,CUST-0165,2021-04-04,Completed,Partner Portal,16.48,13,Acceptable,Europe,Germany
ORD-03677,CUST-0353,2022-02-02,Completed,In-Store,16.22,3,Acceptable,Europe,France
ORD-03678,CUST-0159,2020-11-16,Refunded,Unknown,12.77,4,Acceptable,North America,Mexico
ORD-03679,CUST-0193,2021-07-25,Pending,Phone,0.89,28,Acceptable,North America,Canada
ORD-03680,CUST-0375,2024-12-31,Pending,Unknown,7.60,8,Acceptable,North America,United States
ORD-03681,CUST-0080,2024-06-15,Refunded,Marketplace,0.42,24,Acceptable,Europe,United Kingdom
ORD-03682,CUST-0002,2022-03-17,Pending,Mobile App,16.04,21,Acceptable,Middle East,Qatar
ORD-03683,CUST-0328,2024-12-21,Pending,Mobile App,37.83,19,Acceptable,Middle East,UAE
ORD-03684,CUST-0269,2021-09-08,Pending,Marketplace,7.36,4,Acceptable,Africa,Ghana
ORD-03685,CUST-0363,2023-02-26,Refunded,Phone,30.69,24,Acceptable,Africa,Kenya
ORD-03686,CUST-0119,2020-08-01,Completed,Phone,37.87,24,Acceptable,North America,Canada
ORD-03687,CUST-0249,2022-12-14,Completed,Unknown,36.66,17,Acceptable,Africa,Kenya
ORD-03688,CUST-0007,2020-02-09,Cancelled,Partner Portal,7.07,28,Acceptable,Middle East,Saudi Arabia
ORD-03689,CUST-0082,2024-06-30,Completed,Mobile App,18.36,7,Acceptable,Africa,South Africa
ORD-03690,CUST-0284,2020-04-24,Pending,In-Store,10.28,32,Acceptable,North America,United States
ORD-03691,CUST-0192,2020-09-27,Cancelled,Website,37.60,2,Acceptable,Latin America,Argentina
ORD-03692,CUST-0099,2022-03-19,Pending,Marketplace,23.40,15,Acceptable,Latin America,Chile
ORD-03693,CUST-0399,2022-05-17,Cancelled,Marketplace,10.71,7,Acceptable,Latin America,Chile
ORD-03694,CUST-0423,2023-12-18,Cancelled,Marketplace,27.50,12,Acceptable,Latin America,Colombia
ORD-03695,CUST-0199,2024-06-19,Completed,In-Store,4.54,6,Acceptable,Europe,United Kingdom
ORD-03696,CUST-0470,2020-05-27,Cancelled,In-Store,29.67,0,Acceptable,Asia Pacific,Japan
ORD-03697,CUST-0299,2023-03-07,Refunded,Marketplace,29.61,16,Acceptable,Latin America,Argentina
ORD-03698,CUST-0349,2024-04-11,Completed,Mobile App,16.95,30,Acceptable,Asia Pacific,South Korea
ORD-03699,CUST-0043,2021-05-28,Pending,In-Store,39.21,1,Acceptable,Middle East,UAE
ORD-03700,CUST-0078,2023-05-01,Completed,Phone,32.67,33,Acceptable,Europe,United Kingdom
ORD-03701,CUST-0049,2020-06-07,Pending,Partner Portal,9.35,11,Acceptable,Europe,United Kingdom
ORD-03702,CUST-0154,2021-08-31,Pending,In-Store,24.55,30,Acceptable,Africa,Nigeria
ORD-03703,CUST-0319,2021-06-16,Refunded,Mobile App,41.31,3,Acceptable,Middle East,UAE
ORD-03704,CUST-0284,2021-12-02,Pending,Website,37.65,20,Acceptable,North America,United States
ORD-03705,CUST-0478,2023-06-14,Cancelled,Marketplace,2.47,19,Acceptable,North America,Mexico
ORD-03706,CUST-0398,2022-03-22,Refunded,Marketplace,21.76,18,Acceptable,Latin America,Brazil
ORD-03707,CUST-0249,2020-02-12,Pending,Website,37.03,11,Acceptable,Africa,Kenya
ORD-03708,CUST-0113,2024-05-13,Cancelled,Phone,23.17,11,Acceptable,North America,United States
ORD-03709,CUST-0311,2023-03-04,Completed,Mobile App,3.41,16,Acceptable,Asia Pacific,Japan
ORD-03710,CUST-0197,2021-01-18,Completed,Website,31.72,20,Acceptable,Latin America,Colombia
ORD-03711,CUST-0469,2022-02-23,Pending,Unknown,36.09,12,Acceptable,Africa,Nigeria
ORD-03712,CUST-0170,2021-06-30,Completed,Partner Portal,22.29,25,Acceptable,North America,Mexico
ORD-03713,CUST-0097,2020-07-22,Cancelled,Marketplace,5.21,29,Acceptable,Europe,Netherlands
ORD-03714,CUST-0139,2024-10-08,Refunded,Partner Portal,28.27,18,Acceptable,Europe,Netherlands
ORD-03715,CUST-0434,2024-08-29,Completed,In-Store,15.40,16,Acceptable,Europe,Sweden
ORD-03716,CUST-0066,2024-11-04,Completed,Phone,35.09,30,Acceptable,Asia Pacific,South Korea
ORD-03717,CUST-0156,2022-12-22,Completed,Phone,4.72,5,Acceptable,Africa,Nigeria
ORD-03718,CUST-0351,2024-05-25,Cancelled,Marketplace,32.97,22,Acceptable,Europe,Spain
ORD-03719,CUST-0268,2023-01-12,Completed,Partner Portal,13.66,17,Acceptable,Europe,France
ORD-03720,CUST-0207,2022-02-07,Completed,Website,35.30,6,Acceptable,Europe,United Kingdom
ORD-03721,CUST-0117,2024-01-21,Pending,In-Store,37.89,2,Acceptable,Europe,Germany
ORD-03722,CUST-0222,2020-01-10,Refunded,Phone,24.85,5,Acceptable,Asia Pacific,India
ORD-03723,CUST-0069,2022-08-07,Completed,Phone,13.76,29,Acceptable,Latin America,Argentina
ORD-03724,CUST-0212,2024-03-28,Completed,In-Store,32.48,33,Acceptable,Middle East,Saudi Arabia
ORD-03725,CUST-0273,2024-09-03,Completed,Marketplace,26.60,10,Acceptable,Latin America,Brazil
ORD-03726,CUST-0029,2020-05-28,Pending,Phone,27.03,4,Acceptable,Middle East,Saudi Arabia
ORD-03727,CUST-0475,2021-05-22,Refunded,Website,43.01,16,Acceptable,North America,Mexico
ORD-03728,CUST-0140,2022-04-21,Cancelled,Unknown,2.90,4,Acceptable,Latin America,Brazil
ORD-03729,CUST-0088,2022-11-14,Completed,In-Store,4.21,31,Acceptable,North America,Canada
ORD-03730,CUST-0105,2023-04-20,Refunded,In-Store,5.23,2,Acceptable,North America,Canada
ORD-03731,CUST-0179,2022-04-03,Completed,Website,6.95,30,Acceptable,Middle East,Qatar
ORD-03732,CUST-0123,2022-06-18,Completed,Marketplace,28.85,31,Acceptable,Asia Pacific,Singapore
ORD-03733,CUST-0051,2021-05-15,Cancelled,Marketplace,21.63,2,Acceptable,Middle East,Qatar
ORD-03734,CUST-0453,2024-06-26,Cancelled,Marketplace,39.56,137,Review Recommended,Latin America,Argentina
ORD-03735,CUST-0247,2023-01-12,Completed,Website,3.98,13,Acceptable,Middle East,UAE
ORD-03736,CUST-0055,2022-01-24,Pending,Unknown,16.29,26,Acceptable,North America,Canada
ORD-03737,CUST-0092,2020-11-29,Pending,Mobile App,10.22,29,Acceptable,Latin America,Brazil
ORD-03738,CUST-0356,2023-09-20,Completed,In-Store,16.91,32,Acceptable,Europe,Sweden
ORD-03739,CUST-0452,2021-01-14,Refunded,Website,1.60,22,Acceptable,Latin America,Brazil
ORD-03740,CUST-0467,2021-12-03,Refunded,In-Store,32.87,8,Acceptable,Middle East,Qatar
ORD-03741,CUST-0023,2020-08-27,Cancelled,Partner Portal,3.02,33,Acceptable,Middle East,Saudi Arabia
ORD-03742,CUST-0019,2020-03-02,Completed,Marketplace,9.19,17,Acceptable,Asia Pacific,India
ORD-03743,CUST-0033,2022-11-07,Refunded,Website,42.60,8,Acceptable,Middle East,Qatar
ORD-03744,CUST-0120,2021-02-17,Completed,In-Store,34.09,22,Acceptable,Middle East,Saudi Arabia
ORD-03745,CUST-0196,2021-10-24,Refunded,In-Store,9.87,21,Acceptable,Africa,Ghana
ORD-03746,CUST-0390,2023-07-04,Refunded,Partner Portal,0.42,25,Acceptable,Middle East,Saudi Arabia
ORD-03747,CUST-0149,2020-06-26,Pending,Mobile App,8.08,15,Acceptable,Europe,Germany
ORD-03748,CUST-0422,2020-03-12,Refunded,Website,39.68,2,Acceptable,North America,Canada
ORD-03749,CUST-0449,2024-04-23,Pending,Phone,39.90,3,Acceptable,Europe,United Kingdom
ORD-03750,CUST-0417,2023-04-16,Refunded,In-Store,9.00,31,Acceptable,Middle East,UAE
ORD-03751,CUST-0141,2022-03-18,Completed,Website,14.87,22,Acceptable,North America,United States
ORD-03752,CUST-0038,2020-04-30,Completed,Mobile App,41.61,24,Acceptable,Africa,South Africa
ORD-03753,CUST-0024,2021-11-29,Completed,Mobile App,39.00,15,Acceptable,Africa,Nigeria
ORD-03754,CUST-0119,2021-01-04,Completed,Phone,12.55,20,Acceptable,North America,Canada
ORD-03755,CUST-0022,2020-06-07,Cancelled,Phone,32.55,13,Acceptable,North America,United States
ORD-03756,CUST-0364,2023-06-07,Cancelled,Marketplace,29.71,14,Acceptable,Africa,Nigeria
ORD-03757,CUST-0321,2021-03-10,Completed,In-Store,21.03,23,Acceptable,Europe,United Kingdom
ORD-03758,CUST-0123,2021-07-29,Pending,Phone,3.45,35,Acceptable,Asia Pacific,Singapore
ORD-03759,CUST-0465,2022-07-04,Completed,Phone,7.16,35,Acceptable,Asia Pacific,India
ORD-03760,CUST-0269,2021-05-27,Completed,Website,7.55,26,Acceptable,Africa,Ghana
ORD-03761,CUST-0418,2023-06-04,Completed,Mobile App,11.20,29,Acceptable,Asia Pacific,Singapore
ORD-03762,CUST-0033,2024-01-04,Cancelled,Website,27.40,17,Acceptable,Middle East,Qatar
ORD-03763,CUST-0287,2023-01-04,Refunded,Mobile App,7.96,21,Acceptable,North America,Canada
ORD-03764,CUST-0180,2022-03-23,Completed,Unknown,11.09,34,Acceptable,North America,Mexico
ORD-03765,CUST-0397,2021-08-16,Completed,Marketplace,39.62,16,Acceptable,Latin America,Argentina
ORD-03766,CUST-0007,2023-05-21,Pending,Marketplace,2.11,19,Acceptable,Middle East,Saudi Arabia
ORD-03767,CUST-0260,2022-03-01,Pending,Marketplace,20.31,29,Acceptable,Latin America,Argentina
ORD-03768,CUST-0370,2021-02-07,Pending,Mobile App,25.65,6,Acceptable,NA Region,United States
ORD-03769,CUST-0029,2024-02-07,Pending,Partner Portal,42.32,35,Acceptable,Middle East,Saudi Arabia
ORD-03770,CUST-0250,2022-11-18,Completed,Mobile App,16.94,17,Acceptable,Europe,Sweden
ORD-03771,CUST-0333,2020-02-21,Cancelled,Marketplace,15.15,32,Acceptable,Asia Pacific,Singapore
ORD-03772,CUST-0310,2022-11-29,Completed,Unknown,9.90,147,Review Recommended,Latin America,Chile
ORD-03773,CUST-0384,2021-07-11,Pending,Partner Portal,42.76,8,Acceptable,Middle East,Qatar
ORD-03774,CUST-0282,2022-05-04,Completed,In-Store,29.13,6,Acceptable,Latin America,Argentina
ORD-03775,CUST-0295,2024-10-01,Cancelled,In-Store,31.89,27,Acceptable,Europe,France
ORD-03776,CUST-0413,2021-03-21,Cancelled,Marketplace,32.24,5,Acceptable,Europe,Germany
ORD-03777,CUST-0226,2024-10-02,Refunded,Phone,36.77,2,Acceptable,Africa,Nigeria
ORD-03778,CUST-0112,2021-06-21,Pending,Phone,33.94,26,Acceptable,Africa,Kenya
ORD-03779,CUST-0001,2022-04-14,Completed,Marketplace,21.26,142,Review Recommended,Latin America,Argentina
ORD-03780,CUST-0231,2023-03-20,Pending,Mobile App,27.72,3,Acceptable,Asia Pacific,India
ORD-03781,CUST-0440,2023-11-04,Completed,Mobile App,35.99,26,Acceptable,Asia Pacific,India
ORD-03782,CUST-0304,2023-07-10,Completed,In-Store,5.39,34,Acceptable,North America,Mexico
ORD-03783,CUST-0349,2024-11-11,Refunded,Partner Portal,41.46,129,Review Recommended,Asia Pacific,South Korea
ORD-03784,CUST-0125,2023-01-15,Completed,Website,40.99,20,Acceptable,Africa,Ghana
ORD-03785,CUST-0444,2022-04-26,Completed,In-Store,8.01,8,Acceptable,Asia Pacific,Singapore
ORD-03786,CUST-0362,2023-07-03,Completed,Website,42.59,25,Acceptable,Asia Pacific,India
ORD-03787,CUST-0312,2020-03-19,Cancelled,Marketplace,23.57,2,Acceptable,Europe,Spain
ORD-03788,CUST-0316,2022-11-05,Completed,Phone,13.82,11,Acceptable,Africa,Kenya
ORD-03789,CUST-0018,2022-08-17,Refunded,Website,43.60,17,Acceptable,Africa,Ghana
ORD-03790,CUST-0128,2020-07-05,Refunded,Marketplace,26.25,33,Acceptable,North America,United States
ORD-03791,CUST-0297,2023-12-30,Cancelled,Phone,22.22,135,Review Recommended,Middle East,Qatar
ORD-03792,CUST-0393,2023-03-17,Pending,Marketplace,21.00,34,Acceptable,Middle East,UAE
ORD-03793,CUST-0404,2022-03-25,Completed,Partner Portal,36.97,148,Review Recommended,Latin America,Colombia
ORD-03794,CUST-0191,2020-10-14,Pending,Phone,2.24,33,Acceptable,North America,Canada
ORD-03795,CUST-0111,2022-08-19,Refunded,Partner Portal,37.37,5,Acceptable,Latin America,Colombia
ORD-03796,CUST-0467,2023-12-19,Refunded,Website,1.68,22,Acceptable,Middle East,Qatar
ORD-03797,CUST-0185,2022-11-30,Pending,Mobile App,7.30,4,Acceptable,Europe,Netherlands
ORD-03798,CUST-0350,2022-10-06,Completed,Website,3.74,12,Acceptable,Africa,Ghana
ORD-03799,CUST-0435,2021-05-21,Completed,Website,5.40,32,Acceptable,Asia Pacific,India
ORD-03800,CUST-0300,2023-07-03,Refunded,Partner Portal,14.17,26,Acceptable,Africa,Nigeria
ORD-03801,CUST-0323,2020-03-25,Pending,Phone,16.11,6,Acceptable,Europe,Spain
ORD-03802,CUST-0380,2024-09-04,Pending,Phone,3.76,15,Acceptable,Asia Pacific,Singapore
ORD-03803,CUST-0207,2024-02-05,Completed,Partner Portal,0.37,9,Acceptable,Europe,United Kingdom
ORD-03804,CUST-0324,2020-12-16,Completed,Unknown,5.79,6,Acceptable,Europe,United Kingdom
ORD-03805,CUST-0215,2024-10-24,Completed,Partner Portal,30.72,6,Acceptable,Europe,United Kingdom
ORD-03806,CUST-0407,2020-06-03,Refunded,Mobile App,37.69,21,Acceptable,Middle East,Qatar
ORD-03807,CUST-0259,2021-11-24,Cancelled,Marketplace,9.25,30,Acceptable,North America,Mexico
ORD-03808,CUST-0037,2020-10-06,Completed,Partner Portal,21.54,12,Acceptable,North America,Mexico
ORD-03809,CUST-0083,2020-12-01,Completed,Website,3.33,3,Acceptable,Latin America,Argentina
ORD-03810,CUST-0121,2020-01-26,Pending,In-Store,4.80,16,Acceptable,Europe,Germany
ORD-03811,CUST-0122,2020-03-22,Refunded,In-Store,30.00,4,Acceptable,Africa,Nigeria
ORD-03812,CUST-0062,2020-03-10,Completed,Mobile App,40.17,16,Acceptable,North America,Mexico
ORD-03813,CUST-0036,2021-12-16,Refunded,Website,2.71,32,Acceptable,Latin America,Colombia
ORD-03814,CUST-0298,2022-07-09,Refunded,Mobile App,25.79,16,Acceptable,Africa,South Africa
ORD-03815,CUST-0462,2022-02-12,Completed,In-Store,36.33,14,Acceptable,Middle East,Saudi Arabia
ORD-03816,CUST-0385,2023-08-11,Refunded,In-Store,33.69,28,Acceptable,Middle East,Saudi Arabia
ORD-03817,CUST-0125,2023-11-02,Refunded,Website,40.72,32,Acceptable,Africa,Ghana
ORD-03818,CUST-0022,2020-04-28,Completed,Phone,40.12,14,Acceptable,North America,United States
ORD-03819,CUST-0091,2021-09-27,Refunded,Unknown,15.88,4,Acceptable,Africa,Ghana
ORD-03820,CUST-0315,2022-11-01,Completed,Website,28.48,139,Review Recommended,Africa,Nigeria
ORD-03821,CUST-0067,2022-08-10,Pending,Phone,18.61,12,Acceptable,Africa,Ghana
ORD-03822,CUST-0156,2023-07-20,Completed,Mobile App,25.36,27,Acceptable,Africa,Nigeria
ORD-03823,CUST-0407,2024-02-10,Completed,Partner Portal,15.35,13,Acceptable,Middle East,Qatar
ORD-03824,CUST-0452,2021-06-30,Completed,Marketplace,39.53,11,Acceptable,Latin America,Brazil
ORD-03825,CUST-0478,2020-11-07,Refunded,Partner Portal,42.08,31,Acceptable,North America,Mexico
ORD-03826,CUST-0137,2024-05-12,Completed,In-Store,2.00,28,Acceptable,Latin America,Colombia
ORD-03827,CUST-0210,2023-03-19,Completed,Phone,25.12,13,Acceptable,Europe,Germany
ORD-03828,CUST-0139,2021-04-10,Pending,Marketplace,40.25,22,Acceptable,Europe,Netherlands
ORD-03829,CUST-0449,2022-03-16,Completed,Website,15.86,16,Acceptable,Europe,United Kingdom
ORD-03830,CUST-0266,2022-07-11,Pending,Partner Portal,2.56,15,Acceptable,Asia Pacific,Japan
ORD-03831,CUST-0365,2021-02-22,Pending,Phone,8.03,20,Acceptable,Europe,United Kingdom
ORD-03832,CUST-0075,2021-06-16,Completed,Marketplace,4.06,33,Acceptable,Africa,South Africa
ORD-03833,CUST-0324,2023-02-18,Completed,Mobile App,10.78,15,Acceptable,Europe,United Kingdom
ORD-03834,CUST-0247,2023-05-24,Completed,Marketplace,14.02,34,Acceptable,Middle East,UAE
ORD-03835,CUST-0262,2021-02-27,Completed,Website,4.82,19,Acceptable,North America,Canada
ORD-03836,CUST-0188,2022-06-24,Completed,Mobile App,36.39,10,Acceptable,Africa,South Africa
ORD-03837,CUST-0450,2024-10-02,Completed,Partner Portal,11.59,148,Review Recommended,Europe,France
ORD-03838,CUST-0147,2021-10-14,Pending,Website,22.06,7,Acceptable,Latin America,Brazil
ORD-03839,CUST-0242,2024-06-22,Completed,Unknown,37.52,27,Acceptable,Asia Pacific,India
ORD-03840,CUST-0001,2024-05-04,Pending,Website,33.64,5,Acceptable,Latin America,Argentina
ORD-03841,CUST-0383,2020-05-29,Cancelled,Marketplace,37.92,25,Acceptable,Africa,Ghana
ORD-03842,CUST-0444,2024-09-16,Completed,In-Store,41.85,142,Review Recommended,Asia Pacific,Singapore
ORD-03843,CUST-0373,2021-04-08,Pending,Partner Portal,31.53,35,Acceptable,Europe,France
ORD-03844,CUST-0072,2020-12-17,Completed,Partner Portal,8.98,26,Acceptable,Latin America,Colombia
ORD-03845,CUST-0208,2023-06-20,Completed,Marketplace,17.30,7,Acceptable,Europe,Germany
ORD-03846,CUST-0163,2022-11-15,Completed,Marketplace,21.95,26,Acceptable,Asia Pacific,Singapore
ORD-03847,CUST-0367,2024-11-13,Cancelled,Mobile App,26.06,24,Acceptable,Middle East,UAE
ORD-03848,CUST-0006,2020-04-17,Cancelled,Mobile App,32.68,35,Acceptable,Asia Pacific,South Korea
ORD-03849,CUST-0379,2024-04-12,Cancelled,Mobile App,17.01,6,Acceptable,Europe,United Kingdom
ORD-03850,CUST-0016,2022-08-31,Completed,Partner Portal,32.38,11,Acceptable,North America,Mexico
ORD-03851,CUST-0463,2023-08-11,Cancelled,Website,24.44,26,Acceptable,Africa,South Africa
ORD-03852,CUST-0292,2022-12-06,Refunded,In-Store,19.20,2,Acceptable,Europe,France
ORD-03853,CUST-0139,2023-09-13,Pending,Phone,23.02,18,Acceptable,Europe,Netherlands
ORD-03854,CUST-0415,2022-11-13,Completed,Phone,41.74,7,Acceptable,Asia Pacific,South Korea
ORD-03855,CUST-0020,2023-01-08,Cancelled,Marketplace,44.14,15,Acceptable,Latin America,Brazil
ORD-03856,CUST-0444,2020-12-19,Completed,Mobile App,2.74,22,Acceptable,Asia Pacific,Singapore
ORD-03857,CUST-0364,2023-03-17,Completed,Mobile App,11.09,3,Acceptable,Africa,Nigeria
ORD-03858,CUST-0309,2020-05-09,Completed,In-Store,1.05,29,Acceptable,Africa,South Africa
ORD-03859,CUST-0148,2022-03-23,Refunded,Partner Portal,1.59,33,Acceptable,Middle East,UAE
ORD-03860,CUST-0075,2021-02-03,Pending,Partner Portal,6.81,28,Acceptable,Africa,South Africa
ORD-03861,CUST-0424,2021-10-17,Pending,Unknown,28.98,3,Acceptable,Latin America,Chile
ORD-03862,CUST-0285,2022-01-28,Completed,Phone,22.17,22,Acceptable,Middle East,UAE
ORD-03863,CUST-0032,2023-08-24,Completed,Mobile App,35.21,22,Acceptable,Europe,Netherlands
ORD-03864,CUST-0315,2023-06-05,Pending,Website,1.68,5,Acceptable,Africa,Nigeria
ORD-03865,CUST-0321,2023-01-31,Pending,Website,23.78,23,Acceptable,Europe,United Kingdom
ORD-03866,CUST-0355,2020-02-22,Refunded,Phone,20.80,30,Acceptable,Africa,Ghana
ORD-03867,CUST-0340,2021-06-29,Pending,Website,2.87,142,Review Recommended,Africa,Ghana
ORD-03868,CUST-0340,2022-10-07,Cancelled,Marketplace,4.81,3,Acceptable,Africa,Ghana
ORD-03869,CUST-0081,2020-11-30,Cancelled,Phone,39.37,1,Acceptable,North America,Mexico
ORD-03870,CUST-0340,2023-03-09,Completed,Phone,22.51,30,Acceptable,Africa,Ghana
ORD-03871,CUST-0010,2023-01-04,Refunded,Mobile App,40.86,13,Acceptable,Latin America,Chile
ORD-03872,CUST-0401,2022-05-09,Refunded,Website,7.45,1,Acceptable,Middle East,Qatar
ORD-03873,CUST-0213,2021-07-10,Completed,Phone,31.78,28,Acceptable,Middle East,Qatar
ORD-03874,CUST-0176,2023-10-12,Cancelled,Phone,31.74,28,Acceptable,Europe,Spain
ORD-03875,CUST-0103,2023-04-17,Refunded,In-Store,16.41,23,Acceptable,North America,Canada
ORD-03876,CUST-0477,2022-08-16,Completed,Website,11.28,29,Acceptable,Europe,Germany
ORD-03877,CUST-0067,2023-12-07,Completed,In-Store,40.57,9,Acceptable,Africa,Ghana
ORD-03878,CUST-0225,2021-11-01,Refunded,Partner Portal,0.30,16,Acceptable,North America,Canada
ORD-03879,CUST-0038,2021-12-06,Cancelled,Partner Portal,35.63,9,Acceptable,Africa,South Africa
ORD-03880,CUST-0185,2021-08-08,Pending,Website,34.24,18,Acceptable,Europe,Netherlands
ORD-03881,CUST-0379,2024-01-15,Completed,Website,31.38,7,Acceptable,Europe,United Kingdom
ORD-03882,CUST-0182,2024-08-26,Pending,Phone,29.88,24,Acceptable,Latin America,Colombia
ORD-03883,CUST-0213,2020-10-18,Completed,Website,15.91,5,Acceptable,Middle East,Qatar
ORD-03884,CUST-0133,2023-04-17,Pending,Marketplace,32.88,3,Acceptable,Africa,Ghana
ORD-03885,CUST-0216,2024-12-25,Completed,Website,20.55,20,Acceptable,Africa,Kenya
ORD-03886,CUST-0402,2023-12-31,Pending,Mobile App,15.78,20,Acceptable,Africa,Nigeria
ORD-03887,CUST-0002,2023-01-11,Cancelled,In-Store,29.45,5,Acceptable,Middle East,Qatar
ORD-03888,CUST-0089,2022-06-11,Refunded,Marketplace,28.16,28,Acceptable,Europe,Sweden
ORD-03889,CUST-0026,2023-01-13,Cancelled,Mobile App,22.73,11,Acceptable,Africa,South Africa
ORD-03890,CUST-0105,2024-07-26,Refunded,Mobile App,43.80,18,Acceptable,North America,Canada
ORD-03891,CUST-0017,2021-10-05,Refunded,Mobile App,6.48,122,Review Recommended,Middle East,Saudi Arabia
ORD-03892,CUST-0210,2020-06-10,Completed,In-Store,8.12,34,Acceptable,Europe,Germany
ORD-03893,CUST-0297,2021-11-21,Completed,In-Store,22.05,31,Acceptable,Middle East,Qatar
ORD-03894,CUST-0207,2021-08-12,Pending,Mobile App,26.39,30,Acceptable,Europe,United Kingdom
ORD-03895,CUST-0175,2020-09-16,Cancelled,Website,24.14,26,Acceptable,Africa,Ghana
ORD-03896,CUST-0188,2020-12-01,Cancelled,Website,27.76,10,Acceptable,Africa,South Africa
ORD-03897,CUST-0452,2020-05-12,Completed,Website,35.70,0,Acceptable,Latin America,Brazil
ORD-03898,CUST-0070,2024-08-13,Refunded,Mobile App,34.01,3,Acceptable,Middle East,Qatar
ORD-03899,CUST-0459,2022-01-25,Cancelled,Marketplace,29.09,34,Acceptable,Europe,Spain
ORD-03900,CUST-0023,2022-06-15,Cancelled,In-Store,33.49,25,Acceptable,Middle East,Saudi Arabia
ORD-03901,CUST-0050,2022-08-15,Completed,Website,38.61,30,Acceptable,Latin America,Chile
ORD-03902,CUST-0181,2021-10-03,Cancelled,Website,6.74,9,Acceptable,North America,Mexico
ORD-03903,CUST-0371,2022-08-20,Pending,Website,27.17,22,Acceptable,North America,United States
ORD-03904,CUST-0464,2024-10-17,Completed,Unknown,37.83,6,Acceptable,Europe,Netherlands
ORD-03905,CUST-0295,2024-08-17,Pending,Phone,41.22,10,Acceptable,Europe,France
ORD-03906,CUST-0015,2020-11-13,Completed,Website,24.75,24,Acceptable,Africa,Nigeria
ORD-03907,CUST-0288,2020-10-17,Completed,Phone,26.36,9,Acceptable,Africa,Kenya
ORD-03908,CUST-0200,2022-02-06,Pending,Partner Portal,39.99,13,Acceptable,North America,United States
ORD-03909,CUST-0254,2020-08-22,Refunded,Partner Portal,44.70,10,Acceptable,Asia Pacific,Singapore
ORD-03910,CUST-0114,2022-08-27,Cancelled,Mobile App,36.75,6,Acceptable,Europe,United Kingdom
ORD-03911,CUST-0018,2024-06-16,Refunded,Partner Portal,41.19,12,Acceptable,Africa,Ghana
ORD-03912,CUST-0044,2024-07-11,Cancelled,Phone,24.00,28,Acceptable,Africa,South Africa
ORD-03913,CUST-0272,2024-11-12,Pending,Phone,34.36,21,Acceptable,Africa,South Africa
ORD-03914,CUST-0085,2023-04-15,Pending,In-Store,21.54,31,Acceptable,Middle East,UAE
ORD-03915,CUST-0387,2020-04-02,Pending,Marketplace,30.29,26,Acceptable,Middle East,Qatar
ORD-03916,CUST-0009,2023-02-23,Refunded,In-Store,15.06,4,Acceptable,Europe,United Kingdom
ORD-03917,CUST-0040,2021-08-14,Completed,Phone,0.41,30,Acceptable,Asia Pacific,Singapore
ORD-03918,CUST-0424,2024-10-24,Pending,Website,9.44,27,Acceptable,Latin America,Chile
ORD-03919,CUST-0391,2023-10-19,Cancelled,Unknown,2.97,6,Acceptable,Asia Pacific,South Korea
ORD-03920,CUST-0097,2022-10-04,Completed,Website,37.14,7,Acceptable,Europe,Netherlands
ORD-03921,CUST-0028,2022-09-28,Refunded,Phone,9.28,120,Review Recommended,Middle East,Saudi Arabia
ORD-03922,CUST-0072,2024-07-27,Completed,Mobile App,33.02,26,Acceptable,Latin America,Colombia
ORD-03923,CUST-0245,2021-10-23,Completed,Partner Portal,7.32,20,Acceptable,Europe,Sweden
ORD-03924,CUST-0251,2020-03-26,Completed,Phone,34.59,8,Acceptable,North America,Canada
ORD-03925,CUST-0419,2022-05-09,Completed,Marketplace,21.78,22,Acceptable,Africa,Ghana
ORD-03926,CUST-0149,2024-04-13,Completed,Website,1.34,8,Acceptable,Europe,Germany
ORD-03927,CUST-0180,2022-05-24,Completed,In-Store,24.82,15,Acceptable,North America,Mexico
ORD-03928,CUST-0247,2021-09-10,Completed,In-Store,42.54,17,Acceptable,Middle East,UAE
ORD-03929,CUST-0275,2023-11-08,Cancelled,Mobile App,29.92,8,Acceptable,Africa,South Africa
ORD-03930,CUST-0390,2024-08-09,Refunded,Mobile App,3.64,29,Acceptable,Middle East,Saudi Arabia
ORD-03931,CUST-0214,2021-04-07,Refunded,Marketplace,20.30,15,Acceptable,Middle East,UAE
ORD-03932,CUST-0153,2021-07-01,Cancelled,Phone,23.38,11,Acceptable,North America,United States
ORD-03933,CUST-0397,2022-11-15,Completed,Website,39.14,8,Acceptable,Latin America,Argentina
ORD-03934,CUST-0359,2020-07-31,Completed,Mobile App,28.41,6,Acceptable,Europe,Netherlands
ORD-03935,CUST-0176,2023-03-01,Completed,Marketplace,40.29,14,Acceptable,Europe,Spain
ORD-03936,CUST-0164,2020-02-20,Cancelled,Phone,5.23,12,Acceptable,North America,Mexico
ORD-03937,CUST-0287,2023-02-11,Refunded,Phone,13.16,14,Acceptable,North America,Canada
ORD-03938,CUST-0215,2022-08-03,Refunded,Mobile App,10.01,31,Acceptable,Europe,United Kingdom
ORD-03939,CUST-0116,2024-01-21,Cancelled,Partner Portal,8.80,5,Acceptable,Latin America,Chile
ORD-03940,CUST-0397,2021-03-28,Cancelled,Marketplace,8.92,8,Acceptable,Latin America,Argentina
ORD-03941,CUST-0013,2022-08-25,Completed,Partner Portal,15.06,29,Acceptable,Latin America,Brazil
ORD-03942,CUST-0007,2020-05-20,Completed,Unknown,15.80,18,Acceptable,Middle East,Saudi Arabia
ORD-03943,CUST-0005,2024-10-26,Pending,Website,17.75,4,Acceptable,Africa,South Africa
ORD-03944,CUST-0066,2020-08-08,Completed,Partner Portal,6.06,28,Acceptable,Asia Pacific,South Korea
ORD-03945,CUST-0393,2024-12-15,Refunded,Marketplace,17.62,10,Acceptable,Middle East,UAE
ORD-03946,CUST-0120,2020-02-25,Completed,Marketplace,38.62,14,Acceptable,Middle East,Saudi Arabia
ORD-03947,CUST-0389,2020-07-13,Completed,Phone,3.35,1,Acceptable,Latin America,Colombia
ORD-03948,CUST-0293,2022-09-20,Cancelled,Partner Portal,29.46,3,Acceptable,Europe,Spain
ORD-03949,CUST-0146,2020-09-04,Cancelled,Partner Portal,20.24,3,Acceptable,Africa,Kenya
ORD-03950,CUST-0308,2022-11-12,Pending,Phone,14.09,10,Acceptable,Europe,Sweden
ORD-03951,CUST-0359,2023-12-11,Pending,Mobile App,28.22,29,Acceptable,Europe,Netherlands
ORD-03952,CUST-0125,2022-05-29,Refunded,Partner Portal,34.41,28,Acceptable,Africa,Ghana
ORD-03953,CUST-0174,2023-05-27,Completed,Partner Portal,42.93,25,Acceptable,Europe,Spain
ORD-03954,CUST-0344,2022-03-23,Cancelled,In-Store,16.76,27,Acceptable,Africa,Nigeria
ORD-03955,CUST-0336,2022-03-26,Refunded,Partner Portal,33.67,11,Acceptable,Latin America,Chile
ORD-03956,CUST-0285,2024-11-11,Completed,Mobile App,3.52,9,Acceptable,Middle East,UAE
ORD-03957,CUST-0297,2023-02-25,Refunded,Phone,19.38,22,Acceptable,Middle East,Qatar
ORD-03958,CUST-0363,2024-03-11,Completed,In-Store,42.06,33,Acceptable,Africa,Kenya
ORD-03959,CUST-0055,2022-06-21,Cancelled,Website,10.38,3,Acceptable,North America,Canada
ORD-03960,CUST-0271,2022-08-16,Completed,Unknown,11.54,8,Acceptable,Latin America,Chile
ORD-03961,CUST-0426,2024-12-29,Completed,Partner Portal,4.55,8,Acceptable,Africa,Ghana
ORD-03962,CUST-0419,2021-04-20,Completed,Phone,29.75,13,Acceptable,Africa,Ghana
ORD-03963,CUST-0385,2022-09-07,Completed,Partner Portal,3.33,22,Acceptable,Middle East,Saudi Arabia
ORD-03964,CUST-0058,2023-06-05,Completed,Phone,26.01,15,Acceptable,Asia Pacific,South Korea
ORD-03965,CUST-0440,2021-12-17,Pending,Partner Portal,12.74,17,Acceptable,Asia Pacific,India
ORD-03966,CUST-0255,2024-06-09,Cancelled,Phone,29.40,30,Acceptable,Africa,Nigeria
ORD-03967,CUST-0443,2024-12-19,Completed,Phone,35.33,19,Acceptable,Asia Pacific,Australia
ORD-03968,CUST-0010,2021-03-29,Completed,Phone,43.28,6,Acceptable,Latin America,Chile
ORD-03969,CUST-0269,2020-09-29,Completed,Phone,24.54,33,Acceptable,Africa,Ghana
ORD-03970,CUST-0158,2022-02-09,Completed,Partner Portal,6.11,13,Acceptable,Middle East,Saudi Arabia
ORD-03971,CUST-0400,2022-03-21,Cancelled,In-Store,7.45,19,Acceptable,Asia Pacific,Australia
ORD-03972,CUST-0074,2022-04-11,Completed,Phone,7.84,16,Acceptable,Africa,Nigeria
ORD-03973,CUST-0149,2022-05-01,Cancelled,Mobile App,10.97,21,Acceptable,Europe,Germany
ORD-03974,CUST-0305,2023-01-10,Cancelled,Website,2.83,14,Acceptable,North America,United States
ORD-03975,CUST-0189,2022-12-29,Refunded,In-Store,11.71,2,Acceptable,Africa,Nigeria
ORD-03976,CUST-0323,2021-02-03,Refunded,In-Store,11.03,5,Acceptable,Europe,Spain
ORD-03977,CUST-0365,2021-01-17,Pending,Phone,14.47,7,Acceptable,Europe,United Kingdom
ORD-03978,CUST-0294,2021-07-11,Completed,Website,15.38,31,Acceptable,Africa,Nigeria
ORD-03979,CUST-0133,2022-02-24,Completed,Mobile App,21.72,32,Acceptable,Africa,Ghana
ORD-03980,CUST-0235,2021-11-13,Completed,Website,34.75,33,Acceptable,Middle East,UAE
ORD-03981,CUST-0028,2020-10-04,Refunded,Partner Portal,12.86,34,Acceptable,Middle East,Saudi Arabia
ORD-03982,CUST-0092,2023-03-12,Refunded,Marketplace,30.11,10,Acceptable,Latin America,Brazil
ORD-03983,CUST-0253,2024-07-18,Completed,Website,7.23,26,Acceptable,Africa,Nigeria
ORD-03984,CUST-0397,2024-02-04,Cancelled,Marketplace,11.94,12,Acceptable,Latin America,Argentina
ORD-03985,CUST-0027,2024-02-22,Completed,Phone,31.70,22,Acceptable,Africa,South Africa
ORD-03986,CUST-0465,2024-10-25,Cancelled,In-Store,6.66,1,Acceptable,Asia Pacific,India
ORD-03987,CUST-0175,2021-07-28,Completed,Mobile App,0.38,31,Acceptable,Africa,Ghana
ORD-03988,CUST-0107,2024-01-14,Pending,Phone,41.78,3,Acceptable,Middle East,Saudi Arabia
ORD-03989,CUST-0044,2023-01-07,Refunded,Website,3.25,1,Acceptable,Africa,South Africa
ORD-03990,CUST-0137,2020-06-13,Cancelled,Phone,13.18,34,Acceptable,Latin America,Colombia
ORD-03991,CUST-0042,2023-11-10,Completed,Mobile App,22.42,1,Acceptable,Africa,Kenya
ORD-03992,CUST-0437,2021-09-03,Completed,Marketplace,30.42,21,Acceptable,North America,Canada
ORD-03993,CUST-0117,2021-10-18,Pending,In-Store,17.72,27,Acceptable,Europe,Germany
ORD-03994,CUST-0293,2021-01-26,Completed,Marketplace,33.78,11,Acceptable,Europe,Spain
ORD-03995,CUST-0322,2022-12-03,Completed,Marketplace,38.12,9,Acceptable,Africa,Ghana
ORD-03996,CUST-0416,2024-08-23,Pending,Partner Portal,26.11,15,Acceptable,Middle East,Saudi Arabia
ORD-03997,CUST-0301,2020-10-06,Refunded,Partner Portal,21.84,2,Acceptable,North America,United States
ORD-03998,CUST-0392,2022-10-30,Cancelled,Website,12.65,29,Acceptable,Asia Pacific,Singapore
ORD-03999,CUST-0051,2020-02-21,Cancelled,Website,44.21,27,Acceptable,Middle East,Qatar
ORD-04000,CUST-0313,2021-04-10,Completed,Marketplace,14.35,15,Acceptable,Africa,Kenya
ORD-04001,CUST-0264,2022-07-26,Completed,Phone,0.86,31,Acceptable,Europe,United Kingdom
ORD-04002,CUST-0446,2022-05-27,Cancelled,Marketplace,10.58,14,Acceptable,North America,Mexico
ORD-04003,CUST-0293,2024-11-03,Completed,Website,7.19,16,Acceptable,Europe,Spain
ORD-04004,CUST-0479,2023-06-11,Completed,Unknown,35.56,20,Acceptable,Latin America,Argentina
ORD-04005,CUST-0109,2024-01-15,Cancelled,Website,13.60,33,Acceptable,Latin America,Chile
ORD-04006,CUST-0447,2021-08-30,Pending,Mobile App,27.09,18,Acceptable,Middle East,UAE
ORD-04007,CUST-0107,2020-04-06,Completed,In-Store,37.82,15,Acceptable,Middle East,Saudi Arabia
ORD-04008,CUST-0369,2021-09-29,Refunded,Phone,40.57,30,Acceptable,Middle East,Qatar
ORD-04009,CUST-0208,2021-07-02,Completed,Unknown,43.95,30,Acceptable,Europe,Germany
ORD-04010,CUST-0239,2022-04-12,Completed,Marketplace,22.94,32,Acceptable,Africa,Kenya
ORD-04011,CUST-0267,2020-05-18,Pending,Phone,11.42,12,Acceptable,Europe,Netherlands
ORD-04012,CUST-0362,2020-04-07,Completed,In-Store,30.33,2,Acceptable,Asia Pacific,India
ORD-04013,CUST-0263,2022-10-04,Refunded,In-Store,38.03,29,Acceptable,Asia Pacific,Singapore
ORD-04014,CUST-0311,2023-01-23,Completed,Partner Portal,34.74,15,Acceptable,Asia Pacific,Japan
ORD-04015,CUST-0159,2024-03-08,Completed,Website,33.45,1,Acceptable,North America,Mexico
ORD-04016,CUST-0448,2023-04-07,Completed,Phone,21.10,2,Acceptable,Africa,South Africa
ORD-04017,CUST-0174,2021-02-21,Completed,Marketplace,1.41,32,Acceptable,Europe,Spain
ORD-04018,CUST-0291,2022-06-24,Refunded,Partner Portal,5.33,34,Acceptable,Middle East,UAE
ORD-04019,CUST-0107,2021-04-05,Cancelled,Website,43.20,21,Acceptable,Middle East,Saudi Arabia
ORD-04020,CUST-0001,2022-01-19,Completed,Phone,25.18,35,Acceptable,Latin America,Argentina
ORD-04021,CUST-0480,2020-06-27,Completed,Partner Portal,21.48,19,Acceptable,North America,Canada
ORD-04022,CUST-0058,2024-01-25,Pending,Partner Portal,13.96,4,Acceptable,Asia Pacific,South Korea
ORD-04023,CUST-0092,2024-07-19,Completed,Partner Portal,20.49,23,Acceptable,Latin America,Brazil
ORD-04024,CUST-0139,2021-10-19,Completed,Website,18.42,27,Acceptable,Europe,Netherlands
ORD-04025,CUST-0038,2020-02-02,Cancelled,Mobile App,22.32,20,Acceptable,Africa,South Africa
ORD-04026,CUST-0119,2023-09-24,Completed,Website,20.23,31,Acceptable,North America,Canada
ORD-04027,CUST-0304,2021-03-30,Pending,In-Store,38.28,0,Acceptable,North America,Mexico
ORD-04028,CUST-0250,2023-03-21,Completed,In-Store,1.66,33,Acceptable,Europe,Sweden
ORD-04029,CUST-0415,2024-02-28,Completed,Website,5.11,23,Acceptable,Asia Pacific,South Korea
ORD-04030,CUST-0384,2020-08-13,Completed,Mobile App,25.97,12,Acceptable,Middle East,Qatar
ORD-04031,CUST-0459,2022-10-17,Refunded,Website,29.41,23,Acceptable,Europe,Spain
ORD-04032,CUST-0364,2024-07-22,Refunded,Partner Portal,41.09,1,Acceptable,Africa,Nigeria
ORD-04033,CUST-0270,2021-05-21,Completed,Partner Portal,22.82,28,Acceptable,Middle East,Qatar
ORD-04034,CUST-0403,2021-07-04,Cancelled,Phone,4.45,4,Acceptable,Africa,Kenya
ORD-04035,CUST-0200,2020-03-12,Completed,Phone,8.31,10,Acceptable,North America,United States
ORD-04036,CUST-0225,2020-06-14,Completed,In-Store,3.49,12,Acceptable,North America,Canada
ORD-04037,CUST-0328,2021-03-07,Completed,Marketplace,0.50,4,Acceptable,Middle East,UAE
ORD-04038,CUST-0139,2021-12-21,Completed,In-Store,36.25,7,Acceptable,Europe,Netherlands
ORD-04039,CUST-0114,2021-10-30,Refunded,Partner Portal,4.07,14,Acceptable,Europe,United Kingdom
ORD-04040,CUST-0004,2023-11-14,Refunded,Marketplace,25.37,15,Acceptable,Latin America,Colombia
ORD-04041,CUST-0010,2023-07-24,Completed,Website,28.94,25,Acceptable,Latin America,Chile
ORD-04042,CUST-0313,2020-05-24,Pending,Partner Portal,22.05,25,Acceptable,Africa,Kenya
ORD-04043,CUST-0089,2020-09-02,Completed,In-Store,18.59,22,Acceptable,Europe,Sweden
ORD-04044,CUST-0212,2023-09-28,Cancelled,Website,21.96,13,Acceptable,Middle East,Saudi Arabia
ORD-04045,CUST-0036,2020-11-05,Completed,Website,34.79,1,Acceptable,Latin America,Colombia
ORD-04046,CUST-0445,2024-10-20,Completed,Partner Portal,20.49,32,Acceptable,Asia Pacific,India
ORD-04047,CUST-0238,2023-06-04,Completed,Mobile App,19.92,11,Acceptable,Latin America,Argentina
ORD-04048,CUST-0186,2023-07-09,Completed,Phone,33.22,16,Acceptable,Asia Pacific,Singapore
ORD-04049,CUST-0221,2023-03-19,Completed,Unknown,18.61,124,Review Recommended,Asia Pacific,Japan
ORD-04050,CUST-0174,2023-08-12,Refunded,Website,39.11,29,Acceptable,Europe,Spain
ORD-04051,CUST-0408,2022-03-05,Cancelled,Mobile App,16.08,28,Acceptable,Latin America,Colombia
ORD-04052,CUST-0181,2022-08-28,Completed,Mobile App,41.15,32,Acceptable,North America,Mexico
ORD-04053,CUST-0291,2024-09-09,Pending,In-Store,22.60,20,Acceptable,Middle East,UAE
ORD-04054,CUST-0474,2022-07-27,Completed,Unknown,27.58,11,Acceptable,Europe,Germany
ORD-04055,CUST-0320,2024-03-14,Pending,In-Store,1.64,26,Acceptable,Middle East,UAE
ORD-04056,CUST-0446,2024-04-19,Completed,In-Store,39.26,25,Acceptable,North America,Mexico
ORD-04057,CUST-0391,2023-11-02,Refunded,Unknown,26.61,31,Acceptable,Asia Pacific,South Korea
ORD-04058,CUST-0302,2020-02-13,Completed,Website,29.31,23,Acceptable,Asia Pacific,Australia
ORD-04059,CUST-0181,2021-11-25,Completed,Partner Portal,13.44,11,Acceptable,North America,Mexico
ORD-04060,CUST-0186,2021-05-27,Pending,Website,15.88,13,Acceptable,Asia Pacific,Singapore
ORD-04061,CUST-0202,2024-10-11,Completed,Phone,37.95,1,Acceptable,Middle East,UAE
ORD-04062,CUST-0333,2021-01-24,Completed,Website,21.43,35,Acceptable,Asia Pacific,Singapore
ORD-04063,CUST-0060,2024-10-15,Refunded,Website,20.76,30,Acceptable,Latin America,Chile
ORD-04064,CUST-0328,2023-11-03,Pending,Website,6.74,11,Acceptable,Middle East,UAE
ORD-04065,CUST-0026,2024-03-05,Refunded,Marketplace,43.43,9,Acceptable,Africa,South Africa
ORD-04066,CUST-0429,2021-06-30,Cancelled,Partner Portal,3.74,13,Acceptable,Asia Pacific,India
ORD-04067,CUST-0153,2020-07-01,Completed,Partner Portal,40.57,19,Acceptable,North America,United States
ORD-04068,CUST-0021,2023-05-29,Completed,Mobile App,6.53,10,Acceptable,Asia Pacific,Australia
ORD-04069,CUST-0320,2020-10-03,Completed,Marketplace,0.33,11,Acceptable,Middle East,UAE
ORD-04070,CUST-0319,2023-05-03,Completed,In-Store,2.27,19,Acceptable,Middle East,UAE
ORD-04071,CUST-0449,2020-12-19,Pending,Phone,33.60,29,Acceptable,Europe,United Kingdom
ORD-04072,CUST-0462,2021-05-14,Completed,Marketplace,22.03,2,Acceptable,Middle East,Saudi Arabia
ORD-04073,CUST-0093,2021-02-10,Cancelled,Website,22.43,3,Acceptable,North America,Canada
ORD-04074,CUST-0004,2023-11-16,Pending,Mobile App,2.24,26,Acceptable,Latin America,Colombia
ORD-04075,CUST-0049,2022-04-09,Completed,In-Store,26.89,26,Acceptable,Europe,United Kingdom
ORD-04076,CUST-0480,2023-03-27,Refunded,Website,20.26,23,Acceptable,North America,Canada
ORD-04077,CUST-0176,2024-05-09,Completed,Marketplace,26.25,34,Acceptable,Europe,Spain
ORD-04078,CUST-0028,2023-11-04,Completed,Partner Portal,44.18,1,Acceptable,Middle East,Saudi Arabia
ORD-04079,CUST-0467,2024-05-31,Completed,Mobile App,5.13,28,Acceptable,Middle East,Qatar
ORD-04080,CUST-0008,2021-11-12,Cancelled,Phone,16.82,20,Acceptable,Latin America,Chile
ORD-04081,CUST-0205,2021-11-20,Completed,Partner Portal,35.62,25,Acceptable,Europe,Spain
ORD-04082,CUST-0465,2021-03-20,Completed,Website,30.76,23,Acceptable,Asia Pacific,India
ORD-04083,CUST-0308,2022-01-08,Completed,Mobile App,35.47,28,Acceptable,Europe,Sweden
ORD-04084,CUST-0112,2024-02-23,Completed,Partner Portal,31.26,29,Acceptable,Africa,Kenya
ORD-04085,CUST-0059,2022-01-22,Completed,Partner Portal,11.57,29,Acceptable,North America,Mexico
ORD-04086,CUST-0454,2020-09-29,Cancelled,Partner Portal,33.58,12,Acceptable,Europe,Germany
ORD-04087,CUST-0439,2020-10-26,Cancelled,Marketplace,26.80,2,Acceptable,Europe,United Kingdom
ORD-04088,CUST-0005,2022-11-04,Completed,Partner Portal,6.66,24,Acceptable,Africa,South Africa
ORD-04089,CUST-0306,2023-11-07,Completed,Website,30.30,9,Acceptable,Europe,Spain
ORD-04090,CUST-0031,2020-03-24,Completed,Partner Portal,10.98,21,Acceptable,North America,Mexico
ORD-04091,CUST-0262,2022-11-05,Pending,Partner Portal,17.39,10,Acceptable,North America,Canada
ORD-04092,CUST-0090,2021-05-22,Pending,Marketplace,16.58,8,Acceptable,Asia Pacific,India
ORD-04093,CUST-0472,2022-09-30,Completed,Mobile App,25.68,14,Acceptable,Europe,Netherlands
ORD-04094,CUST-0087,2024-07-11,Completed,Partner Portal,29.46,17,Acceptable,Asia Pacific,Australia
ORD-04095,CUST-0038,2023-11-01,Completed,Website,1.15,24,Acceptable,Africa,South Africa
ORD-04096,CUST-0142,2024-04-17,Cancelled,Website,0.13,0,Acceptable,Asia Pacific,Singapore
ORD-04097,CUST-0382,2023-09-17,Completed,Phone,33.68,22,Acceptable,Latin America,Brazil
ORD-04098,CUST-0377,2020-03-15,Completed,Marketplace,11.62,129,Review Recommended,Middle East,Qatar
ORD-04099,CUST-0395,2020-06-19,Cancelled,In-Store,26.88,123,Review Recommended,Middle East,Qatar
ORD-04100,CUST-0266,2023-12-12,Completed,In-Store,24.24,11,Acceptable,Asia Pacific,Japan
ORD-04101,CUST-0392,2020-12-02,Completed,Marketplace,9.59,7,Acceptable,Asia Pacific,Singapore
ORD-04102,CUST-0323,2022-07-01,Cancelled,Unknown,34.20,7,Acceptable,Europe,Spain
ORD-04103,CUST-0271,2022-07-23,Refunded,Phone,36.32,15,Acceptable,Latin America,Chile
ORD-04104,CUST-0004,2024-05-05,Completed,Marketplace,0.55,8,Acceptable,Latin America,Colombia
ORD-04105,CUST-0476,2021-04-03,Cancelled,Website,7.32,15,Acceptable,Africa,Kenya
ORD-04106,CUST-0306,2024-06-05,Completed,In-Store,28.89,33,Acceptable,Europe,Spain
ORD-04107,CUST-0220,2021-08-26,Completed,Phone,16.16,24,Acceptable,North America,United States
ORD-04108,CUST-0296,2023-08-10,Refunded,Mobile App,1.51,19,Acceptable,Europe,Germany
ORD-04109,CUST-0008,2022-03-17,Refunded,Phone,0.91,16,Acceptable,Latin America,Chile
ORD-04110,CUST-0308,2020-01-08,Completed,Unknown,34.79,30,Acceptable,Europe,Sweden
ORD-04111,CUST-0205,2022-09-02,Completed,Website,36.61,33,Acceptable,Europe,Spain
ORD-04112,CUST-0040,2021-09-16,Pending,Marketplace,13.86,28,Acceptable,Asia Pacific,Singapore
ORD-04113,CUST-0441,2023-08-25,Refunded,Partner Portal,42.43,17,Acceptable,Latin America,Argentina
ORD-04114,CUST-0218,2020-09-07,Refunded,Unknown,43.50,28,Acceptable,Africa,South Africa
ORD-04115,CUST-0325,2021-01-07,Completed,In-Store,1.96,3,Acceptable,Latin America,Chile
ORD-04116,CUST-0329,2023-04-20,Cancelled,Mobile App,17.73,22,Acceptable,Latin America,Colombia
ORD-04117,CUST-0022,2020-05-11,Cancelled,Unknown,22.01,9,Acceptable,North America,United States
ORD-04118,CUST-0073,2022-08-27,Completed,Website,8.90,6,Acceptable,Latin America,Argentina
ORD-04119,CUST-0040,2021-09-15,Completed,Website,2.76,15,Acceptable,Asia Pacific,Singapore
ORD-04120,CUST-0142,2020-05-23,Completed,Mobile App,33.23,3,Acceptable,Asia Pacific,Singapore
ORD-04121,CUST-0272,2024-06-26,Completed,In-Store,31.82,28,Acceptable,Africa,South Africa
ORD-04122,CUST-0429,2022-05-11,Refunded,In-Store,29.76,19,Acceptable,Asia Pacific,India
ORD-04123,CUST-0009,2023-05-17,Pending,In-Store,17.57,8,Acceptable,Europe,United Kingdom
ORD-04124,CUST-0306,2024-11-12,Completed,Marketplace,11.16,16,Acceptable,Europe,Spain
ORD-04125,CUST-0371,2021-09-23,Completed,Partner Portal,15.40,12,Acceptable,North America,United States
ORD-04126,CUST-0427,2024-04-23,Completed,Mobile App,39.71,34,Acceptable,Europe,United Kingdom
ORD-04127,CUST-0078,2024-03-16,Completed,In-Store,30.35,17,Acceptable,Europe,United Kingdom
ORD-04128,CUST-0364,2023-09-10,Completed,Website,42.78,20,Acceptable,Africa,Nigeria
ORD-04129,CUST-0133,2022-09-20,Completed,Marketplace,41.57,16,Acceptable,Africa,Ghana
ORD-04130,CUST-0343,2021-04-07,Cancelled,Mobile App,13.24,12,Acceptable,Europe,France
ORD-04131,CUST-0306,2023-11-09,Pending,Phone,35.82,23,Acceptable,Europe,Spain
ORD-04132,CUST-0065,2022-09-23,Completed,Unknown,19.93,28,Acceptable,Middle East,UAE
ORD-04133,CUST-0392,2020-05-23,Cancelled,In-Store,11.78,14,Acceptable,Asia Pacific,Singapore
ORD-04134,CUST-0082,2020-06-09,Cancelled,Phone,34.91,20,Acceptable,Africa,South Africa
ORD-04135,CUST-0471,2023-06-22,Completed,In-Store,3.25,24,Acceptable,Latin America,Brazil
ORD-04136,CUST-0178,2021-10-03,Refunded,Website,32.55,8,Acceptable,Latin America,Argentina
ORD-04137,CUST-0110,2023-01-29,Pending,Website,35.78,15,Acceptable,Middle East,Saudi Arabia
ORD-04138,CUST-0479,2021-01-29,Refunded,Unknown,18.72,9,Acceptable,Latin America,Argentina
ORD-04139,CUST-0109,2024-06-05,Completed,Partner Portal,1.96,2,Acceptable,Latin America,Chile
ORD-04140,CUST-0465,2024-11-23,Pending,Marketplace,37.62,9,Acceptable,Asia Pacific,India
ORD-04141,CUST-0361,2020-06-13,Completed,Phone,36.98,16,Acceptable,Latin America,Brazil
ORD-04142,CUST-0215,2020-04-01,Refunded,Marketplace,11.30,21,Acceptable,Europe,United Kingdom
ORD-04143,CUST-0340,2020-01-26,Cancelled,Marketplace,2.63,10,Acceptable,Africa,Ghana
ORD-04144,CUST-0237,2022-12-10,Pending,In-Store,13.61,16,Acceptable,Latin America,Brazil
ORD-04145,CUST-0398,2023-12-22,Completed,Mobile App,5.96,16,Acceptable,Latin America,Brazil
ORD-04146,CUST-0135,2021-04-17,Completed,Partner Portal,42.91,26,Acceptable,North America,Mexico
ORD-04147,CUST-0244,2024-05-20,Completed,Website,9.22,30,Acceptable,North America,Mexico
ORD-04148,CUST-0452,2024-01-25,Completed,Unknown,9.01,28,Acceptable,Latin America,Brazil
ORD-04149,CUST-0112,2020-10-27,Completed,Phone,40.04,1,Acceptable,Africa,Kenya
ORD-04150,CUST-0183,2022-07-18,Pending,Partner Portal,4.87,29,Acceptable,Latin America,Chile
ORD-04151,CUST-0142,2024-03-09,Completed,Phone,14.79,24,Acceptable,Asia Pacific,Singapore
ORD-04152,CUST-0331,2024-03-31,Cancelled,Website,25.14,26,Acceptable,Africa,Kenya
ORD-04153,CUST-0339,2021-01-25,Completed,Marketplace,1.91,13,Acceptable,Africa,South Africa
ORD-04154,CUST-0412,2020-08-23,Refunded,Website,26.96,35,Acceptable,Africa,South Africa
ORD-04155,CUST-0407,2024-06-07,Refunded,Phone,28.99,19,Acceptable,Middle East,Qatar
ORD-04156,CUST-0404,2024-07-24,Cancelled,Marketplace,11.14,1,Acceptable,Latin America,Colombia
ORD-04157,CUST-0172,2024-02-17,Completed,Marketplace,24.74,5,Acceptable,Latin America,Argentina
ORD-04158,CUST-0132,2022-09-23,Cancelled,Website,17.43,23,Acceptable,Africa,South Africa
ORD-04159,CUST-0472,2024-11-23,Completed,In-Store,30.41,33,Acceptable,Europe,Netherlands
ORD-04160,CUST-0190,2024-09-20,Cancelled,Partner Portal,15.92,22,Acceptable,Africa,South Africa
ORD-04161,CUST-0063,2022-12-15,Completed,Marketplace,16.82,26,Acceptable,Middle East,Saudi Arabia
ORD-04162,CUST-0072,2023-05-24,Completed,In-Store,27.60,21,Acceptable,Latin America,Colombia
ORD-04163,CUST-0310,2022-01-14,Refunded,Website,23.84,113,Review Recommended,Latin America,Chile
ORD-04164,CUST-0391,2020-02-13,Refunded,In-Store,17.47,33,Acceptable,Asia Pacific,South Korea
ORD-04165,CUST-0262,2023-10-16,Pending,Mobile App,35.76,2,Acceptable,North America,Canada
ORD-04166,CUST-0332,2024-09-01,Refunded,Phone,40.56,9,Acceptable,Africa,Nigeria
ORD-04167,CUST-0124,2021-06-06,Completed,In-Store,44.46,26,Acceptable,Latin America,Argentina
ORD-04168,CUST-0329,2022-08-18,Cancelled,Mobile App,35.86,34,Acceptable,Latin America,Colombia
ORD-04169,CUST-0402,2024-11-22,Completed,Marketplace,31.79,8,Acceptable,Africa,Nigeria
ORD-04170,CUST-0282,2022-03-19,Completed,Phone,20.75,9,Acceptable,Latin America,Argentina
ORD-04171,CUST-0326,2020-06-24,Completed,Partner Portal,6.80,4,Acceptable,Europe,Netherlands
ORD-04172,CUST-0134,2021-10-09,Cancelled,Phone,21.92,21,Acceptable,North America,United States
ORD-04173,CUST-0289,2024-08-09,Cancelled,Website,27.29,17,Acceptable,Europe,Netherlands
ORD-04174,CUST-0445,2021-05-11,Completed,Phone,38.07,11,Acceptable,Asia Pacific,India
ORD-04175,CUST-0007,2021-10-19,Cancelled,In-Store,1.41,31,Acceptable,Middle East,Saudi Arabia
ORD-04176,CUST-0315,2021-10-04,Refunded,Marketplace,4.91,25,Acceptable,Africa,Nigeria
ORD-04177,CUST-0356,2022-03-01,Refunded,In-Store,13.13,124,Review Recommended,Europe,Sweden
ORD-04178,CUST-0144,2024-12-31,Pending,Partner Portal,2.69,17,Acceptable,Asia Pacific,Japan
ORD-04179,CUST-0040,2024-03-23,Completed,Website,38.55,5,Acceptable,Asia Pacific,Singapore
ORD-04180,CUST-0258,2024-09-26,Cancelled,In-Store,26.74,3,Acceptable,Asia Pacific,Singapore
ORD-04181,CUST-0427,2021-08-03,Cancelled,Phone,43.53,24,Acceptable,Europe,United Kingdom
ORD-04182,CUST-0423,2020-12-25,Completed,Mobile App,34.30,20,Acceptable,Latin America,Colombia
ORD-04183,CUST-0138,2024-09-19,Pending,Marketplace,39.07,21,Acceptable,Middle East,UAE
ORD-04184,CUST-0449,2020-02-12,Cancelled,Mobile App,44.21,7,Acceptable,Europe,United Kingdom
ORD-04185,CUST-0254,2024-07-13,Completed,Partner Portal,35.45,34,Acceptable,Asia Pacific,Singapore
ORD-04186,CUST-0317,2022-01-30,Refunded,Website,1.56,27,Acceptable,Middle East,Qatar
ORD-04187,CUST-0428,2022-08-18,Pending,In-Store,36.10,11,Acceptable,Africa,Kenya
ORD-04188,CUST-0116,2024-11-27,Completed,Partner Portal,14.98,25,Acceptable,Latin America,Chile
ORD-04189,CUST-0412,2023-01-25,Pending,Website,35.15,3,Acceptable,Africa,South Africa
ORD-04190,CUST-0285,2022-12-27,Completed,Marketplace,44.36,13,Acceptable,Middle East,UAE
ORD-04191,CUST-0428,2024-02-23,Completed,Unknown,28.73,1,Acceptable,Africa,Kenya
ORD-04192,CUST-0319,2020-04-25,Completed,Unknown,38.94,33,Acceptable,Middle East,UAE
ORD-04193,CUST-0415,2023-02-06,Pending,Marketplace,21.35,29,Acceptable,Asia Pacific,South Korea
ORD-04194,CUST-0293,2020-04-30,Pending,Phone,15.86,34,Acceptable,Europe,Spain
ORD-04195,CUST-0378,2024-12-06,Completed,Mobile App,13.90,5,Acceptable,Middle East,Saudi Arabia
ORD-04196,CUST-0276,2020-03-07,Pending,Unknown,20.63,26,Acceptable,Asia Pacific,India
ORD-04197,CUST-0315,2023-12-03,Completed,Partner Portal,23.35,15,Acceptable,Africa,Nigeria
ORD-04198,CUST-0207,2021-09-07,Pending,Partner Portal,33.35,16,Acceptable,Europe,United Kingdom
ORD-04199,CUST-0081,2024-06-29,Completed,Mobile App,39.63,16,Acceptable,North America,Mexico
ORD-04200,CUST-0437,2023-07-28,Completed,Mobile App,39.33,8,Acceptable,North America,Canada
ORD-04201,CUST-0281,2022-07-09,Completed,Marketplace,22.66,31,Acceptable,Latin America,Colombia
ORD-04202,CUST-0243,2023-03-01,Refunded,Website,22.29,27,Acceptable,Europe,Netherlands
ORD-04203,CUST-0193,2021-03-06,Completed,In-Store,31.70,33,Acceptable,North America,Canada
ORD-04204,CUST-0146,2020-01-26,Completed,Partner Portal,30.08,9,Acceptable,Africa,Kenya
ORD-04205,CUST-0111,2022-03-12,Completed,Marketplace,37.33,24,Acceptable,Latin America,Colombia
ORD-04206,CUST-0074,2024-07-20,Pending,Website,2.46,15,Acceptable,Africa,Nigeria
ORD-04207,CUST-0019,2024-03-25,Cancelled,Website,24.36,27,Acceptable,Asia Pacific,India
ORD-04208,CUST-0055,2020-07-30,Completed,Marketplace,28.46,12,Acceptable,North America,Canada
ORD-04209,CUST-0363,2022-02-19,Completed,Website,10.08,5,Acceptable,Africa,Kenya
ORD-04210,CUST-0153,2022-12-20,Completed,Website,34.80,30,Acceptable,North America,United States
ORD-04211,CUST-0398,2023-09-03,Completed,Phone,31.60,15,Acceptable,Latin America,Brazil
ORD-04212,CUST-0159,2020-10-25,Completed,Mobile App,40.83,24,Acceptable,North America,Mexico
ORD-04213,CUST-0113,2024-05-26,Refunded,Partner Portal,30.09,32,Acceptable,North America,United States
ORD-04214,CUST-0426,2020-05-08,Completed,Mobile App,9.12,131,Review Recommended,Africa,Ghana
ORD-04215,CUST-0172,2021-09-14,Completed,Marketplace,34.69,29,Acceptable,Latin America,Argentina
ORD-04216,CUST-0047,2024-10-01,Refunded,Partner Portal,21.22,11,Acceptable,Asia Pacific,India
ORD-04217,CUST-0339,2020-12-02,Completed,In-Store,41.44,34,Acceptable,Africa,South Africa
ORD-04218,CUST-0010,2021-02-28,Refunded,In-Store,31.79,9,Acceptable,Latin America,Chile
ORD-04219,CUST-0244,2023-12-13,Cancelled,Marketplace,1.41,3,Acceptable,North America,Mexico
ORD-04220,CUST-0207,2020-06-08,Completed,Website,11.49,21,Acceptable,Europe,United Kingdom
ORD-04221,CUST-0329,2022-02-21,Cancelled,Mobile App,12.07,11,Acceptable,Latin America,Colombia
ORD-04222,CUST-0094,2023-11-12,Completed,Phone,22.85,12,Acceptable,Europe,Germany
ORD-04223,CUST-0359,2020-03-24,Completed,Phone,18.12,31,Acceptable,Europe,Netherlands
ORD-04224,CUST-0423,2021-04-16,Completed,Marketplace,22.06,13,Acceptable,Latin America,Colombia
ORD-04225,CUST-0255,2021-03-04,Pending,In-Store,28.17,17,Acceptable,Africa,Nigeria
ORD-04226,CUST-0015,2023-08-16,Pending,Website,38.80,9,Acceptable,Africa,Nigeria
ORD-04227,CUST-0167,2020-02-01,Completed,Mobile App,36.38,14,Acceptable,North America,United States
ORD-04228,CUST-0437,2024-08-24,Refunded,Partner Portal,37.25,19,Acceptable,North America,Canada
ORD-04229,CUST-0260,2021-12-05,Cancelled,Partner Portal,31.81,2,Acceptable,Latin America,Argentina
ORD-04230,CUST-0346,2020-07-14,Cancelled,In-Store,19.57,24,Acceptable,North America,Canada
ORD-04231,CUST-0106,2021-06-04,Completed,Partner Portal,6.93,115,Review Recommended,Latin America,Chile
ORD-04232,CUST-0371,2023-12-28,Cancelled,In-Store,44.52,14,Acceptable,North America,United States
ORD-04233,CUST-0447,2020-08-17,Refunded,Website,3.82,3,Acceptable,Middle East,UAE
ORD-04234,CUST-0412,2024-07-29,Completed,Mobile App,44.64,1,Acceptable,Africa,South Africa
ORD-04235,CUST-0158,2023-06-15,Cancelled,Unknown,4.17,14,Acceptable,Middle East,Saudi Arabia
ORD-04236,CUST-0410,2022-01-28,Completed,Partner Portal,12.53,17,Acceptable,Latin America,Brazil
ORD-04237,CUST-0128,2023-03-22,Completed,In-Store,1.97,25,Acceptable,North America,United States
ORD-04238,CUST-0060,2022-03-06,Completed,Marketplace,32.22,9,Acceptable,Latin America,Chile
ORD-04239,CUST-0446,2024-04-05,Completed,Partner Portal,38.80,29,Acceptable,North America,Mexico
ORD-04240,CUST-0237,2021-01-18,Completed,Mobile App,19.30,15,Acceptable,Latin America,Brazil
ORD-04241,CUST-0261,2023-05-19,Completed,In-Store,16.29,1,Acceptable,Africa,Ghana
ORD-04242,CUST-0217,2023-11-09,Completed,Partner Portal,18.72,11,Acceptable,Middle East,UAE
ORD-04243,CUST-0209,2022-08-07,Cancelled,In-Store,0.10,25,Acceptable,Europe,France
ORD-04244,CUST-0138,2024-08-03,Completed,Unknown,2.42,32,Acceptable,Middle East,UAE
ORD-04245,CUST-0010,2022-12-24,Completed,Partner Portal,8.13,23,Acceptable,Latin America,Chile
ORD-04246,CUST-0336,2024-12-06,Pending,Website,10.09,29,Acceptable,Latin America,Chile
ORD-04247,CUST-0045,2020-10-14,Cancelled,Marketplace,29.42,23,Acceptable,Latin America,Colombia
ORD-04248,CUST-0284,2024-05-15,Completed,In-Store,6.60,24,Acceptable,North America,United States
ORD-04249,CUST-0394,2021-08-15,Completed,Phone,33.10,6,Acceptable,Latin America,Argentina
ORD-04250,CUST-0058,2021-12-03,Pending,Phone,16.48,10,Acceptable,Asia Pacific,South Korea
ORD-04251,CUST-0224,2020-05-26,Pending,In-Store,35.67,18,Acceptable,Europe,Germany
ORD-04252,CUST-0464,2020-08-10,Completed,Marketplace,15.68,11,Acceptable,Europe,Netherlands
ORD-04253,CUST-0010,2023-03-18,Refunded,Partner Portal,21.97,29,Acceptable,Latin America,Chile
ORD-04254,CUST-0234,2024-12-24,Completed,Website,10.93,34,Acceptable,Europe,Germany
ORD-04255,CUST-0098,2020-11-07,Cancelled,Marketplace,30.71,12,Acceptable,Middle East,UAE
ORD-04256,CUST-0329,2021-07-10,Completed,Partner Portal,32.81,17,Acceptable,Latin America,Colombia
ORD-04257,CUST-0265,2021-12-12,Completed,Mobile App,14.45,4,Acceptable,North America,United States
ORD-04258,CUST-0100,2024-01-17,Completed,Phone,35.70,141,Review Recommended,Europe,United Kingdom
ORD-04259,CUST-0225,2023-02-01,Cancelled,In-Store,2.35,35,Acceptable,North America,Canada
ORD-04260,CUST-0233,2020-01-05,Cancelled,Mobile App,23.06,3,Acceptable,Europe,Germany
ORD-04261,CUST-0049,2024-12-10,Completed,In-Store,12.71,16,Acceptable,Europe,United Kingdom
ORD-04262,CUST-0027,2024-10-02,Completed,Website,32.81,0,Acceptable,Africa,South Africa
ORD-04263,CUST-0153,2023-05-10,Cancelled,Website,17.46,3,Acceptable,North America,United States
ORD-04264,CUST-0147,2023-02-23,Completed,Marketplace,28.84,21,Acceptable,Latin America,Brazil
ORD-04265,CUST-0350,2023-05-23,Cancelled,Phone,15.21,137,Review Recommended,Africa,Ghana
ORD-04266,CUST-0432,2020-07-16,Refunded,Phone,18.05,22,Acceptable,North America,United States
ORD-04267,CUST-0019,2023-12-14,Completed,Phone,19.03,26,Acceptable,Asia Pacific,India
ORD-04268,CUST-0236,2020-12-27,Cancelled,Unknown,1.77,28,Acceptable,Middle East,Qatar
ORD-04269,CUST-0017,2023-03-14,Refunded,Unknown,22.19,19,Acceptable,Middle East,Saudi Arabia
ORD-04270,CUST-0387,2024-10-12,Completed,Website,14.96,16,Acceptable,Middle East,Qatar
ORD-04271,CUST-0134,2022-06-28,Completed,Marketplace,26.97,15,Acceptable,North America,United States
ORD-04272,CUST-0062,2021-07-19,Completed,Website,42.64,26,Acceptable,North America,Mexico
ORD-04273,CUST-0177,2021-10-30,Completed,Unknown,44.12,10,Acceptable,Asia Pacific,India
ORD-04274,CUST-0268,2021-11-20,Refunded,Phone,14.76,30,Acceptable,Europe,France
ORD-04275,CUST-0120,2020-10-10,Cancelled,Mobile App,31.35,7,Acceptable,Middle East,Saudi Arabia
ORD-04276,CUST-0286,2023-01-31,Completed,Unknown,16.94,8,Acceptable,Africa,South Africa
ORD-04277,CUST-0041,2023-11-27,Cancelled,Marketplace,35.94,20,Acceptable,Europe,Netherlands
ORD-04278,CUST-0019,2023-01-02,Completed,In-Store,37.52,20,Acceptable,Asia Pacific,India
ORD-04279,CUST-0027,2021-01-21,Refunded,Mobile App,32.01,19,Acceptable,Africa,South Africa
ORD-04280,CUST-0156,2024-02-12,Completed,Mobile App,22.12,2,Acceptable,Africa,Nigeria
ORD-04281,CUST-0363,2020-01-06,Pending,Partner Portal,33.90,3,Acceptable,Africa,Kenya
ORD-04282,CUST-0175,2024-03-18,Refunded,Partner Portal,42.65,26,Acceptable,Africa,Ghana
ORD-04283,CUST-0231,2023-07-13,Refunded,Mobile App,20.44,0,Acceptable,Asia Pacific,India
ORD-04284,CUST-0178,2022-11-07,Cancelled,Unknown,12.38,21,Acceptable,Latin America,Argentina
ORD-04285,CUST-0305,2021-01-30,Refunded,Marketplace,44.91,34,Acceptable,North America,United States
ORD-04286,CUST-0195,2022-12-08,Completed,Mobile App,42.41,30,Acceptable,Africa,Nigeria
ORD-04287,CUST-0030,2024-06-12,Refunded,Website,30.21,8,Acceptable,Asia Pacific,India
ORD-04288,CUST-0201,2022-04-01,Pending,Mobile App,36.24,32,Acceptable,Africa,Nigeria
ORD-04289,CUST-0207,2020-03-05,Completed,Marketplace,4.78,28,Acceptable,Europe,United Kingdom
ORD-04290,CUST-0130,2023-04-09,Completed,Mobile App,28.78,23,Acceptable,Middle East,UAE
ORD-04291,CUST-0061,2022-08-14,Cancelled,In-Store,5.22,19,Acceptable,Africa,Ghana
ORD-04292,CUST-0067,2023-08-05,Completed,Marketplace,25.13,21,Acceptable,Africa,Ghana
ORD-04293,CUST-0153,2020-03-27,Completed,Mobile App,20.40,2,Acceptable,North America,United States
ORD-04294,CUST-0264,2024-03-22,Pending,Marketplace,16.39,12,Acceptable,Europe,United Kingdom
ORD-04295,CUST-0214,2022-05-30,Refunded,Website,7.29,33,Acceptable,Middle East,UAE
ORD-04296,CUST-0168,2023-12-06,Completed,Phone,2.39,7,Acceptable,North America,Canada
ORD-04297,CUST-0057,2022-11-25,Completed,Partner Portal,28.48,14,Acceptable,Africa,Ghana
ORD-04298,CUST-0041,2020-11-30,Cancelled,In-Store,4.64,20,Acceptable,Europe,Netherlands
ORD-04299,CUST-0231,2024-04-01,Completed,Mobile App,39.33,6,Acceptable,Asia Pacific,India
ORD-04300,CUST-0200,2024-11-24,Refunded,Partner Portal,33.70,33,Acceptable,North America,United States
ORD-04301,CUST-0321,2020-05-25,Completed,Marketplace,28.59,1,Acceptable,Europe,United Kingdom
ORD-04302,CUST-0133,2022-07-03,Pending,Mobile App,40.31,30,Acceptable,Africa,Ghana
ORD-04303,CUST-0358,2023-09-07,Cancelled,In-Store,11.45,20,Acceptable,Asia Pacific,India
ORD-04304,CUST-0133,2022-04-15,Completed,Mobile App,1.82,18,Acceptable,Africa,Ghana
ORD-04305,CUST-0087,2023-11-24,Completed,Marketplace,41.78,132,Review Recommended,Asia Pacific,Australia
ORD-04306,CUST-0303,2024-08-31,Completed,Website,41.72,22,Acceptable,Middle East,Qatar
ORD-04307,CUST-0008,2023-09-23,Completed,Website,17.29,22,Acceptable,Latin America,Chile
ORD-04308,CUST-0082,2020-05-12,Completed,Phone,39.33,33,Acceptable,Africa,South Africa
ORD-04309,CUST-0377,2023-05-25,Cancelled,Marketplace,21.34,7,Acceptable,Middle East,Qatar
ORD-04310,CUST-0164,2024-08-09,Pending,Partner Portal,24.89,29,Acceptable,North America,Mexico
ORD-04311,CUST-0125,2020-11-24,Completed,Partner Portal,8.65,5,Acceptable,Africa,Ghana
ORD-04312,CUST-0371,2020-07-29,Completed,Website,8.09,7,Acceptable,North America,United States
ORD-04313,CUST-0028,2020-02-18,Completed,In-Store,23.12,11,Acceptable,Middle East,Saudi Arabia
ORD-04314,CUST-0292,2023-12-10,Completed,Phone,8.15,20,Acceptable,Europe,France
ORD-04315,CUST-0187,2024-10-19,Cancelled,Mobile App,40.73,25,Acceptable,North America,Canada
ORD-04316,CUST-0262,2024-09-11,Completed,Mobile App,29.58,24,Acceptable,North America,Canada
ORD-04317,CUST-0006,2022-05-12,Completed,Website,7.38,23,Acceptable,Asia Pacific,South Korea
ORD-04318,CUST-0467,2024-04-21,Cancelled,Marketplace,27.06,28,Acceptable,Middle East,Qatar
ORD-04319,CUST-0461,2021-12-12,Completed,In-Store,33.99,1,Acceptable,Middle East,Qatar
ORD-04320,CUST-0023,2022-01-03,Pending,Partner Portal,3.52,23,Acceptable,Middle East,Saudi Arabia
ORD-04321,CUST-0352,2024-12-09,Refunded,Mobile App,38.29,33,Acceptable,Europe,France
ORD-04322,CUST-0278,2021-09-19,Completed,Partner Portal,11.79,9,Acceptable,North America,United States
ORD-04323,CUST-0442,2021-02-20,Pending,Mobile App,39.60,16,Acceptable,North America,United States
ORD-04324,CUST-0132,2024-07-17,Completed,Partner Portal,31.56,29,Acceptable,Africa,South Africa
ORD-04325,CUST-0364,2023-03-04,Cancelled,Marketplace,4.18,33,Acceptable,Africa,Nigeria
ORD-04326,CUST-0208,2022-09-27,Completed,In-Store,17.12,16,Acceptable,Europe,Germany
ORD-04327,CUST-0425,2023-04-02,Refunded,Marketplace,8.98,17,Acceptable,North America,Canada
ORD-04328,CUST-0066,2024-01-29,Refunded,Mobile App,6.28,8,Acceptable,Asia Pacific,South Korea
ORD-04329,CUST-0144,2020-06-05,Pending,Partner Portal,4.19,18,Acceptable,Asia Pacific,Japan
ORD-04330,CUST-0194,2024-01-11,Completed,Marketplace,37.95,17,Acceptable,Asia Pacific,Australia
ORD-04331,CUST-0049,2024-06-08,Completed,In-Store,34.90,20,Acceptable,Europe,United Kingdom
ORD-04332,CUST-0158,2023-05-17,Refunded,In-Store,29.14,4,Acceptable,Middle East,Saudi Arabia
ORD-04333,CUST-0091,2022-01-15,Completed,Website,22.52,16,Acceptable,Africa,Ghana
ORD-04334,CUST-0152,2022-03-04,Pending,Website,6.24,22,Acceptable,Middle East,Saudi Arabia
ORD-04335,CUST-0096,2022-03-28,Refunded,In-Store,10.23,12,Acceptable,Middle East,UAE
ORD-04336,CUST-0337,2023-03-31,Completed,Website,21.70,15,Acceptable,Middle East,UAE
ORD-04337,CUST-0179,2020-12-14,Completed,Phone,41.81,4,Acceptable,Middle East,Qatar
ORD-04338,CUST-0377,2020-03-05,Completed,Marketplace,35.82,31,Acceptable,Middle East,Qatar
ORD-04339,CUST-0280,2022-02-07,Refunded,Partner Portal,18.72,34,Acceptable,Latin America,Colombia
ORD-04340,CUST-0322,2021-08-11,Refunded,Website,29.06,7,Acceptable,Africa,Ghana
ORD-04341,CUST-0140,2023-03-12,Completed,Partner Portal,22.52,9,Acceptable,Latin America,Brazil
ORD-04342,CUST-0147,2022-08-10,Refunded,Marketplace,16.69,13,Acceptable,Latin America,Brazil
ORD-04343,CUST-0092,2024-01-27,Pending,Unknown,4.39,5,Acceptable,Latin America,Brazil
ORD-04344,CUST-0468,2021-01-26,Pending,In-Store,34.75,9,Acceptable,North America,Canada
ORD-04345,CUST-0242,2024-10-13,Completed,In-Store,35.43,4,Acceptable,Asia Pacific,India
ORD-04346,CUST-0244,2021-07-01,Completed,In-Store,24.94,121,Review Recommended,North America,Mexico
ORD-04347,CUST-0243,2020-05-21,Refunded,Website,19.94,29,Acceptable,Europe,Netherlands
ORD-04348,CUST-0124,2022-03-20,Completed,Mobile App,5.00,15,Acceptable,Latin America,Argentina
ORD-04349,CUST-0131,2024-06-13,Completed,Unknown,9.35,29,Acceptable,North America,Canada
ORD-04350,CUST-0013,2024-02-28,Refunded,Partner Portal,38.49,22,Acceptable,Latin America,Brazil
ORD-04351,CUST-0188,2023-09-10,Cancelled,Phone,42.53,34,Acceptable,Africa,South Africa
ORD-04352,CUST-0067,2023-05-21,Cancelled,Phone,39.32,26,Acceptable,Africa,Ghana
ORD-04353,CUST-0082,2022-11-07,Completed,Partner Portal,43.81,29,Acceptable,Africa,South Africa
ORD-04354,CUST-0388,2024-05-04,Refunded,Mobile App,22.89,112,Review Recommended,Asia Pacific,South Korea
ORD-04355,CUST-0294,2022-06-08,Completed,Unknown,20.80,25,Acceptable,Africa,Nigeria
ORD-04356,CUST-0270,2024-04-25,Refunded,Phone,24.38,29,Acceptable,Middle East,Qatar
ORD-04357,CUST-0191,2022-04-05,Completed,Website,23.12,34,Acceptable,North America,Canada
ORD-04358,CUST-0478,2023-12-22,Completed,Mobile App,6.01,27,Acceptable,North America,Mexico
ORD-04359,CUST-0308,2023-02-11,Refunded,Partner Portal,16.08,20,Acceptable,Europe,Sweden
ORD-04360,CUST-0074,2023-10-03,Completed,Marketplace,34.09,16,Acceptable,Africa,Nigeria
ORD-04361,CUST-0234,2024-03-31,Refunded,Website,36.69,10,Acceptable,Europe,Germany
ORD-04362,CUST-0395,2020-01-17,Cancelled,Partner Portal,35.87,35,Acceptable,Middle East,Qatar
ORD-04363,CUST-0387,2020-03-11,Completed,Mobile App,0.21,28,Acceptable,Middle East,Qatar
ORD-04364,CUST-0397,2020-03-01,Completed,Phone,5.65,0,Acceptable,Latin America,Argentina
ORD-04365,CUST-0128,2021-12-02,Completed,Marketplace,19.52,35,Acceptable,North America,United States
ORD-04366,CUST-0303,2021-05-08,Refunded,Marketplace,9.15,4,Acceptable,Middle East,Qatar
ORD-04367,CUST-0224,2021-03-21,Completed,Unknown,2.53,22,Acceptable,Europe,Germany
ORD-04368,CUST-0174,2020-08-28,Completed,Partner Portal,37.72,9,Acceptable,Europe,Spain
ORD-04369,CUST-0470,2022-02-09,Cancelled,Website,3.28,27,Acceptable,Asia Pacific,Japan
ORD-04370,CUST-0046,2024-02-24,Completed,Mobile App,41.32,7,Acceptable,Asia Pacific,Japan
ORD-04371,CUST-0144,2023-12-19,Cancelled,Marketplace,24.59,21,Acceptable,Asia Pacific,Japan
ORD-04372,CUST-0473,2020-03-01,Refunded,Phone,37.35,11,Acceptable,Europe,France
ORD-04373,CUST-0082,2023-02-01,Completed,Website,34.87,35,Acceptable,Africa,South Africa
ORD-04374,CUST-0109,2023-01-14,Completed,Phone,17.61,18,Acceptable,Latin America,Chile
ORD-04375,CUST-0089,2020-01-18,Cancelled,Marketplace,42.62,29,Acceptable,Europe,Sweden
ORD-04376,CUST-0211,2021-09-30,Cancelled,In-Store,14.69,29,Acceptable,Middle East,UAE
ORD-04377,CUST-0199,2024-09-09,Completed,Partner Portal,36.71,32,Acceptable,Europe,United Kingdom
ORD-04378,CUST-0091,2020-06-22,Refunded,In-Store,42.24,14,Acceptable,Africa,Ghana
ORD-04379,CUST-0311,2023-10-10,Completed,Phone,40.72,15,Acceptable,Asia Pacific,Japan
ORD-04380,CUST-0297,2024-09-13,Pending,Phone,18.78,31,Acceptable,Middle East,Qatar
ORD-04381,CUST-0033,2021-04-02,Completed,Website,42.07,31,Acceptable,Middle East,Qatar
ORD-04382,CUST-0214,2024-04-24,Refunded,Marketplace,15.97,1,Acceptable,Middle East,UAE
ORD-04383,CUST-0388,2022-11-26,Cancelled,Website,13.88,30,Acceptable,Asia Pacific,South Korea
ORD-04384,CUST-0217,2024-10-16,Completed,Website,13.45,6,Acceptable,Middle East,UAE
ORD-04385,CUST-0086,2022-08-23,Completed,Marketplace,2.03,23,Acceptable,Europe,Spain
ORD-04386,CUST-0460,2020-03-10,Completed,Partner Portal,0.54,32,Acceptable,Europe,Netherlands
ORD-04387,CUST-0103,2022-05-27,Completed,Unknown,4.11,1,Acceptable,North America,Canada
ORD-04388,CUST-0220,2022-03-28,Completed,Unknown,40.34,9,Acceptable,North America,United States
ORD-04389,CUST-0278,2021-04-25,Refunded,In-Store,7.64,1,Acceptable,North America,United States
ORD-04390,CUST-0050,2021-09-25,Completed,In-Store,31.81,34,Acceptable,Latin America,Chile
ORD-04391,CUST-0212,2022-12-30,Completed,Phone,14.95,21,Acceptable,Middle East,Saudi Arabia
ORD-04392,CUST-0226,2024-03-13,Completed,Marketplace,25.74,29,Acceptable,Africa,Nigeria
ORD-04393,CUST-0126,2022-04-10,Refunded,Phone,16.50,18,Acceptable,Latin America,Argentina
ORD-04394,CUST-0011,2022-09-17,Completed,Marketplace,24.82,8,Acceptable,North America,Canada
ORD-04395,CUST-0370,2024-12-22,Pending,Unknown,17.06,33,Acceptable,North America,United States
ORD-04396,CUST-0116,2021-02-01,Cancelled,Mobile App,21.93,34,Acceptable,Latin America,Chile
ORD-04397,CUST-0105,2021-01-02,Refunded,Phone,11.06,28,Acceptable,North America,Canada
ORD-04398,CUST-0182,2023-12-28,Refunded,Phone,3.14,135,Review Recommended,Latin America,Colombia
ORD-04399,CUST-0479,2023-04-26,Completed,In-Store,1.91,6,Acceptable,Latin America,Argentina
ORD-04400,CUST-0009,2020-07-08,Pending,Partner Portal,9.51,28,Acceptable,Europe,United Kingdom
ORD-04401,CUST-0466,2021-04-12,Completed,Partner Portal,26.33,19,Acceptable,Europe,Spain
ORD-04402,CUST-0195,2020-04-02,Completed,Mobile App,15.49,1,Acceptable,Africa,Nigeria
ORD-04403,CUST-0414,2021-12-20,Completed,Phone,5.67,32,Acceptable,NA Region,Canada
ORD-04404,CUST-0206,2020-08-01,Pending,Marketplace,15.56,8,Acceptable,Europe,Netherlands
ORD-04405,CUST-0292,2020-05-01,Completed,In-Store,24.27,15,Acceptable,Europe,France
ORD-04406,CUST-0312,2024-09-29,Cancelled,Marketplace,44.01,11,Acceptable,Europe,Spain
ORD-04407,CUST-0080,2021-05-08,Completed,Partner Portal,15.57,16,Acceptable,Europe,United Kingdom
ORD-04408,CUST-0387,2024-03-18,Cancelled,In-Store,10.44,7,Acceptable,Middle East,Qatar
ORD-04409,CUST-0043,2021-10-17,Refunded,In-Store,11.42,21,Acceptable,Middle East,UAE
ORD-04410,CUST-0328,2023-11-25,Refunded,Marketplace,41.31,22,Acceptable,Middle East,UAE
ORD-04411,CUST-0273,2020-01-08,Completed,Unknown,10.46,9,Acceptable,Latin America,Brazil
ORD-04412,CUST-0003,2023-01-22,Completed,In-Store,17.17,14,Acceptable,Latin America,Colombia
ORD-04413,CUST-0409,2022-10-31,Completed,Unknown,0.89,28,Acceptable,North America,United States
ORD-04414,CUST-0234,2021-09-27,Refunded,Partner Portal,26.77,7,Acceptable,Europe,Germany
ORD-04415,CUST-0059,2024-04-09,Cancelled,Website,17.73,5,Acceptable,North America,Mexico
ORD-04416,CUST-0410,2020-03-08,Completed,Partner Portal,1.65,5,Acceptable,Latin America,Brazil
ORD-04417,CUST-0055,2024-06-23,Completed,Unknown,40.64,14,Acceptable,North America,Canada
ORD-04418,CUST-0182,2020-08-22,Pending,In-Store,40.59,35,Acceptable,Latin America,Colombia
ORD-04419,CUST-0153,2022-06-11,Refunded,Partner Portal,6.07,3,Acceptable,North America,United States
ORD-04420,CUST-0239,2022-05-07,Refunded,Marketplace,18.54,0,Acceptable,Africa,Kenya
ORD-04421,CUST-0244,2023-02-23,Refunded,Mobile App,30.37,7,Acceptable,North America,Mexico
ORD-04422,CUST-0465,2022-08-05,Pending,Mobile App,16.01,32,Acceptable,Asia Pacific,India
ORD-04423,CUST-0234,2024-06-08,Completed,Partner Portal,37.78,2,Acceptable,Europe,Germany
ORD-04424,CUST-0258,2024-08-12,Completed,Marketplace,43.77,24,Acceptable,Asia Pacific,Singapore
ORD-04425,CUST-0167,2024-11-02,Cancelled,Phone,6.94,24,Acceptable,North America,United States
ORD-04426,CUST-0433,2024-03-10,Completed,Website,3.01,32,Acceptable,Latin America,Argentina
ORD-04427,CUST-0258,2024-04-09,Pending,Website,37.46,23,Acceptable,Asia Pacific,Singapore
ORD-04428,CUST-0105,2021-10-24,Completed,Phone,28.77,1,Acceptable,North America,Canada
ORD-04429,CUST-0383,2020-12-02,Completed,Website,8.96,25,Acceptable,Africa,Ghana
ORD-04430,CUST-0442,2022-12-18,Completed,Marketplace,26.28,33,Acceptable,North America,United States
ORD-04431,CUST-0266,2023-12-30,Completed,Marketplace,13.85,22,Acceptable,Asia Pacific,Japan
ORD-04432,CUST-0401,2022-03-24,Refunded,Partner Portal,41.61,23,Acceptable,Middle East,Qatar
ORD-04433,CUST-0372,2024-10-15,Cancelled,Marketplace,20.46,34,Acceptable,Latin America,Chile
ORD-04434,CUST-0167,2020-07-06,Completed,Website,34.22,17,Acceptable,North America,United States
ORD-04435,CUST-0084,2024-08-30,Cancelled,Phone,4.97,18,Acceptable,North America,United States
ORD-04436,CUST-0432,2022-10-16,Completed,Mobile App,40.53,10,Acceptable,North America,United States
ORD-04437,CUST-0099,2023-05-06,Cancelled,In-Store,18.05,20,Acceptable,Latin America,Chile
ORD-04438,CUST-0393,2024-01-18,Completed,Phone,18.40,29,Acceptable,Middle East,UAE
ORD-04439,CUST-0243,2021-12-26,Completed,Unknown,19.99,34,Acceptable,Europe,Netherlands
ORD-04440,CUST-0220,2022-06-07,Cancelled,Website,34.63,0,Acceptable,North America,United States
ORD-04441,CUST-0316,2022-06-13,Completed,Mobile App,7.42,20,Acceptable,Africa,Kenya
ORD-04442,CUST-0358,2022-05-03,Cancelled,Mobile App,24.26,32,Acceptable,Asia Pacific,India
ORD-04443,CUST-0386,2022-07-18,Completed,Unknown,8.87,4,Acceptable,Latin America,Chile
ORD-04444,CUST-0396,2022-02-27,Pending,Mobile App,31.27,35,Acceptable,Asia Pacific,India
ORD-04445,CUST-0258,2022-11-13,Completed,Marketplace,37.13,20,Acceptable,Asia Pacific,Singapore
ORD-04446,CUST-0321,2024-10-10,Completed,Phone,13.33,19,Acceptable,Europe,United Kingdom
ORD-04447,CUST-0379,2021-03-29,Refunded,Website,8.06,32,Acceptable,Europe,United Kingdom
ORD-04448,CUST-0418,2024-04-25,Completed,Mobile App,7.58,29,Acceptable,Asia Pacific,Singapore
ORD-04449,CUST-0335,2022-10-20,Cancelled,Mobile App,15.55,34,Acceptable,Europe,Germany
ORD-04450,CUST-0425,2020-05-06,Cancelled,Partner Portal,6.26,26,Acceptable,North America,Canada
ORD-04451,CUST-0136,2020-12-13,Pending,In-Store,20.32,28,Acceptable,Europe,Sweden
ORD-04452,CUST-0029,2020-01-12,Completed,Mobile App,33.27,34,Acceptable,Middle East,Saudi Arabia
ORD-04453,CUST-0320,2022-04-22,Completed,Marketplace,17.98,14,Acceptable,Middle East,UAE
ORD-04454,CUST-0077,2024-11-28,Completed,In-Store,9.13,110,Review Recommended,Asia Pacific,Australia
ORD-04455,CUST-0451,2021-06-08,Completed,Phone,31.53,5,Acceptable,Middle East,Qatar
ORD-04456,CUST-0261,2023-06-11,Pending,Partner Portal,15.16,4,Acceptable,Africa,Ghana
ORD-04457,CUST-0107,2021-08-11,Refunded,Partner Portal,36.50,33,Acceptable,Middle East,Saudi Arabia
ORD-04458,CUST-0327,2022-02-07,Refunded,Partner Portal,37.61,7,Acceptable,Middle East,Saudi Arabia
ORD-04459,CUST-0201,2022-12-31,Refunded,Partner Portal,29.30,9,Acceptable,Africa,Nigeria
ORD-04460,CUST-0341,2024-07-24,Pending,Unknown,38.67,35,Acceptable,Middle East,UAE
ORD-04461,CUST-0265,2021-08-09,Pending,In-Store,15.43,25,Acceptable,North America,United States
ORD-04462,CUST-0173,2023-12-05,Completed,Partner Portal,17.81,28,Acceptable,Europe,United Kingdom
ORD-04463,CUST-0395,2021-03-04,Refunded,Marketplace,40.24,19,Acceptable,Middle East,Qatar
ORD-04464,CUST-0301,2023-02-22,Refunded,Unknown,9.43,15,Acceptable,North America,United States
ORD-04465,CUST-0241,2020-10-15,Refunded,Mobile App,32.58,34,Acceptable,Europe,Germany
ORD-04466,CUST-0051,2021-07-16,Completed,Marketplace,21.03,5,Acceptable,Middle East,Qatar
ORD-04467,CUST-0374,2023-02-23,Completed,Mobile App,8.91,27,Acceptable,Europe,France
ORD-04468,CUST-0144,2024-11-15,Refunded,Phone,30.37,11,Acceptable,Asia Pacific,Japan
ORD-04469,CUST-0387,2021-08-13,Refunded,Website,24.39,12,Acceptable,Middle East,Qatar
ORD-04470,CUST-0222,2022-10-24,Completed,Website,27.45,19,Acceptable,Asia Pacific,India
ORD-04471,CUST-0128,2022-05-04,Pending,Marketplace,28.82,22,Acceptable,North America,United States
ORD-04472,CUST-0126,2023-10-11,Pending,In-Store,13.28,14,Acceptable,Latin America,Argentina
ORD-04473,CUST-0283,2020-08-14,Completed,Marketplace,26.81,2,Acceptable,Middle East,Saudi Arabia
ORD-04474,CUST-0274,2020-03-19,Completed,Mobile App,10.94,15,Acceptable,North America,Canada
ORD-04475,CUST-0289,2024-03-12,Completed,Partner Portal,43.45,29,Acceptable,Europe,Netherlands
ORD-04476,CUST-0352,2022-07-27,Completed,In-Store,25.50,12,Acceptable,Europe,France
ORD-04477,CUST-0253,2024-11-01,Completed,Marketplace,16.46,17,Acceptable,Africa,Nigeria
ORD-04478,CUST-0015,2024-11-29,Cancelled,Phone,25.98,10,Acceptable,Africa,Nigeria
ORD-04479,CUST-0208,2021-02-21,Refunded,Marketplace,28.04,1,Acceptable,Europe,Germany
ORD-04480,CUST-0382,2020-08-13,Completed,Website,13.52,15,Acceptable,Latin America,Brazil
ORD-04481,CUST-0363,2024-10-13,Refunded,Mobile App,8.04,25,Acceptable,Africa,Kenya
ORD-04482,CUST-0107,2024-07-08,Completed,Partner Portal,13.44,26,Acceptable,Middle East,Saudi Arabia
ORD-04483,CUST-0015,2023-12-01,Cancelled,Marketplace,2.87,33,Acceptable,Africa,Nigeria
ORD-04484,CUST-0117,2020-05-04,Refunded,In-Store,19.29,23,Acceptable,Europe,Germany
ORD-04485,CUST-0450,2021-11-22,Cancelled,Marketplace,26.15,0,Acceptable,Europe,France
ORD-04486,CUST-0113,2023-10-19,Completed,Marketplace,5.95,126,Review Recommended,North America,United States
ORD-04487,CUST-0367,2023-04-16,Completed,In-Store,29.75,23,Acceptable,Middle East,UAE
ORD-04488,CUST-0378,2024-02-18,Refunded,In-Store,39.82,30,Acceptable,Middle East,Saudi Arabia
ORD-04489,CUST-0287,2024-12-07,Completed,Mobile App,30.93,4,Acceptable,North America,Canada
ORD-04490,CUST-0432,2024-11-13,Completed,Marketplace,24.75,24,Acceptable,North America,United States
ORD-04491,CUST-0405,2021-06-06,Cancelled,Phone,31.87,10,Acceptable,Asia Pacific,Japan
ORD-04492,CUST-0372,2022-03-30,Cancelled,Website,31.96,6,Acceptable,Latin America,Chile
ORD-04493,CUST-0105,2020-07-28,Completed,In-Store,26.75,20,Acceptable,North America,Canada
ORD-04494,CUST-0320,2023-11-30,Refunded,Mobile App,11.66,2,Acceptable,Middle East,UAE
ORD-04495,CUST-0079,2024-09-17,Completed,Phone,27.43,33,Acceptable,Africa,South Africa
ORD-04496,CUST-0422,2022-08-06,Cancelled,Marketplace,8.10,2,Acceptable,North America,Canada
ORD-04497,CUST-0015,2022-01-29,Completed,Website,11.08,23,Acceptable,Africa,Nigeria
ORD-04498,CUST-0297,2021-03-03,Refunded,In-Store,33.51,15,Acceptable,Middle East,Qatar
ORD-04499,CUST-0206,2020-03-04,Cancelled,In-Store,2.45,134,Review Recommended,Europe,Netherlands
ORD-04500,CUST-0461,2022-06-07,Completed,Unknown,22.32,34,Acceptable,Middle East,Qatar
ORD-04501,CUST-0084,2023-11-22,Completed,Partner Portal,2.38,7,Acceptable,North America,United States
ORD-04502,CUST-0291,2024-04-09,Pending,In-Store,11.77,25,Acceptable,Middle East,UAE
ORD-04503,CUST-0284,2023-07-27,Pending,Website,37.47,17,Acceptable,North America,United States
ORD-04504,CUST-0181,2021-12-20,Completed,Unknown,38.20,0,Acceptable,North America,Mexico
ORD-04505,CUST-0016,2022-02-15,Completed,In-Store,27.80,29,Acceptable,North America,Mexico
ORD-04506,CUST-0307,2023-03-03,Refunded,Partner Portal,12.52,13,Acceptable,North America,Canada
ORD-04507,CUST-0282,2021-06-17,Completed,Website,20.01,15,Acceptable,Latin America,Argentina
ORD-04508,CUST-0444,2024-03-22,Pending,Website,23.64,3,Acceptable,Asia Pacific,Singapore
ORD-04509,CUST-0349,2020-06-09,Cancelled,Mobile App,25.14,17,Acceptable,Asia Pacific,South Korea
ORD-04510,CUST-0361,2021-09-11,Completed,Partner Portal,36.40,8,Acceptable,Latin America,Brazil
ORD-04511,CUST-0206,2020-07-20,Completed,Mobile App,24.61,3,Acceptable,Europe,Netherlands
ORD-04512,CUST-0166,2024-08-11,Pending,In-Store,15.03,27,Acceptable,Latin America,Argentina
ORD-04513,CUST-0152,2023-11-08,Refunded,In-Store,36.47,8,Acceptable,Middle East,Saudi Arabia
ORD-04514,CUST-0068,2022-03-24,Completed,Partner Portal,26.47,25,Acceptable,Europe,Sweden
ORD-04515,CUST-0031,2021-11-23,Completed,Unknown,27.68,18,Acceptable,NA Region,Mexico
ORD-04516,CUST-0180,2024-09-08,Refunded,Phone,13.57,23,Acceptable,North America,Mexico
ORD-04517,CUST-0382,2023-12-14,Completed,In-Store,39.45,34,Acceptable,Latin America,Brazil
ORD-04518,CUST-0352,2024-04-21,Refunded,Marketplace,33.71,1,Acceptable,Europe,France
ORD-04519,CUST-0056,2023-02-06,Refunded,Marketplace,22.36,137,Review Recommended,Asia Pacific,Singapore
ORD-04520,CUST-0258,2024-06-21,Completed,Phone,5.63,2,Acceptable,Asia Pacific,Singapore
ORD-04521,CUST-0168,2023-11-22,Refunded,Website,35.97,3,Acceptable,North America,Canada
ORD-04522,CUST-0003,2022-09-12,Completed,In-Store,9.08,9,Acceptable,Latin America,Colombia
ORD-04523,CUST-0329,2024-01-08,Refunded,In-Store,4.29,18,Acceptable,Latin America,Colombia
ORD-04524,CUST-0343,2022-04-19,Completed,Mobile App,17.27,21,Acceptable,Europe,France
ORD-04525,CUST-0062,2022-09-07,Cancelled,Phone,19.63,21,Acceptable,North America,Mexico
ORD-04526,CUST-0184,2022-12-16,Pending,Phone,40.06,14,Acceptable,Africa,South Africa
ORD-04527,CUST-0117,2020-07-31,Completed,Phone,35.57,4,Acceptable,Europe,Germany
ORD-04528,CUST-0142,2022-01-18,Pending,Mobile App,4.98,20,Acceptable,Asia Pacific,Singapore
ORD-04529,CUST-0042,2022-03-24,Cancelled,Marketplace,31.10,11,Acceptable,Africa,Kenya
ORD-04530,CUST-0097,2024-09-21,Pending,Phone,39.91,3,Acceptable,Europe,Netherlands
ORD-04531,CUST-0329,2023-12-25,Completed,Website,13.10,15,Acceptable,Latin America,Colombia
ORD-04532,CUST-0002,2024-05-19,Cancelled,Website,9.09,12,Acceptable,Middle East,Qatar
ORD-04533,CUST-0433,2024-09-18,Cancelled,Mobile App,29.42,35,Acceptable,Latin America,Argentina
ORD-04534,CUST-0129,2020-05-29,Refunded,Mobile App,15.80,19,Acceptable,North America,Mexico
ORD-04535,CUST-0086,2024-11-23,Pending,Website,39.48,7,Acceptable,Europe,Spain
ORD-04536,CUST-0314,2021-08-06,Cancelled,Mobile App,6.46,31,Acceptable,North America,United States
ORD-04537,CUST-0203,2020-07-30,Refunded,Website,27.35,27,Acceptable,North America,Mexico
ORD-04538,CUST-0051,2024-02-26,Refunded,Partner Portal,9.70,19,Acceptable,Middle East,Qatar
ORD-04539,CUST-0396,2021-05-25,Pending,Website,1.98,35,Acceptable,Asia Pacific,India
ORD-04540,CUST-0171,2020-10-04,Completed,Mobile App,16.18,31,Acceptable,Europe,Netherlands
ORD-04541,CUST-0057,2021-07-08,Completed,Phone,30.61,20,Acceptable,Africa,Ghana
ORD-04542,CUST-0168,2022-06-20,Pending,Unknown,5.24,18,Acceptable,North America,Canada
ORD-04543,CUST-0351,2021-06-16,Completed,Website,31.80,130,Review Recommended,Europe,Spain
ORD-04544,CUST-0046,2023-01-09,Refunded,Partner Portal,27.73,8,Acceptable,Asia Pacific,Japan
ORD-04545,CUST-0072,2021-12-09,Pending,Mobile App,5.88,12,Acceptable,Latin America,Colombia
ORD-04546,CUST-0293,2021-02-14,Refunded,Partner Portal,25.04,148,Review Recommended,Europe,Spain
ORD-04547,CUST-0057,2021-09-29,Completed,Website,37.99,4,Acceptable,Africa,Ghana
ORD-04548,CUST-0257,2020-05-21,Refunded,Phone,33.06,25,Acceptable,Europe,France
ORD-04549,CUST-0270,2020-05-06,Pending,In-Store,12.56,2,Acceptable,Middle East,Qatar
ORD-04550,CUST-0131,2021-02-15,Refunded,Partner Portal,13.86,21,Acceptable,North America,Canada
ORD-04551,CUST-0270,2021-02-02,Completed,In-Store,14.49,8,Acceptable,Middle East,Qatar
ORD-04552,CUST-0262,2023-01-22,Cancelled,Partner Portal,12.30,15,Acceptable,North America,Canada
ORD-04553,CUST-0233,2021-05-16,Completed,Marketplace,20.03,13,Acceptable,Europe,Germany
ORD-04554,CUST-0032,2021-03-27,Completed,Phone,27.25,14,Acceptable,Europe,Netherlands
ORD-04555,CUST-0471,2021-08-05,Refunded,Website,18.56,24,Acceptable,Latin America,Brazil
ORD-04556,CUST-0213,2022-11-10,Completed,Partner Portal,15.83,9,Acceptable,Middle East,Qatar
ORD-04557,CUST-0281,2024-12-11,Completed,In-Store,22.65,24,Acceptable,Latin America,Colombia
ORD-04558,CUST-0182,2023-08-23,Pending,Marketplace,15.30,10,Acceptable,Latin America,Colombia
ORD-04559,CUST-0002,2020-12-03,Completed,Phone,30.12,14,Acceptable,Middle East,Qatar
ORD-04560,CUST-0101,2021-07-01,Pending,Mobile App,1.66,30,Acceptable,Middle East,Qatar
ORD-04561,CUST-0045,2024-06-11,Completed,Phone,18.46,7,Acceptable,Latin America,Colombia
ORD-04562,CUST-0371,2023-12-03,Completed,Website,36.08,14,Acceptable,North America,United States
ORD-04563,CUST-0414,2020-03-29,Completed,Marketplace,28.14,24,Acceptable,North America,Canada
ORD-04564,CUST-0435,2021-05-03,Cancelled,Website,42.06,20,Acceptable,Asia Pacific,India
ORD-04565,CUST-0123,2020-03-30,Cancelled,Website,16.09,23,Acceptable,Asia Pacific,Singapore
ORD-04566,CUST-0397,2022-01-07,Completed,Partner Portal,12.38,3,Acceptable,Latin America,Argentina
ORD-04567,CUST-0156,2021-07-22,Pending,Website,2.09,20,Acceptable,Africa,Nigeria
ORD-04568,CUST-0256,2020-07-26,Refunded,Website,36.54,7,Acceptable,Europe,Netherlands
ORD-04569,CUST-0302,2022-04-09,Cancelled,Website,22.40,29,Acceptable,Asia Pacific,Australia
ORD-04570,CUST-0191,2024-10-26,Completed,Website,27.92,3,Acceptable,North America,Canada
ORD-04571,CUST-0154,2024-03-21,Completed,Partner Portal,8.66,9,Acceptable,Africa,Nigeria
ORD-04572,CUST-0001,2024-02-07,Completed,In-Store,9.21,31,Acceptable,Latin America,Argentina
ORD-04573,CUST-0091,2023-09-25,Cancelled,Partner Portal,18.30,1,Acceptable,Africa,Ghana
ORD-04574,CUST-0129,2022-12-27,Completed,Mobile App,7.04,2,Acceptable,North America,Mexico
ORD-04575,CUST-0385,2023-07-21,Cancelled,Partner Portal,21.43,12,Acceptable,Middle East,Saudi Arabia
ORD-04576,CUST-0361,2020-09-28,Completed,Mobile App,1.84,32,Acceptable,Latin America,Brazil
ORD-04577,CUST-0261,2023-12-12,Completed,Website,27.22,33,Acceptable,Africa,Ghana
ORD-04578,CUST-0092,2020-01-02,Pending,Marketplace,19.53,5,Acceptable,Latin America,Brazil
ORD-04579,CUST-0191,2022-04-12,Refunded,Unknown,11.00,19,Acceptable,North America,Canada
ORD-04580,CUST-0302,2023-01-08,Refunded,Marketplace,34.95,1,Acceptable,Asia Pacific,Australia
ORD-04581,CUST-0213,2020-05-18,Completed,Mobile App,18.15,8,Acceptable,Middle East,Qatar
ORD-04582,CUST-0339,2021-09-08,Refunded,In-Store,3.21,24,Acceptable,Africa,South Africa
ORD-04583,CUST-0274,2022-05-30,Pending,Website,26.63,15,Acceptable,NA Region,Canada
ORD-04584,CUST-0306,2023-06-18,Completed,In-Store,32.98,12,Acceptable,Europe,Spain
ORD-04585,CUST-0085,2023-03-24,Completed,Website,42.15,3,Acceptable,Middle East,UAE
ORD-04586,CUST-0144,2022-06-14,Refunded,Marketplace,28.39,8,Acceptable,Asia Pacific,Japan
ORD-04587,CUST-0161,2022-04-02,Completed,In-Store,9.00,22,Acceptable,NA Region,Mexico
ORD-04588,CUST-0015,2021-06-08,Completed,Website,22.91,32,Acceptable,Africa,Nigeria
ORD-04589,CUST-0372,2024-03-07,Cancelled,Phone,41.37,27,Acceptable,Latin America,Chile
ORD-04590,CUST-0361,2020-09-15,Pending,Partner Portal,5.18,23,Acceptable,Latin America,Brazil
ORD-04591,CUST-0204,2022-07-31,Completed,Website,28.58,13,Acceptable,Africa,South Africa
ORD-04592,CUST-0181,2020-04-03,Completed,Unknown,15.68,20,Acceptable,North America,Mexico
ORD-04593,CUST-0234,2024-07-16,Cancelled,Partner Portal,4.31,5,Acceptable,Europe,Germany
ORD-04594,CUST-0051,2021-04-05,Completed,Partner Portal,27.18,25,Acceptable,Middle East,Qatar
ORD-04595,CUST-0054,2023-05-23,Cancelled,Website,23.23,32,Acceptable,Africa,Ghana
ORD-04596,CUST-0003,2024-02-15,Cancelled,Website,18.68,17,Acceptable,Latin America,Colombia
ORD-04597,CUST-0216,2023-09-30,Completed,In-Store,30.64,33,Acceptable,Africa,Kenya
ORD-04598,CUST-0126,2020-08-07,Refunded,Website,37.24,22,Acceptable,Latin America,Argentina
ORD-04599,CUST-0465,2024-07-19,Completed,In-Store,44.90,11,Acceptable,Asia Pacific,India
ORD-04600,CUST-0430,2022-11-12,Refunded,Phone,0.20,5,Acceptable,Middle East,Saudi Arabia
ORD-04601,CUST-0136,2021-03-24,Completed,Unknown,14.63,3,Acceptable,Europe,Sweden
ORD-04602,CUST-0073,2020-12-02,Completed,Phone,5.30,16,Acceptable,Latin America,Argentina
ORD-04603,CUST-0182,2021-12-23,Cancelled,Website,23.73,32,Acceptable,Latin America,Colombia
ORD-04604,CUST-0045,2022-02-23,Completed,Marketplace,23.64,10,Acceptable,Latin America,Colombia
ORD-04605,CUST-0144,2021-06-13,Completed,Partner Portal,20.19,14,Acceptable,Asia Pacific,Japan
ORD-04606,CUST-0039,2022-07-04,Completed,Website,7.17,2,Acceptable,North America,Mexico
ORD-04607,CUST-0341,2023-07-08,Pending,In-Store,13.24,14,Acceptable,Middle East,UAE
ORD-04608,CUST-0180,2021-07-29,Completed,Website,44.89,31,Acceptable,North America,Mexico
ORD-04609,CUST-0279,2023-01-29,Completed,In-Store,29.50,27,Acceptable,Latin America,Chile
ORD-04610,CUST-0403,2023-06-08,Completed,In-Store,29.63,20,Acceptable,Africa,Kenya
ORD-04611,CUST-0418,2022-12-14,Completed,Unknown,42.67,6,Acceptable,Asia Pacific,Singapore
ORD-04612,CUST-0080,2023-09-22,Cancelled,Website,1.65,25,Acceptable,Europe,United Kingdom
ORD-04613,CUST-0356,2023-05-16,Completed,Marketplace,20.91,16,Acceptable,Europe,Sweden
ORD-04614,CUST-0277,2022-03-12,Completed,Phone,31.54,17,Acceptable,Middle East,Saudi Arabia
ORD-04615,CUST-0093,2024-05-15,Completed,Mobile App,4.37,30,Acceptable,North America,Canada
ORD-04616,CUST-0278,2020-04-27,Completed,In-Store,1.65,27,Acceptable,North America,United States
ORD-04617,CUST-0177,2023-09-25,Completed,Marketplace,22.72,8,Acceptable,Asia Pacific,India
ORD-04618,CUST-0191,2021-11-25,Refunded,Marketplace,33.38,12,Acceptable,North America,Canada
ORD-04619,CUST-0098,2020-12-30,Pending,Marketplace,20.50,25,Acceptable,Middle East,UAE
ORD-04620,CUST-0294,2023-07-14,Pending,Phone,34.65,22,Acceptable,Africa,Nigeria
ORD-04621,CUST-0245,2022-12-01,Pending,Phone,4.89,15,Acceptable,Europe,Sweden
ORD-04622,CUST-0393,2024-07-28,Cancelled,Website,12.70,23,Acceptable,Middle East,UAE
ORD-04623,CUST-0387,2020-07-01,Completed,In-Store,9.56,14,Acceptable,Middle East,Qatar
ORD-04624,CUST-0082,2021-07-16,Completed,Mobile App,13.14,19,Acceptable,Africa,South Africa
ORD-04625,CUST-0361,2024-06-15,Completed,Marketplace,16.54,6,Acceptable,Latin America,Brazil
ORD-04626,CUST-0301,2021-08-20,Cancelled,Marketplace,20.28,9,Acceptable,North America,United States
ORD-04627,CUST-0203,2021-03-09,Completed,Partner Portal,6.14,12,Acceptable,North America,Mexico
ORD-04628,CUST-0356,2022-04-05,Completed,Website,2.33,5,Acceptable,Europe,Sweden
ORD-04629,CUST-0284,2023-09-13,Completed,In-Store,32.70,2,Acceptable,North America,United States
ORD-04630,CUST-0239,2023-05-08,Completed,Phone,34.46,17,Acceptable,Africa,Kenya
ORD-04631,CUST-0214,2024-08-28,Refunded,In-Store,6.97,9,Acceptable,Middle East,UAE
ORD-04632,CUST-0094,2022-11-01,Refunded,Mobile App,7.16,120,Review Recommended,Europe,Germany
ORD-04633,CUST-0323,2020-04-29,Refunded,Unknown,29.45,24,Acceptable,Europe,Spain
ORD-04634,CUST-0355,2021-02-06,Completed,Partner Portal,36.23,10,Acceptable,Africa,Ghana
ORD-04635,CUST-0362,2023-10-02,Completed,Mobile App,0.67,26,Acceptable,Asia Pacific,India
ORD-04636,CUST-0031,2020-03-10,Pending,Mobile App,3.47,20,Acceptable,North America,Mexico
ORD-04637,CUST-0461,2023-01-24,Completed,Phone,41.40,17,Acceptable,Middle East,Qatar
ORD-04638,CUST-0075,2022-10-18,Pending,Phone,34.58,26,Acceptable,Africa,South Africa
ORD-04639,CUST-0278,2023-12-09,Completed,Website,11.89,9,Acceptable,North America,United States
ORD-04640,CUST-0197,2020-11-03,Refunded,Marketplace,23.79,3,Acceptable,Latin America,Colombia
ORD-04641,CUST-0340,2021-02-11,Completed,Marketplace,44.03,22,Acceptable,Africa,Ghana
ORD-04642,CUST-0075,2022-11-30,Cancelled,Mobile App,42.84,22,Acceptable,Africa,South Africa
ORD-04643,CUST-0316,2020-05-06,Pending,Partner Portal,19.09,32,Acceptable,Africa,Kenya
ORD-04644,CUST-0156,2024-11-28,Completed,Website,2.09,20,Acceptable,Africa,Nigeria
ORD-04645,CUST-0415,2022-03-05,Completed,Phone,36.18,7,Acceptable,Asia Pacific,South Korea
ORD-04646,CUST-0417,2020-02-19,Refunded,Website,34.10,21,Acceptable,Middle East,UAE
ORD-04647,CUST-0155,2022-11-15,Cancelled,Partner Portal,32.50,7,Acceptable,North America,Mexico
ORD-04648,CUST-0341,2022-09-12,Refunded,Phone,38.84,10,Acceptable,Middle East,UAE
ORD-04649,CUST-0404,2023-11-25,Completed,Website,7.85,15,Acceptable,Latin America,Colombia
ORD-04650,CUST-0226,2024-10-10,Pending,Phone,3.02,25,Acceptable,Africa,Nigeria
ORD-04651,CUST-0259,2023-08-29,Refunded,Partner Portal,12.47,9,Acceptable,North America,Mexico
ORD-04652,CUST-0005,2024-12-24,Cancelled,Marketplace,13.06,2,Acceptable,Africa,South Africa
ORD-04653,CUST-0304,2023-11-13,Cancelled,Phone,16.07,23,Acceptable,North America,Mexico
ORD-04654,CUST-0405,2021-10-18,Pending,In-Store,37.90,28,Acceptable,Asia Pacific,Japan
ORD-04655,CUST-0123,2022-06-07,Completed,Phone,9.27,32,Acceptable,Asia Pacific,Singapore
ORD-04656,CUST-0116,2020-03-25,Pending,In-Store,43.31,33,Acceptable,Latin America,Chile
ORD-04657,CUST-0148,2020-02-13,Completed,Mobile App,3.12,9,Acceptable,Middle East,UAE
ORD-04658,CUST-0170,2022-03-25,Pending,In-Store,16.78,26,Acceptable,North America,Mexico
ORD-04659,CUST-0071,2023-12-24,Cancelled,In-Store,8.08,15,Acceptable,Latin America,Argentina
ORD-04660,CUST-0436,2021-05-12,Completed,Partner Portal,12.63,32,Acceptable,Middle East,Qatar
ORD-04661,CUST-0417,2023-07-03,Completed,Marketplace,32.67,28,Acceptable,Middle East,UAE
ORD-04662,CUST-0004,2024-03-21,Cancelled,In-Store,41.44,35,Acceptable,Latin America,Colombia
ORD-04663,CUST-0207,2024-10-15,Completed,Partner Portal,0.17,15,Acceptable,Europe,United Kingdom
ORD-04664,CUST-0456,2023-08-19,Completed,Phone,26.88,30,Acceptable,Europe,Sweden
ORD-04665,CUST-0464,2023-05-02,Completed,Unknown,25.18,17,Acceptable,Europe,Netherlands
ORD-04666,CUST-0366,2021-12-11,Refunded,Partner Portal,43.59,19,Acceptable,Europe,Spain
ORD-04667,CUST-0001,2022-10-24,Completed,Phone,39.24,22,Acceptable,Latin America,Argentina
ORD-04668,CUST-0181,2022-02-19,Pending,Mobile App,38.08,9,Acceptable,North America,Mexico
ORD-04669,CUST-0209,2023-01-24,Pending,Marketplace,39.01,13,Acceptable,Europe,France
ORD-04670,CUST-0316,2024-04-26,Pending,Mobile App,20.81,23,Acceptable,Africa,Kenya
ORD-04671,CUST-0012,2022-12-22,Cancelled,Website,40.48,12,Acceptable,Europe,Netherlands
ORD-04672,CUST-0170,2020-07-30,Completed,Unknown,20.87,0,Acceptable,North America,Mexico
ORD-04673,CUST-0145,2021-08-14,Pending,In-Store,24.34,34,Acceptable,Europe,Germany
ORD-04674,CUST-0177,2021-04-23,Pending,In-Store,28.25,28,Acceptable,Asia Pacific,India
ORD-04675,CUST-0033,2022-06-21,Completed,Phone,10.37,11,Acceptable,Middle East,Qatar
ORD-04676,CUST-0403,2022-07-03,Completed,Partner Portal,37.49,28,Acceptable,Africa,Kenya
ORD-04677,CUST-0362,2024-10-22,Refunded,Partner Portal,24.93,27,Acceptable,Asia Pacific,India
ORD-04678,CUST-0271,2020-11-29,Completed,Marketplace,22.38,19,Acceptable,Latin America,Chile
ORD-04679,CUST-0322,2021-08-25,Pending,In-Store,31.27,134,Review Recommended,Africa,Ghana
ORD-04680,CUST-0397,2024-06-05,Completed,Partner Portal,5.06,15,Acceptable,Latin America,Argentina
ORD-04681,CUST-0367,2024-12-02,Completed,Mobile App,33.50,26,Acceptable,Middle East,UAE
ORD-04682,CUST-0424,2021-12-30,Completed,Website,38.57,26,Acceptable,Latin America,Chile
ORD-04683,CUST-0327,2020-11-20,Completed,Website,42.89,31,Acceptable,Middle East,Saudi Arabia
ORD-04684,CUST-0093,2023-03-04,Pending,Partner Portal,17.14,137,Review Recommended,North America,Canada
ORD-04685,CUST-0366,2021-09-17,Cancelled,Partner Portal,0.84,23,Acceptable,Europe,Spain
ORD-04686,CUST-0308,2021-02-28,Completed,Phone,25.73,34,Acceptable,Europe,Sweden
ORD-04687,CUST-0247,2022-04-27,Completed,Marketplace,19.20,32,Acceptable,Middle East,UAE
ORD-04688,CUST-0168,2023-07-28,Refunded,In-Store,19.43,16,Acceptable,North America,Canada
ORD-04689,CUST-0236,2024-01-14,Completed,Website,5.04,30,Acceptable,Middle East,Qatar
ORD-04690,CUST-0334,2024-11-14,Cancelled,In-Store,16.74,28,Acceptable,Asia Pacific,South Korea
ORD-04691,CUST-0077,2024-08-29,Refunded,In-Store,27.50,33,Acceptable,Asia Pacific,Australia
ORD-04692,CUST-0245,2022-05-03,Completed,In-Store,3.27,24,Acceptable,Europe,Sweden
ORD-04693,CUST-0214,2020-01-01,Completed,Unknown,6.42,33,Acceptable,Middle East,UAE
ORD-04694,CUST-0348,2020-02-19,Completed,Partner Portal,44.88,8,Acceptable,Middle East,UAE
ORD-04695,CUST-0092,2023-03-17,Pending,Phone,11.47,2,Acceptable,Latin America,Brazil
ORD-04696,CUST-0312,2022-04-02,Pending,In-Store,5.99,6,Acceptable,Europe,Spain
ORD-04697,CUST-0015,2024-02-26,Refunded,Unknown,43.62,24,Acceptable,Africa,Nigeria
ORD-04698,CUST-0210,2020-08-09,Cancelled,Unknown,19.46,14,Acceptable,Europe,Germany
ORD-04699,CUST-0323,2024-09-29,Pending,Phone,12.36,33,Acceptable,Europe,Spain
ORD-04700,CUST-0003,2024-07-15,Cancelled,Partner Portal,35.81,27,Acceptable,Latin America,Colombia
ORD-04701,CUST-0397,2023-09-14,Completed,Partner Portal,0.97,17,Acceptable,Latin America,Argentina
ORD-04702,CUST-0250,2021-10-08,Completed,Marketplace,17.73,23,Acceptable,Europe,Sweden
ORD-04703,CUST-0376,2021-05-22,Completed,Partner Portal,11.25,7,Acceptable,Latin America,Brazil
ORD-04704,CUST-0426,2021-10-13,Completed,Website,7.14,29,Acceptable,Africa,Ghana
ORD-04705,CUST-0155,2020-02-19,Cancelled,Marketplace,12.99,114,Review Recommended,NA Region,Mexico
ORD-04706,CUST-0420,2023-05-07,Completed,Website,38.00,12,Acceptable,Europe,France
ORD-04707,CUST-0331,2021-12-17,Completed,Website,38.27,10,Acceptable,Africa,Kenya
ORD-04708,CUST-0058,2020-11-07,Completed,Partner Portal,29.98,14,Acceptable,Asia Pacific,South Korea
ORD-04709,CUST-0038,2023-10-07,Completed,Website,6.79,15,Acceptable,Africa,South Africa
ORD-04710,CUST-0242,2020-09-16,Pending,In-Store,39.07,26,Acceptable,Asia Pacific,India
ORD-04711,CUST-0447,2020-03-12,Refunded,Mobile App,43.14,117,Review Recommended,Middle East,UAE
ORD-04712,CUST-0266,2020-11-03,Completed,Mobile App,26.38,33,Acceptable,Asia Pacific,Japan
ORD-04713,CUST-0457,2022-07-21,Completed,Marketplace,26.30,18,Acceptable,North America,Mexico
ORD-04714,CUST-0375,2024-06-25,Completed,Phone,24.23,23,Acceptable,North America,United States
ORD-04715,CUST-0184,2023-03-16,Pending,In-Store,34.50,27,Acceptable,Africa,South Africa
ORD-04716,CUST-0427,2020-12-29,Completed,Phone,21.75,24,Acceptable,Europe,United Kingdom
ORD-04717,CUST-0147,2022-10-06,Pending,Mobile App,26.15,26,Acceptable,Latin America,Brazil
ORD-04718,CUST-0437,2022-12-07,Refunded,In-Store,15.13,14,Acceptable,North America,Canada
ORD-04719,CUST-0212,2024-10-27,Completed,Website,32.87,4,Acceptable,Middle East,Saudi Arabia
ORD-04720,CUST-0183,2023-10-01,Refunded,Phone,12.17,2,Acceptable,Latin America,Chile
ORD-04721,CUST-0370,2024-06-29,Completed,Marketplace,30.60,6,Acceptable,North America,United States
ORD-04722,CUST-0213,2022-07-21,Pending,Marketplace,33.27,28,Acceptable,Middle East,Qatar
ORD-04723,CUST-0257,2020-08-27,Refunded,Mobile App,6.98,8,Acceptable,Europe,France
ORD-04724,CUST-0083,2023-01-03,Completed,Unknown,29.58,8,Acceptable,Latin America,Argentina
ORD-04725,CUST-0465,2023-02-06,Completed,Phone,36.74,27,Acceptable,Asia Pacific,India
ORD-04726,CUST-0173,2020-04-13,Completed,Phone,12.03,2,Acceptable,Europe,United Kingdom
ORD-04727,CUST-0189,2020-08-05,Completed,Partner Portal,31.64,32,Acceptable,Africa,Nigeria
ORD-04728,CUST-0356,2023-02-03,Cancelled,In-Store,40.48,3,Acceptable,Europe,Sweden
ORD-04729,CUST-0338,2023-12-11,Cancelled,Website,15.75,35,Acceptable,Europe,Sweden
ORD-04730,CUST-0208,2024-09-01,Refunded,Marketplace,18.11,28,Acceptable,Europe,Germany
ORD-04731,CUST-0396,2020-09-30,Completed,In-Store,29.89,17,Acceptable,Asia Pacific,India
ORD-04732,CUST-0050,2021-08-06,Cancelled,Phone,2.42,23,Acceptable,Latin America,Chile
ORD-04733,CUST-0161,2024-07-02,Pending,Website,25.73,15,Acceptable,NA Region,Mexico
ORD-04734,CUST-0025,2022-05-03,Completed,In-Store,9.06,6,Acceptable,Europe,Sweden
ORD-04735,CUST-0344,2023-04-20,Completed,Partner Portal,22.19,13,Acceptable,Africa,Nigeria
ORD-04736,CUST-0276,2024-10-31,Completed,Partner Portal,31.53,14,Acceptable,Asia Pacific,India
ORD-04737,CUST-0413,2020-06-22,Cancelled,Phone,33.13,4,Acceptable,Europe,Germany
ORD-04738,CUST-0120,2024-11-11,Pending,In-Store,26.03,34,Acceptable,Middle East,Saudi Arabia
ORD-04739,CUST-0225,2022-07-28,Completed,Website,4.61,16,Acceptable,North America,Canada
ORD-04740,CUST-0399,2022-01-18,Completed,Marketplace,11.39,4,Acceptable,Latin America,Chile
ORD-04741,CUST-0372,2023-08-20,Pending,Phone,22.91,33,Acceptable,Latin America,Chile
ORD-04742,CUST-0208,2022-05-18,Pending,Mobile App,31.13,10,Acceptable,Europe,Germany
ORD-04743,CUST-0280,2020-02-01,Refunded,In-Store,31.39,4,Acceptable,Latin America,Colombia
ORD-04744,CUST-0401,2024-03-16,Refunded,Mobile App,29.82,20,Acceptable,Middle East,Qatar
ORD-04745,CUST-0093,2022-08-12,Refunded,Partner Portal,16.45,1,Acceptable,North America,Canada
ORD-04746,CUST-0342,2024-10-03,Refunded,Partner Portal,40.63,26,Acceptable,Africa,South Africa
ORD-04747,CUST-0298,2021-07-23,Completed,Phone,24.97,3,Acceptable,Africa,South Africa
ORD-04748,CUST-0469,2024-09-19,Completed,In-Store,14.97,22,Acceptable,Africa,Nigeria
ORD-04749,CUST-0013,2020-07-26,Completed,Phone,1.12,7,Acceptable,Latin America,Brazil
ORD-04750,CUST-0130,2020-02-28,Completed,Website,35.31,1,Acceptable,Middle East,UAE
ORD-04751,CUST-0419,2024-09-20,Completed,Marketplace,5.04,34,Acceptable,Africa,Ghana
ORD-04752,CUST-0423,2023-04-08,Completed,Unknown,18.13,2,Acceptable,Latin America,Colombia
ORD-04753,CUST-0466,2022-04-21,Completed,In-Store,8.24,35,Acceptable,Europe,Spain
ORD-04754,CUST-0235,2021-08-11,Completed,Marketplace,4.36,0,Acceptable,Middle East,UAE
ORD-04755,CUST-0158,2023-04-07,Pending,Website,15.26,16,Acceptable,Middle East,Saudi Arabia
ORD-04756,CUST-0208,2022-08-27,Cancelled,Marketplace,17.53,0,Acceptable,Europe,Germany
ORD-04757,CUST-0235,2024-10-13,Pending,Mobile App,8.91,35,Acceptable,Middle East,UAE
ORD-04758,CUST-0116,2023-07-04,Cancelled,Mobile App,24.81,10,Acceptable,Latin America,Chile
ORD-04759,CUST-0272,2020-04-25,Refunded,Mobile App,38.77,34,Acceptable,Africa,South Africa
ORD-04760,CUST-0036,2020-10-19,Pending,Website,38.89,20,Acceptable,Latin America,Colombia
ORD-04761,CUST-0069,2020-12-30,Completed,Partner Portal,43.30,12,Acceptable,Latin America,Argentina
ORD-04762,CUST-0134,2021-10-12,Completed,Website,5.30,23,Acceptable,North America,United States
ORD-04763,CUST-0188,2021-03-07,Completed,Website,44.57,24,Acceptable,Africa,South Africa
ORD-04764,CUST-0291,2020-12-22,Completed,Partner Portal,11.57,3,Acceptable,Middle East,UAE
ORD-04765,CUST-0397,2020-01-15,Cancelled,In-Store,4.67,31,Acceptable,Latin America,Argentina
ORD-04766,CUST-0091,2023-07-17,Completed,Mobile App,24.86,25,Acceptable,Africa,Ghana
ORD-04767,CUST-0069,2020-04-03,Cancelled,Phone,41.87,3,Acceptable,Latin America,Argentina
ORD-04768,CUST-0412,2023-06-24,Cancelled,In-Store,44.25,18,Acceptable,Africa,South Africa
ORD-04769,CUST-0213,2022-02-10,Refunded,Marketplace,26.26,20,Acceptable,Middle East,Qatar
ORD-04770,CUST-0348,2023-04-16,Completed,Website,10.46,27,Acceptable,Middle East,UAE
ORD-04771,CUST-0016,2020-07-24,Refunded,Partner Portal,32.20,5,Acceptable,North America,Mexico
ORD-04772,CUST-0302,2023-06-17,Pending,Phone,10.19,17,Acceptable,Asia Pacific,Australia
ORD-04773,CUST-0047,2020-07-27,Completed,Partner Portal,12.61,11,Acceptable,Asia Pacific,India
ORD-04774,CUST-0470,2022-02-04,Cancelled,Partner Portal,33.46,7,Acceptable,Asia Pacific,Japan
ORD-04775,CUST-0299,2021-04-22,Refunded,Mobile App,18.99,33,Acceptable,Latin America,Argentina
ORD-04776,CUST-0139,2024-07-24,Completed,Website,19.91,132,Review Recommended,Europe,Netherlands
ORD-04777,CUST-0201,2024-10-12,Cancelled,Website,12.99,11,Acceptable,Africa,Nigeria
ORD-04778,CUST-0325,2021-01-17,Completed,Mobile App,4.82,21,Acceptable,Latin America,Chile
ORD-04779,CUST-0357,2024-12-29,Completed,Partner Portal,33.33,19,Acceptable,North America,Mexico
ORD-04780,CUST-0339,2024-05-18,Completed,In-Store,35.46,14,Acceptable,Africa,South Africa
ORD-04781,CUST-0408,2023-08-25,Completed,Phone,34.24,35,Acceptable,Latin America,Colombia
ORD-04782,CUST-0053,2024-09-07,Completed,Marketplace,25.13,6,Acceptable,Latin America,Argentina
ORD-04783,CUST-0071,2024-12-06,Completed,In-Store,21.40,111,Review Recommended,Latin America,Argentina
ORD-04784,CUST-0190,2021-08-22,Completed,Mobile App,10.62,20,Acceptable,Africa,South Africa
ORD-04785,CUST-0437,2021-06-03,Refunded,In-Store,22.57,8,Acceptable,North America,Canada
ORD-04786,CUST-0404,2024-10-05,Refunded,Mobile App,28.52,27,Acceptable,Latin America,Colombia
ORD-04787,CUST-0207,2022-02-04,Pending,Partner Portal,4.83,31,Acceptable,Europe,United Kingdom
ORD-04788,CUST-0435,2023-01-29,Completed,In-Store,7.92,11,Acceptable,Asia Pacific,India
ORD-04789,CUST-0136,2024-08-30,Completed,Marketplace,12.57,20,Acceptable,Europe,Sweden
ORD-04790,CUST-0147,2023-10-22,Completed,Website,20.56,2,Acceptable,Latin America,Brazil
ORD-04791,CUST-0358,2024-08-30,Completed,In-Store,5.29,34,Acceptable,Asia Pacific,India
ORD-04792,CUST-0121,2022-08-30,Completed,Phone,31.74,6,Acceptable,Europe,Germany
ORD-04793,CUST-0150,2023-03-15,Cancelled,Phone,40.11,19,Acceptable,North America,Mexico
ORD-04794,CUST-0411,2022-04-02,Pending,Website,41.32,10,Acceptable,Asia Pacific,Singapore
ORD-04795,CUST-0452,2022-11-14,Completed,In-Store,2.61,5,Acceptable,Latin America,Brazil
ORD-04796,CUST-0228,2023-08-06,Completed,Marketplace,3.47,118,Review Recommended,Europe,Spain
ORD-04797,CUST-0104,2023-11-06,Completed,Unknown,21.31,23,Acceptable,North America,Canada
ORD-04798,CUST-0468,2023-08-17,Pending,Unknown,14.15,20,Acceptable,North America,Canada
ORD-04799,CUST-0097,2021-07-17,Completed,Unknown,12.78,24,Acceptable,Europe,Netherlands
ORD-04800,CUST-0004,2023-08-07,Pending,Website,22.52,33,Acceptable,Latin America,Colombia
ORD-04801,CUST-0133,2021-11-24,Completed,In-Store,25.08,25,Acceptable,Africa,Ghana
ORD-04802,CUST-0202,2020-03-31,Pending,Marketplace,0.06,6,Acceptable,Middle East,UAE
ORD-04803,CUST-0232,2024-09-10,Refunded,Phone,39.13,34,Acceptable,Middle East,Saudi Arabia
ORD-04804,CUST-0414,2022-08-24,Completed,Partner Portal,28.98,25,Acceptable,North America,Canada
ORD-04805,CUST-0149,2024-09-15,Completed,Mobile App,15.97,16,Acceptable,Europe,Germany
ORD-04806,CUST-0466,2021-11-05,Completed,In-Store,6.04,10,Acceptable,Europe,Spain
ORD-04807,CUST-0111,2020-03-07,Pending,Phone,20.54,32,Acceptable,Latin America,Colombia
ORD-04808,CUST-0387,2020-07-10,Cancelled,Phone,25.97,32,Acceptable,Middle East,Qatar
ORD-04809,CUST-0088,2020-01-08,Completed,Mobile App,1.35,35,Acceptable,North America,Canada
ORD-04810,CUST-0460,2023-10-09,Cancelled,Unknown,28.22,8,Acceptable,Europe,Netherlands
ORD-04811,CUST-0368,2023-09-25,Completed,Partner Portal,1.40,28,Acceptable,Africa,Nigeria
ORD-04812,CUST-0335,2021-03-14,Completed,Phone,12.24,18,Acceptable,Europe,Germany
ORD-04813,CUST-0446,2024-03-17,Cancelled,Website,6.97,21,Acceptable,North America,Mexico
ORD-04814,CUST-0179,2023-07-18,Cancelled,Unknown,43.81,29,Acceptable,Middle East,Qatar
ORD-04815,CUST-0036,2024-07-05,Completed,Website,33.49,6,Acceptable,Latin America,Colombia
ORD-04816,CUST-0167,2021-02-01,Completed,In-Store,19.95,2,Acceptable,North America,United States
ORD-04817,CUST-0473,2024-07-10,Completed,Unknown,22.07,27,Acceptable,Europe,France
ORD-04818,CUST-0436,2023-06-02,Completed,Marketplace,0.48,31,Acceptable,Middle East,Qatar
ORD-04819,CUST-0382,2021-05-23,Completed,Phone,38.83,16,Acceptable,Latin America,Brazil
ORD-04820,CUST-0162,2021-09-18,Completed,Mobile App,42.40,35,Acceptable,Middle East,Qatar
ORD-04821,CUST-0110,2022-09-01,Completed,Partner Portal,44.40,32,Acceptable,Middle East,Saudi Arabia
ORD-04822,CUST-0221,2024-02-25,Completed,Marketplace,41.82,11,Acceptable,Asia Pacific,Japan
ORD-04823,CUST-0277,2024-05-09,Cancelled,Marketplace,41.86,30,Acceptable,Middle East,Saudi Arabia
ORD-04824,CUST-0144,2024-03-01,Completed,Marketplace,42.80,29,Acceptable,Asia Pacific,Japan
ORD-04825,CUST-0120,2020-01-23,Pending,In-Store,1.32,20,Acceptable,Middle East,Saudi Arabia
ORD-04826,CUST-0231,2022-01-24,Completed,Mobile App,41.24,16,Acceptable,Asia Pacific,India
ORD-04827,CUST-0432,2020-07-17,Completed,Marketplace,6.92,28,Acceptable,North America,United States
ORD-04828,CUST-0237,2024-06-04,Completed,Marketplace,16.82,12,Acceptable,Latin America,Brazil
ORD-04829,CUST-0042,2024-02-10,Completed,Phone,43.74,1,Acceptable,Africa,Kenya
ORD-04830,CUST-0080,2024-02-02,Completed,Partner Portal,44.35,5,Acceptable,Europe,United Kingdom
ORD-04831,CUST-0183,2020-04-19,Completed,Marketplace,13.30,11,Acceptable,Latin America,Chile
ORD-04832,CUST-0227,2022-03-29,Completed,Marketplace,26.12,11,Acceptable,North America,Mexico
ORD-04833,CUST-0087,2024-09-16,Completed,Unknown,7.04,10,Acceptable,Asia Pacific,Australia
ORD-04834,CUST-0263,2021-02-16,Refunded,In-Store,29.07,29,Acceptable,Asia Pacific,Singapore
ORD-04835,CUST-0206,2022-01-25,Completed,Mobile App,24.99,28,Acceptable,Europe,Netherlands
ORD-04836,CUST-0092,2021-01-29,Completed,Mobile App,29.22,27,Acceptable,Latin America,Brazil
ORD-04837,CUST-0334,2022-01-08,Completed,Marketplace,23.44,29,Acceptable,Asia Pacific,South Korea
ORD-04838,CUST-0096,2024-11-21,Completed,Marketplace,42.94,13,Acceptable,Middle East,UAE
ORD-04839,CUST-0395,2021-07-16,Completed,Marketplace,2.32,4,Acceptable,Middle East,Qatar
ORD-04840,CUST-0070,2022-05-07,Pending,Partner Portal,29.32,23,Acceptable,Middle East,Qatar
ORD-04841,CUST-0457,2023-01-18,Refunded,Mobile App,21.39,11,Acceptable,North America,Mexico
ORD-04842,CUST-0263,2022-08-30,Completed,Mobile App,19.59,17,Acceptable,Asia Pacific,Singapore
ORD-04843,CUST-0214,2022-09-17,Completed,Website,28.84,11,Acceptable,Middle East,UAE
ORD-04844,CUST-0028,2023-07-19,Cancelled,Phone,19.04,25,Acceptable,Middle East,Saudi Arabia
ORD-04845,CUST-0421,2022-08-18,Refunded,Mobile App,18.01,25,Acceptable,NA Region,Canada
ORD-04846,CUST-0237,2022-09-14,Refunded,Website,30.54,10,Acceptable,Latin America,Brazil
ORD-04847,CUST-0178,2020-05-19,Completed,Mobile App,14.67,5,Acceptable,Latin America,Argentina
ORD-04848,CUST-0446,2020-03-02,Cancelled,Phone,36.29,4,Acceptable,North America,Mexico
ORD-04849,CUST-0469,2024-08-05,Cancelled,Phone,26.43,14,Acceptable,Africa,Nigeria
ORD-04850,CUST-0416,2021-04-23,Pending,Partner Portal,26.95,9,Acceptable,Middle East,Saudi Arabia
ORD-04851,CUST-0258,2020-11-07,Cancelled,In-Store,37.75,18,Acceptable,Asia Pacific,Singapore
ORD-04852,CUST-0105,2022-08-24,Completed,Phone,19.00,32,Acceptable,North America,Canada
ORD-04853,CUST-0136,2023-04-06,Completed,Unknown,38.81,14,Acceptable,Europe,Sweden
ORD-04854,CUST-0240,2024-11-15,Pending,Phone,11.87,20,Acceptable,Europe,United Kingdom
ORD-04855,CUST-0339,2022-05-02,Completed,Website,6.52,25,Acceptable,Africa,South Africa
ORD-04856,CUST-0160,2020-04-07,Cancelled,Website,11.05,3,Acceptable,Latin America,Colombia
ORD-04857,CUST-0166,2020-12-30,Completed,Mobile App,5.48,14,Acceptable,Latin America,Argentina
ORD-04858,CUST-0419,2021-08-10,Completed,Website,5.85,10,Acceptable,Africa,Ghana
ORD-04859,CUST-0057,2022-05-01,Pending,Marketplace,26.01,33,Acceptable,Africa,Ghana
ORD-04860,CUST-0381,2021-07-15,Completed,Marketplace,43.15,17,Acceptable,Middle East,UAE
ORD-04861,CUST-0364,2024-11-23,Completed,Phone,14.98,28,Acceptable,Africa,Nigeria
ORD-04862,CUST-0275,2023-05-06,Completed,Website,18.63,15,Acceptable,Africa,South Africa
ORD-04863,CUST-0232,2020-09-17,Completed,Unknown,5.73,19,Acceptable,Middle East,Saudi Arabia
ORD-04864,CUST-0113,2023-02-11,Completed,Mobile App,3.77,14,Acceptable,North America,United States
ORD-04865,CUST-0037,2021-11-16,Completed,Partner Portal,7.03,32,Acceptable,North America,Mexico
ORD-04866,CUST-0459,2020-03-14,Completed,Partner Portal,5.19,29,Acceptable,Europe,Spain
ORD-04867,CUST-0402,2023-10-28,Completed,Mobile App,9.22,5,Acceptable,Africa,Nigeria
ORD-04868,CUST-0147,2021-07-31,Completed,Website,22.10,32,Acceptable,Latin America,Brazil
ORD-04869,CUST-0046,2022-06-18,Pending,Phone,16.65,32,Acceptable,Asia Pacific,Japan
ORD-04870,CUST-0343,2022-03-17,Pending,Marketplace,42.76,32,Acceptable,Europe,France
ORD-04871,CUST-0372,2020-01-26,Completed,Website,28.12,23,Acceptable,Latin America,Chile
ORD-04872,CUST-0310,2020-06-04,Pending,Phone,22.07,26,Acceptable,Latin America,Chile
ORD-04873,CUST-0427,2022-04-25,Completed,Partner Portal,20.80,28,Acceptable,Europe,United Kingdom
ORD-04874,CUST-0455,2022-04-04,Completed,Website,10.60,34,Acceptable,Asia Pacific,Australia
ORD-04875,CUST-0346,2021-04-07,Cancelled,In-Store,13.56,25,Acceptable,North America,Canada
ORD-04876,CUST-0098,2021-07-22,Refunded,Phone,1.23,27,Acceptable,Middle East,UAE
ORD-04877,CUST-0423,2020-11-09,Pending,In-Store,26.13,27,Acceptable,Latin America,Colombia
ORD-04878,CUST-0413,2024-04-08,Pending,Mobile App,24.04,15,Acceptable,Europe,Germany
ORD-04879,CUST-0014,2022-06-03,Cancelled,Website,40.50,17,Acceptable,Africa,South Africa
ORD-04880,CUST-0067,2024-02-05,Pending,Marketplace,22.42,26,Acceptable,Africa,Ghana
ORD-04881,CUST-0259,2020-04-14,Completed,In-Store,5.63,22,Acceptable,North America,Mexico
ORD-04882,CUST-0014,2021-05-27,Pending,Website,12.01,6,Acceptable,Africa,South Africa
ORD-04883,CUST-0074,2022-07-31,Completed,Unknown,24.58,34,Acceptable,Africa,Nigeria
ORD-04884,CUST-0308,2023-03-27,Pending,In-Store,32.37,8,Acceptable,Europe,Sweden
ORD-04885,CUST-0089,2023-04-23,Pending,Website,35.26,25,Acceptable,Europe,Sweden
ORD-04886,CUST-0445,2022-12-22,Completed,Website,18.74,28,Acceptable,Asia Pacific,India
ORD-04887,CUST-0065,2022-08-09,Refunded,Marketplace,12.31,21,Acceptable,Middle East,UAE
ORD-04888,CUST-0470,2023-07-14,Completed,Partner Portal,20.16,2,Acceptable,Asia Pacific,Japan
ORD-04889,CUST-0058,2024-01-02,Completed,Unknown,2.55,33,Acceptable,Asia Pacific,South Korea
ORD-04890,CUST-0157,2023-01-11,Completed,Partner Portal,11.99,20,Acceptable,Latin America,Chile
ORD-04891,CUST-0146,2021-03-01,Pending,Marketplace,43.94,34,Acceptable,Africa,Kenya
ORD-04892,CUST-0325,2022-12-27,Refunded,Marketplace,9.33,2,Acceptable,Latin America,Chile
ORD-04893,CUST-0413,2021-07-28,Pending,Phone,36.35,18,Acceptable,Europe,Germany
ORD-04894,CUST-0154,2020-07-06,Completed,Phone,37.72,19,Acceptable,Africa,Nigeria
ORD-04895,CUST-0465,2023-04-09,Completed,Partner Portal,9.84,27,Acceptable,Asia Pacific,India
ORD-04896,CUST-0225,2022-04-12,Completed,Phone,20.39,34,Acceptable,North America,Canada
ORD-04897,CUST-0300,2020-04-26,Cancelled,Partner Portal,7.10,18,Acceptable,Africa,Nigeria
ORD-04898,CUST-0226,2024-02-25,Completed,Website,4.79,20,Acceptable,Africa,Nigeria
ORD-04899,CUST-0245,2024-06-11,Refunded,Marketplace,42.63,18,Acceptable,Europe,Sweden
ORD-04900,CUST-0372,2020-12-07,Completed,Marketplace,2.94,23,Acceptable,Latin America,Chile
ORD-04901,CUST-0380,2024-05-07,Completed,Mobile App,41.65,23,Acceptable,Asia Pacific,Singapore
ORD-04902,CUST-0390,2022-03-02,Completed,Mobile App,44.98,30,Acceptable,Middle East,Saudi Arabia
ORD-04903,CUST-0136,2024-01-06,Completed,Mobile App,27.99,12,Acceptable,Europe,Sweden
ORD-04904,CUST-0414,2023-06-05,Completed,Phone,19.92,29,Acceptable,North America,Canada
ORD-04905,CUST-0129,2024-07-04,Completed,Partner Portal,1.09,27,Acceptable,North America,Mexico
ORD-04906,CUST-0130,2020-05-25,Completed,Mobile App,29.63,2,Acceptable,Middle East,UAE
ORD-04907,CUST-0258,2021-02-28,Completed,Mobile App,19.45,3,Acceptable,Asia Pacific,Singapore
ORD-04908,CUST-0012,2020-09-20,Refunded,Partner Portal,12.44,13,Acceptable,Europe,Netherlands
ORD-04909,CUST-0148,2020-03-20,Completed,In-Store,38.86,4,Acceptable,Middle East,UAE
ORD-04910,CUST-0086,2021-08-14,Completed,In-Store,23.64,16,Acceptable,Europe,Spain
ORD-04911,CUST-0235,2022-11-15,Cancelled,Marketplace,24.10,4,Acceptable,Middle East,UAE
ORD-04912,CUST-0258,2021-12-05,Refunded,Marketplace,40.95,1,Acceptable,Asia Pacific,Singapore
ORD-04913,CUST-0453,2020-03-17,Pending,In-Store,34.66,5,Acceptable,Latin America,Argentina
ORD-04914,CUST-0370,2024-07-29,Cancelled,Phone,30.17,3,Acceptable,North America,United States
ORD-04915,CUST-0061,2024-04-19,Refunded,Marketplace,28.56,17,Acceptable,Africa,Ghana
ORD-04916,CUST-0237,2023-10-29,Pending,In-Store,37.42,18,Acceptable,Latin America,Brazil
ORD-04917,CUST-0411,2024-07-07,Completed,Mobile App,32.15,9,Acceptable,Asia Pacific,Singapore
ORD-04918,CUST-0068,2022-09-08,Refunded,Website,5.97,35,Acceptable,Europe,Sweden
ORD-04919,CUST-0371,2022-04-29,Completed,Mobile App,34.96,4,Acceptable,North America,United States
ORD-04920,CUST-0455,2020-10-13,Completed,Partner Portal,38.72,22,Acceptable,Asia Pacific,Australia
ORD-04921,CUST-0048,2024-01-07,Completed,Partner Portal,28.22,1,Acceptable,North America,Canada
ORD-04922,CUST-0037,2022-03-26,Cancelled,In-Store,26.03,31,Acceptable,North America,Mexico
ORD-04923,CUST-0103,2021-06-10,Completed,Partner Portal,17.33,33,Acceptable,North America,Canada
ORD-04924,CUST-0221,2024-02-12,Completed,Partner Portal,2.10,1,Acceptable,Asia Pacific,Japan
ORD-04925,CUST-0450,2020-11-12,Refunded,Partner Portal,34.56,28,Acceptable,Europe,France
ORD-04926,CUST-0212,2023-05-02,Completed,Website,3.89,31,Acceptable,Middle East,Saudi Arabia
ORD-04927,CUST-0036,2021-11-01,Pending,Mobile App,18.29,26,Acceptable,Latin America,Colombia
ORD-04928,CUST-0201,2023-08-01,Refunded,Marketplace,42.82,7,Acceptable,Africa,Nigeria
ORD-04929,CUST-0434,2020-08-01,Pending,Website,25.44,4,Acceptable,Europe,Sweden
ORD-04930,CUST-0110,2023-08-29,Cancelled,Website,2.53,23,Acceptable,Middle East,Saudi Arabia
ORD-04931,CUST-0399,2021-12-30,Completed,In-Store,38.52,26,Acceptable,Latin America,Chile
ORD-04932,CUST-0095,2024-04-08,Pending,Mobile App,7.30,7,Acceptable,Africa,Ghana
ORD-04933,CUST-0244,2024-05-08,Cancelled,Unknown,38.42,22,Acceptable,North America,Mexico
ORD-04934,CUST-0327,2022-12-26,Completed,In-Store,42.22,24,Acceptable,Middle East,Saudi Arabia
ORD-04935,CUST-0152,2023-01-05,Completed,Website,44.21,13,Acceptable,Middle East,Saudi Arabia
ORD-04936,CUST-0295,2021-12-06,Completed,In-Store,25.09,25,Acceptable,Europe,France
ORD-04937,CUST-0236,2022-09-20,Pending,Website,37.40,4,Acceptable,Middle East,Qatar
ORD-04938,CUST-0402,2021-01-21,Completed,Partner Portal,31.17,4,Acceptable,Africa,Nigeria
ORD-04939,CUST-0276,2021-07-13,Cancelled,Website,2.16,28,Acceptable,Asia Pacific,India
ORD-04940,CUST-0453,2021-02-09,Refunded,Partner Portal,43.88,32,Acceptable,Latin America,Argentina
ORD-04941,CUST-0320,2023-07-19,Completed,Phone,35.46,120,Review Recommended,Middle East,UAE
ORD-04942,CUST-0445,2023-08-24,Cancelled,Partner Portal,41.13,7,Acceptable,Asia Pacific,India
ORD-04943,CUST-0070,2021-03-15,Completed,Partner Portal,15.70,22,Acceptable,Middle East,Qatar
ORD-04944,CUST-0459,2020-04-02,Completed,Partner Portal,5.02,33,Acceptable,Europe,Spain
ORD-04945,CUST-0277,2021-12-07,Completed,Mobile App,43.03,19,Acceptable,Middle East,Saudi Arabia
ORD-04946,CUST-0430,2022-11-15,Completed,Phone,8.56,11,Acceptable,Middle East,Saudi Arabia
ORD-04947,CUST-0398,2023-08-30,Pending,Partner Portal,4.11,31,Acceptable,Latin America,Brazil
ORD-04948,CUST-0320,2024-08-30,Cancelled,Phone,25.20,21,Acceptable,Middle East,UAE
ORD-04949,CUST-0355,2024-12-20,Completed,In-Store,10.49,17,Acceptable,Africa,Ghana
ORD-04950,CUST-0258,2023-09-29,Completed,In-Store,6.08,25,Acceptable,Asia Pacific,Singapore
ORD-04951,CUST-0302,2020-09-16,Completed,Partner Portal,43.61,2,Acceptable,Asia Pacific,Australia
ORD-04952,CUST-0073,2024-01-08,Pending,Website,24.39,5,Acceptable,Latin America,Argentina
ORD-04953,CUST-0444,2022-10-30,Pending,In-Store,22.31,30,Acceptable,Asia Pacific,Singapore
ORD-04954,CUST-0108,2022-05-12,Refunded,Unknown,25.98,12,Acceptable,North America,United States
ORD-04955,CUST-0480,2020-07-14,Cancelled,Partner Portal,15.80,15,Acceptable,North America,Canada
ORD-04956,CUST-0006,2023-12-18,Refunded,Partner Portal,27.67,0,Acceptable,Asia Pacific,South Korea
ORD-04957,CUST-0075,2020-03-31,Refunded,In-Store,3.78,7,Acceptable,Africa,South Africa
ORD-04958,CUST-0455,2023-09-10,Completed,In-Store,4.55,10,Acceptable,Asia Pacific,Australia
ORD-04959,CUST-0414,2021-02-10,Completed,In-Store,22.98,19,Acceptable,North America,Canada
ORD-04960,CUST-0438,2020-03-07,Cancelled,Marketplace,2.14,27,Acceptable,Europe,Sweden
ORD-04961,CUST-0388,2024-07-18,Refunded,In-Store,35.49,33,Acceptable,Asia Pacific,South Korea
ORD-04962,CUST-0086,2020-09-05,Pending,Mobile App,40.76,0,Acceptable,Europe,Spain
ORD-04963,CUST-0373,2022-11-29,Cancelled,In-Store,26.40,5,Acceptable,Europe,France
ORD-04964,CUST-0113,2020-03-11,Pending,Marketplace,30.93,6,Acceptable,North America,United States
ORD-04965,CUST-0248,2021-06-14,Completed,In-Store,0.76,18,Acceptable,Europe,Netherlands
ORD-04966,CUST-0253,2021-09-22,Pending,Partner Portal,2.36,26,Acceptable,Africa,Nigeria
ORD-04967,CUST-0161,2024-10-21,Completed,Partner Portal,23.25,27,Acceptable,North America,Mexico
ORD-04968,CUST-0404,2024-03-15,Refunded,Phone,15.67,7,Acceptable,Latin America,Colombia
ORD-04969,CUST-0168,2024-12-22,Completed,In-Store,36.14,5,Acceptable,North America,Canada
ORD-04970,CUST-0037,2023-06-09,Pending,Marketplace,36.89,14,Acceptable,North America,Mexico
ORD-04971,CUST-0332,2021-09-28,Completed,Website,7.30,12,Acceptable,Africa,Nigeria
ORD-04972,CUST-0112,2022-01-04,Pending,Marketplace,24.01,22,Acceptable,Africa,Kenya
ORD-04973,CUST-0262,2020-05-28,Completed,In-Store,21.15,20,Acceptable,North America,Canada
ORD-04974,CUST-0065,2021-12-03,Cancelled,Phone,41.91,32,Acceptable,Middle East,UAE
ORD-04975,CUST-0474,2023-06-29,Completed,Website,44.32,7,Acceptable,Europe,Germany
ORD-04976,CUST-0171,2021-05-22,Cancelled,Phone,6.60,28,Acceptable,Europe,Netherlands
ORD-04977,CUST-0423,2023-12-06,Completed,In-Store,5.16,14,Acceptable,Latin America,Colombia
ORD-04978,CUST-0397,2023-07-12,Completed,Partner Portal,2.54,0,Acceptable,Latin America,Argentina
ORD-04979,CUST-0274,2020-06-10,Refunded,Phone,17.19,10,Acceptable,North America,Canada
ORD-04980,CUST-0045,2024-08-08,Completed,Partner Portal,4.38,6,Acceptable,Latin America,Colombia
ORD-04981,CUST-0475,2020-05-12,Pending,Mobile App,4.51,14,Acceptable,North America,Mexico
ORD-04982,CUST-0037,2024-08-15,Pending,Mobile App,18.98,17,Acceptable,North America,Mexico
ORD-04983,CUST-0132,2023-12-26,Completed,Partner Portal,13.23,8,Acceptable,Africa,South Africa
ORD-04984,CUST-0336,2024-09-09,Refunded,Partner Portal,19.65,25,Acceptable,Latin America,Chile
ORD-04985,CUST-0165,2022-09-02,Cancelled,Phone,37.11,33,Acceptable,Europe,Germany
ORD-04986,CUST-0411,2023-07-05,Cancelled,Partner Portal,18.16,27,Acceptable,Asia Pacific,Singapore
ORD-04987,CUST-0284,2024-06-25,Cancelled,In-Store,41.98,4,Acceptable,North America,United States
ORD-04988,CUST-0054,2021-12-03,Completed,Mobile App,41.58,7,Acceptable,Africa,Ghana
ORD-04989,CUST-0445,2020-11-07,Completed,Website,5.33,25,Acceptable,Asia Pacific,India
ORD-04990,CUST-0457,2024-05-30,Refunded,Website,16.10,16,Acceptable,North America,Mexico
ORD-04991,CUST-0335,2021-09-15,Completed,Unknown,16.54,1,Acceptable,Europe,Germany
ORD-04992,CUST-0407,2024-12-03,Completed,Mobile App,6.26,29,Acceptable,Middle East,Qatar
ORD-04993,CUST-0106,2020-09-30,Pending,Phone,38.04,10,Acceptable,Latin America,Chile
ORD-04994,CUST-0121,2023-11-22,Pending,In-Store,1.76,12,Acceptable,Europe,Germany
ORD-04995,CUST-0110,2020-05-14,Completed,Website,30.14,5,Acceptable,Middle East,Saudi Arabia
ORD-04996,CUST-0274,2021-08-28,Completed,Website,10.79,23,Acceptable,North America,Canada
ORD-04997,CUST-0431,2024-07-24,Completed,Phone,39.02,17,Acceptable,Asia Pacific,Singapore
ORD-04998,CUST-0221,2024-01-26,Pending,Unknown,4.09,10,Acceptable,Asia Pacific,Japan
ORD-04999,CUST-0011,2020-02-10,Refunded,Phone,6.05,22,Acceptable,North America,Canada
ORD-05000,CUST-0047,2020-11-11,Completed,Website,15.28,35,Acceptable,Asia Pacific,India
