order_id,customer_id,order_date,order_status,sales_channel,shipping_cost_USD,discount_pct,region,country
ORD-00001,CUST-0095,2022-09-17,Completed,Phone,18.37,0.02,Africa,Ghana
ORD-00002,CUST-0053,22 June 2021,Completed,Marketplace,44.71,0.33,latin america,Argentina
ORD-00003,CUST-0127,2024-02-28,Refunded,In-Store,14.05,0.04,North America,United States
ORD-00004,CUST-0065,2024-03-20,Refunded,,8.55,0.27,Middle East,UAE
ORD-00005,CUST-0367,2024-03-05,Refunded,Marketplace,41.43,0.08,Middle East,UAE
ORD-00006,CUST-0110,2021-09-29,Cancelled,Marketplace,38.5,0.34,Middle East,Saudi Arabia
ORD-00007,CUST-0358,2020-02-21,Completed,In-Store,14.07,0.08,Asia Pacific,India
ORD-00008,CUST-0183,2020-06-16,Completed,In-Store,$4.27,1.39,LatAm,Chile
ORD-00009,CUST-0143,2024-05-20,Completed,Mobile App,13.24,0.06,Europe,Spain
ORD-00010,CUST-0104,02/04/2020,Pending,Mobile App,44.24,0.24,N. America,Canada
ORD-00011,CUST-0137,02/08/2020,Completed,Phone,19.4,0.34,Latin America,Colombia
ORD-00012,CUST-0340,2021-01-15,Completed,Marketplace,$25.83,0.05,Africa,Ghana
ORD-00013,CUST-0086,2021-12-16,Completed,Phone,32.68,0.01,Europe,Spain
ORD-00014,CUST-0323,03/08/2021,Pending,,$43.92,0.09,Europe,Spain
ORD-00015,CUST-0300,2021-12-31,Completed,Website,33.68,0.26,Africa,Nigeria
ORD-00016,CUST-0080,2020-05-14,Cancelled,Phone,41,0.29,Europe,United Kingdom
ORD-00017,CUST-0127,2024-08-27,Completed,Partner Portal,20.73,0.33,North America,United States
ORD-00018,CUST-0400,2020-01-24,Completed,Mobile App,38.25,0.18,Asia Pacific,Australia
ORD-00019,CUST-0278,2023-02-25,Cancelled,Mobile App,$30.56,0.03,North America,United States
ORD-00020,CUST-0270,2020-06-15,Pending,In-Store,12.11,0.06,Mid East,Qatar
ORD-00021,CUST-0466,"March 19, 2020",Cancelled,Phone,10.85,0.28,Europe,Spain
ORD-00022,CUST-0338,"February 16, 2021",Cancelled,Marketplace,1.32,0.04,Europe ,Sweden
ORD-00023,CUST-0139,2020-08-09,Cancelled,,0.61,0.21,Europe,Netherlands
ORD-00024,CUST-0205,2022-04-11,Pending,Phone,41.29,0.23,Europe,Spain
ORD-00025,CUST-0383,2022-08-26,Refunded,Website,41.2,0.19,Africa,Ghana
ORD-00026,CUST-0233,2023-01-20,Pending,In-Store,20.66,0.13,Europe,Germany
ORD-00027,CUST-0295,2023-05-03,Completed,Partner Portal,30.22,0.19,Europe ,France
ORD-00028,CUST-0211,2022-09-10,Completed,Partner Portal,23.86,0.32,Middle East,UAE
ORD-00029,CUST-0151,24 March 2023,Refunded,Partner Portal,$32.94,0.06,Europe,Sweden
ORD-00030,CUST-0121,2023-05-26,Completed,Phone,$22.97,1.14,Europe,Germany
ORD-00031,CUST-0371,2023-07-12,Refunded,Mobile App,9.56,0.04,North America,United States
ORD-00032,CUST-0250,2021-11-26,Pending,,12.29,0.34,Europe,Sweden
ORD-00033,CUST-0212,2020-07-14,Completed,Website,8.3,0.02,Middle East,Saudi Arabia
ORD-00034,CUST-0242,"December 31, 2022",Refunded,Partner Portal,$1.70,0.16,Asia Pacific,India
ORD-00035,CUST-0394,2023-10-18,Pending,Partner Portal,37.52,0.11,Latin America,Argentina
ORD-00036,CUST-0386,2020-05-28,Completed,Mobile App,38.81,0.07,Latin America,Chile
ORD-00037,CUST-0182,2021-07-26,Completed,Website,24.67,0.26,Latin America,Colombia
ORD-00038,CUST-0238,2021-12-29,Cancelled,Partner Portal,38.17,0.27,Latin America,Argentina
ORD-00039,CUST-0205,2023-12-16,Completed,Partner Portal,$3.21,0.01,Europe,Spain
ORD-00040,CUST-0230,"September 3, 2021",Completed,Partner Portal,16.58,0.04,Latin America,Colombia
ORD-00041,CUST-0120,2023-10-30,Cancelled,In-Store,1.99,0.28,Middle East,Saudi Arabia
ORD-00042,CUST-0217,2024-03-22,Refunded,,24.63,0.2,Middle East,UAE
ORD-00043,CUST-0007,2020-04-04,Cancelled,Marketplace,24.21,0.14,Middle East,Saudi Arabia
ORD-00044,CUST-0092,2023-01-11,Completed,In-Store,$1.79,0.04,Latin America,Brazil
ORD-00045,CUST-0249,2022-10-20,Cancelled,Marketplace,24.47,0.27,Africa,Kenya
ORD-00046,CUST-0377,2023-06-29,Completed,In-Store,$21.19,0.03,Middle East ,Qatar
ORD-00047,CUST-0327,2024-02-07,Completed,Partner Portal,$7.12,0.17,Mid East,Saudi Arabia
ORD-00048,CUST-0107,2022-08-27,Completed,Phone,12.03,0.3,Middle East,Saudi Arabia
ORD-00049,CUST-0101,2024-09-25,Pending,,19.13,0.23,Middle East,Qatar
ORD-00050,CUST-0018,2024-12-22,Cancelled,Marketplace,25.61,0.18,Africa,Ghana
ORD-00051,CUST-0277,2020-04-08,Cancelled,Marketplace,17.29,0.31,ME,Saudi Arabia
ORD-00052,CUST-0019,2020-02-08,Refunded,Mobile App,25.55,0.25,Asia Pacific,India
ORD-00053,CUST-0155,2020-11-16,Completed,Partner Portal,19.68,0.07,North America,Mexico
ORD-00054,CUST-0120,2023-05-12,Cancelled,Partner Portal,0.11,0.02,Middle East,Saudi Arabia
ORD-00055,CUST-0280,2021-12-20,Cancelled,In-Store,$38.66,0.09,Latin America ,Colombia
ORD-00056,CUST-0259,2024-05-15,Refunded,Phone,28.63,0.17,North America,Mexico
ORD-00057,CUST-0118,2022-06-22,Cancelled,Marketplace,44.83,0.22,Latin America,Brazil
ORD-00058,CUST-0083,2024-03-18,Completed,Mobile App,$10.93,0.25,Latin America,Argentina
ORD-00059,CUST-0272,2023-04-04,Completed,Website,43.92,1.19,Africa,South Africa
ORD-00060,CUST-0380,03/02/2022,Pending,Phone,$38.37,0.12,Asia Pacific,Singapore
ORD-00061,CUST-0201,"September 12, 2020",Completed,Website,$12.13,0.06,Africa,Nigeria
ORD-00062,CUST-0088,2021-07-31,Refunded,Mobile App,27.95,0.22,North America,Canada
ORD-00063,CUST-0232,30 June 2024,Refunded,Mobile App,28.11,0.13,ME,Saudi Arabia
ORD-00064,CUST-0389,2021-02-11,Refunded,Marketplace,12.51,0.26,Latin America,Colombia
ORD-00065,CUST-0084,2021-03-18,Pending,Mobile App,$20.64,0.31,North America,United States
ORD-00066,CUST-0227,2020-08-25,Completed,Website,25.69,0.24,North America,Mexico
ORD-00067,CUST-0085,2022-12-18,Refunded,Mobile App,31.75,0.01,Middle East,UAE
ORD-00068,CUST-0365,2024-09-16,Cancelled,Marketplace,0.49,0.34,Europe,United Kingdom
ORD-00069,CUST-0288,"June 26, 2022",Completed,Marketplace,13.07,0.34,Africa,Kenya
ORD-00070,CUST-0449,2022-04-03,Pending,Website,39.22,0.3,Europe,United Kingdom
ORD-00071,CUST-0388,2023-03-18,Pending,Website,$4.04,0.32,Asia Pacific ,South Korea
ORD-00072,CUST-0478,2024-01-25,Completed,Website,$15.79,0.29,North america ,Mexico
ORD-00073,CUST-0364,2021-01-03,Completed,Phone,41.48,0.29,Africa,Nigeria
ORD-00074,CUST-0207,02/07/2022,Pending,Partner Portal,38.39,0.21,Europe,United Kingdom
ORD-00075,CUST-0390,2022-07-27,Pending,Website,38.73,0.24,Middle East,Saudi Arabia
ORD-00076,CUST-0137,2024-05-13,Completed,Mobile App,2.9,0.33,Latin America,Colombia
ORD-00077,CUST-0344,03/03/2020,Cancelled,Phone,43.7,0.09,Africa,Nigeria
ORD-00078,CUST-0017,02/02/2021,Completed,Website,39.63,0.3,Middle East,Saudi Arabia
ORD-00079,CUST-0310,12/31/2022,Refunded,Phone,44.63,0.3,LatAm,Chile
ORD-00080,CUST-0160,2021-12-31,Completed,In-Store,13.65,0.25,Latin America,Colombia
ORD-00081,CUST-0263,2024-07-15,Completed,Website,36.53,0.01,Asia Pacific,Singapore
ORD-00082,CUST-0140,2024-06-19,Pending,In-Store,17.58,0.2,Latin America,Brazil
ORD-00083,CUST-0378,2020-12-16,Completed,Website,6.98,0.19,Middle East,Saudi Arabia
ORD-00084,CUST-0462,"July 22, 2022",Completed,Partner Portal,27.39,0.19,Middle East,Saudi Arabia
ORD-00085,CUST-0437,2023-04-15,Completed,Partner Portal,$10.85,0.23,north america,Canada
ORD-00086,CUST-0248,2024-05-12,Completed,Mobile App,30.99,0.04,europe,Netherlands
ORD-00087,CUST-0438,2024-10-04,Completed,Phone,$37.63,0.24,Europe,Sweden
ORD-00088,CUST-0309,2024-03-15,Completed,Website,41.47,0.07,Africa,South Africa
ORD-00089,CUST-0404,2021-07-02,Refunded,In-Store,26.09,0.17,Latin America,Colombia
ORD-00090,CUST-0010,2022-04-11,REFUNDED,Partner Portal,40.38,0,Latam,Chile
ORD-00091,CUST-0292,2020-03-05,Refunded,Phone,11.76,0.17,Europe,France
ORD-00092,CUST-0424,10/20/2021,Pending,Partner Portal,42.36,0.06,Latin America,Chile
ORD-00093,CUST-0451,10 November 2023,Cancelled,Phone,2.5,0.24,Middle East,Qatar
ORD-00094,CUST-0021,11/08/2024,Cancelled,Phone,4.2,0.02,Asia Pacific,Australia
ORD-00095,CUST-0004,2024-12-20,Completed,Website,22.68,0.26,Latin America,Colombia
ORD-00096,CUST-0168,2023-06-05,Completed,Website,$22.82,0.12,North America,Canada
ORD-00097,CUST-0397,2021-06-14,Completed,In-Store,7.64,0.27,Latin America,Argentina
ORD-00098,CUST-0219,2024-07-13,Cancelled,Mobile App,15.67,0.06,Asia Pacific,Australia
ORD-00099,CUST-0211,"October 21, 2021",pending,Marketplace,2.76,0.11,middle east,UAE
ORD-00100,CUST-0475,06/16/2024,Pending,Website,20.53,0.07,North America,Mexico
ORD-00101,CUST-0274,2021-10-25,Completed,Partner Portal,7.42,0.13,North America,Canada
ORD-00102,CUST-0180,2020-06-23,Completed,Marketplace,12.26,0.33,North America,Mexico
ORD-00103,CUST-0136,2023-01-26,Pending,Mobile App,11.11,0.34,Europe,Sweden
ORD-00104,CUST-0165,2022-06-22,Refunded,In-Store,$20.23,0.24,Europe,Germany
ORD-00105,CUST-0102,2024-09-10,Completed,Partner Portal,41.52,0.1,Latin America,Chile
ORD-00106,CUST-0361,2024-06-17,Refunded,,37.4,0.23,Latin America,Brazil
ORD-00107,CUST-0169,2023-03-19,COMPLETED,Website,43.85,0.34,Asia Pacific,South Korea
ORD-00108,CUST-0244,"December 8, 2022",completed,Phone,30.14,0.14,North America,Mexico
ORD-00109,CUST-0455,2024-12-13,Completed,Partner Portal,0.63,0.22,Asia Pacific,Australia
ORD-00110,CUST-0034,2021-02-02,Pending,Marketplace,27.13,0.15,Middle East,UAE
ORD-00111,CUST-0163,2021-09-22,Cancelled,Website,8.28,0.04,Apac,Singapore
ORD-00112,CUST-0136,2022-12-13,Refunded,Phone,$36.56,0.16,Europe,Sweden
ORD-00113,CUST-0416,30/06/2023,Completed,Partner Portal,$24.71,0.23,Middle East,Saudi Arabia
ORD-00114,CUST-0275,2021-07-28,Refunded,In-Store,$20.68,0.17,Africa,South Africa
ORD-00115,CUST-0078,2023-08-10,refunded,Mobile App,4.58,0,Europe,United Kingdom
ORD-00116,CUST-0466,2023-04-11,Refunded,Phone,34.09,0.17,Europe,Spain
ORD-00117,CUST-0348,2024-09-08,Refunded,In-Store,18.53,0.09,Middle East,UAE
ORD-00118,CUST-0447,2023-07-09,Refunded,Partner Portal,29.24,0.15,Middle East,UAE
ORD-00119,CUST-0222,06/25/2024,Refunded,Marketplace,35.72,0.15,Asia Pacific,India
ORD-00120,CUST-0216,9 April 2021,Pending,Mobile App,1.65,0.12,Africa,Kenya
ORD-00121,CUST-0174,2024-03-21,Cancelled,In-Store,28.47,0.11,Europe,Spain
ORD-00122,CUST-0261,2021-01-21,Completed,Marketplace,32.19,1.39,Africa,Ghana
ORD-00123,CUST-0455,2023-12-09,Refunded,Website,3.59,0.04,Asia Pacific,Australia
ORD-00124,CUST-0405,2020-05-26,Completed,Website,28.52,0.08,Asia Pacific,Japan
ORD-00125,CUST-0019,04/13/2021,Pending,,$11.31,1.16,Asia Pacific,India
ORD-00126,CUST-0113,2020-11-08,Completed,Mobile App,16.23,0.27,North America,United States
ORD-00127,CUST-0224,2022-12-22,refunded,In-Store,25.63,0.28,Europe,Germany
ORD-00128,CUST-0480,2020-03-23,Cancelled,Marketplace,11.58,0.11,North America,Canada
ORD-00129,CUST-0239,2020-06-13,Pending,Partner Portal,40.66,0.33,Africa,Kenya
ORD-00130,CUST-0214,18/03/2022,Completed,Website,13.44,0.21,Middle East,UAE
ORD-00131,CUST-0204,"August 29, 2023",Pending,Marketplace,25.73,0.34,Africa,South Africa
ORD-00132,CUST-0050,2023-09-30,Pending,Mobile App,23.06,0.13,Latin America,Chile
ORD-00133,CUST-0263,2023-09-28,Cancelled,In-Store,5.84,1.49,Asia Pacific,Singapore
ORD-00134,CUST-0149,12/30/2024,Completed,Mobile App,0.83,0.08,Europe,Germany
ORD-00135,CUST-0293,2023-03-25,Refunded,Marketplace,39.72,1.26,Europe,Spain
ORD-00136,CUST-0341,"February 21, 2023",Pending,Mobile App,29.53,0.15,Middle East,UAE
ORD-00137,CUST-0379,2020-06-09,Refunded,In-Store,9.22,0.1,Europe,United Kingdom
ORD-00138,CUST-0450,10/03/2022,Completed,Website,43.21,0.1,Europe,France
ORD-00139,CUST-0162,"July 25, 2022",Completed,Partner Portal,25.27,0.25,Middle East,Qatar
ORD-00140,CUST-0038,2024-07-11,Pending,In-Store,$3.39,0.33,Africa,South Africa
ORD-00141,CUST-0420,2024-02-03,Completed,,17.02,0.17,Europe,France
ORD-00142,CUST-0174,2021-05-27,Completed,In-Store,11.2,0.12,europe,Spain
ORD-00143,CUST-0122,"May 10, 2022",Completed,Partner Portal,33.63,0.15,Africa,Nigeria
ORD-00144,CUST-0064,23 April 2020,Completed,Mobile App,23.87,0,North America,Mexico
ORD-00145,CUST-0393,2023-05-19,Cancelled,Partner Portal,$16.63,0.34,Middle East,UAE
ORD-00146,CUST-0211,2022-06-20,COMPLETED,Marketplace,37.31,0.17,Middle East,UAE
ORD-00147,CUST-0016,2024-02-02,Completed,Marketplace,3.07,0.08,North America,Mexico
ORD-00148,CUST-0124,2024-06-04,Completed,Phone,$28.11,0.22,Latin America,Argentina
ORD-00149,CUST-0373,2023-01-18,Completed,In-Store,28.09,0.2,Europe,France
ORD-00150,CUST-0416,2024-07-08,Completed,Partner Portal,19.57,0.34,Middle East,Saudi Arabia
ORD-00151,CUST-0255,2022-05-09,Refunded,Partner Portal,25.88,0.16,African Region,Nigeria
ORD-00152,CUST-0075,"June 17, 2020",Completed,Mobile App,18.84,0.19,Africa,South Africa
ORD-00153,CUST-0480,2021-10-30,Cancelled,Phone,21.83,0.1,North America,Canada
ORD-00154,CUST-0067,2020-08-30,Completed,Partner Portal,13.69,0.15,Africa,Ghana
ORD-00155,CUST-0199,2022-11-17,Completed,Mobile App,15.1,0.08,Europe,United Kingdom
ORD-00156,CUST-0132,2024-12-06,Completed,Website,$4.04,0.33,Africa,South Africa
ORD-00157,CUST-0058,2020-07-11,Completed,Marketplace,15.31,0.31,Asia Pacific,South Korea
ORD-00158,CUST-0479,"February 29, 2020",Completed,Website,9.08,0.04,LATAM,Argentina
ORD-00159,CUST-0259,2022-03-25,Completed,Marketplace,12.13,0.13,North America,Mexico
ORD-00160,CUST-0218,2024-04-12,Pending,In-Store,0.74,0.11,Africa,South Africa
ORD-00161,CUST-0230,2024-11-29,Completed,In-Store,30.28,0.28,Latam,Colombia
ORD-00162,CUST-0446,2023-10-17,Refunded,Partner Portal,6.11,0.06,North America,Mexico
ORD-00163,CUST-0454,2024-04-30,Cancelled,Partner Portal,$39.84,0.32,Europe,Germany
ORD-00164,CUST-0265,2022-09-13,Completed,In-Store,31.26,0.34,North America,United States
ORD-00165,CUST-0037,2024-11-01,Completed,Website,29.25,1.27,North America,Mexico
ORD-00166,CUST-0012,2023-03-13,Refunded,Mobile App,24.24,0.13,Europe,Netherlands
ORD-00167,CUST-0004,2024-12-29,Refunded,Phone,10.45,0.06,Latin America,Colombia
ORD-00168,CUST-0153,2022-06-30,Completed,Marketplace,$21.80,0.09,NA Region,United States
ORD-00169,CUST-0335,2022-02-27,Completed,In-Store,24.13,0.27,Europe,Germany
ORD-00170,CUST-0058,2022-10-06,REFUNDED,Mobile App,24.96,0.22,APAC,South Korea
ORD-00171,CUST-0419,2022-01-22,Cancelled,In-Store,19.91,0.35,Africa,Ghana
ORD-00172,CUST-0219,2021-08-18,Completed,Mobile App,29.49,0.33,Asia Pacific,Australia
ORD-00173,CUST-0435,2021-11-03,Pending,Website,33.28,0.17,Asia Pacific,India
ORD-00174,CUST-0143,2023-05-10,Completed,In-Store,0.65,0.08,Europe,Spain
ORD-00175,CUST-0358,2021-05-27,Refunded,Website,8.99,0.02,Asia Pacific,India
ORD-00176,CUST-0157,2024-01-10,Completed,Phone,42.56,0.02,Latam,Chile
ORD-00177,CUST-0024,2024-10-03,Cancelled,Partner Portal,0.81,0.17,Africa,Nigeria
ORD-00178,CUST-0058,2023-08-28,Completed,Phone,23.14,0.13,Asia Pacific ,South Korea
ORD-00179,CUST-0437,2020-06-25,Cancelled,,42.4,0.19,North America,Canada
ORD-00180,CUST-0414,2021-10-06,completed,Website,24.27,0.24,NA Region,Canada
ORD-00181,CUST-0467,2021-12-18,Cancelled,Mobile App,15.12,0.11,Middle East,Qatar
ORD-00182,CUST-0300,2023-02-21,Refunded,In-Store,10.87,0.15,Africa,Nigeria
ORD-00183,CUST-0380,2023-07-30,Completed,Phone,29.22,0.12,Asia Pacific,Singapore
ORD-00184,CUST-0270,2023-12-30,Completed,Mobile App,14.2,0.2,Middle East,Qatar
ORD-00185,CUST-0317,2020-12-13,Refunded,Mobile App,43.51,0.3,ME,Qatar
ORD-00186,CUST-0364,2024-11-25,Refunded,Website,28.21,0.29,African Region,Nigeria
ORD-00187,CUST-0048,04/01/2021,Completed,Marketplace,34,0.11,North America,Canada
ORD-00188,CUST-0398,2024-04-09,Completed,,$42.12,0.11,Latin America,Brazil
ORD-00189,CUST-0302,2020-07-03,Refunded,Mobile App,44.81,0.05,Asia Pacific,Australia
ORD-00190,CUST-0269,2022-08-29,Completed,Phone,16.08,0.28,Africa,Ghana
ORD-00191,CUST-0313,2024-07-20,Pending,Phone,18.36,0.25,Africa,Kenya
ORD-00192,CUST-0465,2020-03-28,Completed,Phone,43.09,0.33,Asia Pacific,India
ORD-00193,CUST-0143,2023-01-17,Completed,In-Store,2.92,0.17,Europe,Spain
ORD-00194,CUST-0085,2020-04-16,Completed,Marketplace,$25.88,0.18,Middle East,UAE
ORD-00195,CUST-0029,2021-12-02,Cancelled,Partner Portal,6.21,0.02,Middle East,Saudi Arabia
ORD-00196,CUST-0099,2021-06-09,Completed,Partner Portal,34.57,0.24,Latin America,Chile
ORD-00197,CUST-0259,2020-07-03,Completed,Mobile App,43.09,0.12,N. America,Mexico
ORD-00198,CUST-0210,2020-07-12,COMPLETED,Website,$41.89,0.19,Europe,Germany
ORD-00199,CUST-0358,2024-08-21,Completed,Phone,40.88,0.3,Asia Pacific,India
ORD-00200,CUST-0327,2020-08-22,Cancelled,Mobile App,15.3,0.31,Middle East,Saudi Arabia
ORD-00201,CUST-0207,2022-06-08,Completed,Website,30.96,0.33,Europe,United Kingdom
ORD-00202,CUST-0375,2022-08-30,Cancelled,Marketplace,16.4,0.21,North America,United States
ORD-00203,CUST-0086,2021-10-28,Cancelled,Website,9.15,0.04,EUROPE,Spain
ORD-00204,CUST-0097,2021-01-14,Refunded,Mobile App,18.44,0,Europe,Netherlands
ORD-00205,CUST-0061,2022-02-03,Completed,Partner Portal,10.42,0.29,Africa,Ghana
ORD-00206,CUST-0022,06/23/2021,Completed,Mobile App,25.75,0.25,North America,United States
ORD-00207,CUST-0281,11 April 2024,completed,Website,25.09,0.1,Latin America,Colombia
ORD-00208,CUST-0040,2022-08-15,Completed,Phone,11.66,0.31,Asia Pacific,Singapore
ORD-00209,CUST-0421,2024-12-17,Refunded,Marketplace,$7.42,0.08,N. America,Canada
ORD-00210,CUST-0405,2020-02-23,Completed,Partner Portal,16.91,0.3,Asia Pacific,Japan
ORD-00211,CUST-0383,2021-02-24,Completed,Marketplace,25.87,0.04,africa,Ghana
ORD-00212,CUST-0103,2021-07-04,Completed,In-Store,29.28,0.07,North America,Canada
ORD-00213,CUST-0306,2024-06-11,Completed,Marketplace,39.31,0.3,Europe,Spain
ORD-00214,CUST-0254,"November 20, 2024",Cancelled,Phone,31.15,0.04,Asia Pacific,Singapore
ORD-00215,CUST-0042,2021-08-12,Pending,Mobile App,18.02,0.1,Africa,Kenya
ORD-00216,CUST-0162,2022-06-03,Pending,Partner Portal,$8.63,0.19,Middle East,Qatar
ORD-00217,CUST-0166,2024-12-20,Completed,Partner Portal,28.1,0.05,Latin America,Argentina
ORD-00218,CUST-0285,2020-01-07,Pending,Phone,$33.71,0.07,Middle East ,UAE
ORD-00219,CUST-0146,2022-11-04,Completed,Phone,15.62,0.31,Africa,Kenya
ORD-00220,CUST-0219,2022-10-31,Completed,Mobile App,$12.35,0.3,Asia-Pacific,Australia
ORD-00221,CUST-0398,2023-04-03,PENDING,Phone,35.72,0.19,Latin America,Brazil
ORD-00222,CUST-0322,2024-07-05,Cancelled,Website,30.59,0.28,African Region,Ghana
ORD-00223,CUST-0283,2023-05-15,Pending,Phone,5.51,0.17,Middle East,Saudi Arabia
ORD-00224,CUST-0267,2023-06-15,Pending,Marketplace,35.42,0.25,Europe,Netherlands
ORD-00225,CUST-0009,2023-10-30,Completed,In-Store,32.93,0.12,Europe,United Kingdom
ORD-00226,CUST-0266,2023-09-12,Completed,Marketplace,34.03,0.02,Asia Pacific,Japan
ORD-00227,CUST-0409,21 February 2020,Completed,In-Store,$29.84,0.12,North America,United States
ORD-00228,CUST-0055,2020-09-08,Completed,Mobile App,$27.97,0.03,north america,Canada
ORD-00229,CUST-0444,2020-01-22,Cancelled,Partner Portal,38.87,1.22,Asia Pacific,Singapore
ORD-00230,CUST-0383,2020-09-19,Completed,Partner Portal,15.3,0.06,Africa,Ghana
ORD-00231,CUST-0109,2023-03-28,Cancelled,Marketplace,29.72,0.17,Latin America,Chile
ORD-00232,CUST-0462,2021-10-13,completed,Marketplace,30.23,0.25,Middle East,Saudi Arabia
ORD-00233,CUST-0249,"July 24, 2024",Completed,Mobile App,6.22,0.16,Africa,Kenya
ORD-00234,CUST-0254,2021-03-31,Completed,Partner Portal,33.02,0.11,Asia Pacific,Singapore
ORD-00235,CUST-0259,2024-12-30,Completed,Phone,$0.73,0.27,North America,Mexico
ORD-00236,CUST-0411,17/06/2024,Completed,Marketplace,31.41,0.3,Asia Pacific,Singapore
ORD-00237,CUST-0108,2023-04-11,Refunded,Website,32.85,0.3,North America,United States
ORD-00238,CUST-0034,2023-07-17,Refunded,Marketplace,21.51,0.26,Middle East,UAE
ORD-00239,CUST-0055,03/10/2023,Completed,Partner Portal,12.76,0.16,North America,Canada
ORD-00240,CUST-0248,2020-09-18,Completed,Website,$33.65,0.32,Europe,Netherlands
ORD-00241,CUST-0246,2020-02-22,Pending,In-Store,9.25,0.09,Asia Pacific,Singapore
ORD-00242,CUST-0083,2024-05-05,Completed,Mobile App,1.5,0.29,latin america,Argentina
ORD-00243,CUST-0315,09/09/2023,Completed,Partner Portal,28.75,0.35,africa,Nigeria
ORD-00244,CUST-0310,2022-04-23,Refunded,Partner Portal,17.19,0,Latin America,Chile
ORD-00245,CUST-0402,2020-03-18,Refunded,Phone,$15.23,0.32,Africa,Nigeria
ORD-00246,CUST-0112,2020-07-17,Completed,In-Store,25.88,0.28,Africa,Kenya
ORD-00247,CUST-0193,2023-10-20,Pending,Phone,23.6,0.34,North America,Canada
ORD-00248,CUST-0431,2021-03-28,Refunded,In-Store,0.3,0.07,Apac,Singapore
ORD-00249,CUST-0325,2023-04-11,Completed,,35.16,0.19,Latin America,Chile
ORD-00250,CUST-0157,2020-02-26,Cancelled,,2.97,1.31,Latin America,Chile
ORD-00251,CUST-0393,2023-08-29,cancelled,Marketplace,$2.15,0.31,Middle East,UAE
ORD-00252,CUST-0061,2022-07-08,Refunded,Marketplace,33.37,0.18,Africa,Ghana
ORD-00253,CUST-0188,18 June 2022,Completed,Mobile App,29.1,0.23,Africa ,South Africa
ORD-00254,CUST-0119,2020-09-05,completed,Phone,28.99,0.05,North America,Canada
ORD-00255,CUST-0326,2023-08-27,Completed,In-Store,28.44,0.03,Europe,Netherlands
ORD-00256,CUST-0469,"September 1, 2020",Completed,Marketplace,1.85,0.11,Africa,Nigeria
ORD-00257,CUST-0045,2021-02-19,Completed,,19.8,0.34,Latin America,Colombia
ORD-00258,CUST-0090,2024-06-27,Completed,Phone,17.8,0.28,Asia Pacific,India
ORD-00259,CUST-0134,2024-12-31,Completed,In-Store,13.57,0.25,North America,United States
ORD-00260,CUST-0076,2024-06-04,Cancelled,In-Store,44.24,0.04,Africa,Ghana
ORD-00261,CUST-0134,2023-11-01,Completed,Mobile App,$2.87,0.15,North America,United States
ORD-00262,CUST-0352,2023-08-16,Completed,Phone,41.18,0.31,Europe,France
ORD-00263,CUST-0139,2021-04-10,Completed,In-Store,11.44,0.18,Europe,Netherlands
ORD-00264,CUST-0324,2024-11-30,Completed,Partner Portal,$38.74,0.03,Europe ,United Kingdom
ORD-00265,CUST-0190,2022-07-30,Cancelled,Marketplace,40.16,0.27,Africa,South Africa
ORD-00266,CUST-0302,17 January 2024,Pending,Website,22.5,0.18,Asia Pacific,Australia
ORD-00267,CUST-0245,2022-07-09,Cancelled,In-Store,$34.69,0.03,Europe,Sweden
ORD-00268,CUST-0259,2022-01-13,Cancelled,Marketplace,3.68,0.29,North America,Mexico
ORD-00269,CUST-0331,2024-05-19,Cancelled,Website,29.65,0.27,Africa ,Kenya
ORD-00270,CUST-0186,2022-10-23,Completed,Mobile App,$21.68,0.29,Asia Pacific,Singapore
ORD-00271,CUST-0298,2024-04-24,Cancelled,Marketplace,28.39,0.19,Africa ,South Africa
ORD-00272,CUST-0370,2022-06-23,COMPLETED,,25.76,0.26,North America,United States
ORD-00273,CUST-0372,2021-02-25,Refunded,Marketplace,39.29,0.26,Latin America,Chile
ORD-00274,CUST-0432,2022-03-15,Cancelled,Mobile App,22.36,0.13,North America,United States
ORD-00275,CUST-0343,13 December 2022,Refunded,Marketplace,$14.43,0.15,Europe,France
ORD-00276,CUST-0057,2020-09-28,Pending,In-Store,35.46,0.16,africa,Ghana
ORD-00277,CUST-0022,2020-07-31,completed,Marketplace,6.25,0.27,North America,United States
ORD-00278,CUST-0395,2023-08-14,Completed,Website,37.73,0.16,middle east,Qatar
ORD-00279,CUST-0180,2024-01-11,Cancelled,Marketplace,3.01,0.1,North America,Mexico
ORD-00280,CUST-0463,2023-07-03,Completed,In-Store,21.39,0.1,Africa,South Africa
ORD-00281,CUST-0324,2020-01-30,Refunded,Mobile App,36.72,0.02,Europe,United Kingdom
ORD-00282,CUST-0395,2023-01-28,completed,Mobile App,42.54,0.34,Middle East,Qatar
ORD-00283,CUST-0337,03/03/2021,Refunded,Mobile App,42.55,0.18,Middle East,UAE
ORD-00284,CUST-0375,2024-01-21,Cancelled,Mobile App,$31.15,0.28,North America,United States
ORD-00285,CUST-0144,2020-06-26,Cancelled,Partner Portal,38.38,0.09,Asia Pacific,Japan
ORD-00286,CUST-0039,2021-11-14,Refunded,Phone,33.91,0.14,North America,Mexico
ORD-00287,CUST-0329,2024-11-11,Refunded,Mobile App,18.35,0.3,Latin America,Colombia
ORD-00288,CUST-0181,2022-10-26,Refunded,,44.73,1.22,North America,Mexico
ORD-00289,CUST-0019,3 June 2024,Completed,Mobile App,16.57,0.06,Asia-Pacific,India
ORD-00290,CUST-0269,2022-09-11,Completed,Mobile App,4.48,0.31,Africa,Ghana
ORD-00291,CUST-0191,2021-06-27,Refunded,Mobile App,15.51,0.23,North America,Canada
ORD-00292,CUST-0361,2024-06-01,Completed,,11.91,0.34,Latin America,Brazil
ORD-00293,CUST-0362,2022-12-01,Pending,Website,0.05,0.18,Apac,India
ORD-00294,CUST-0295,"January 22, 2024",Completed,Partner Portal,27.31,0.28,Europe,France
ORD-00295,CUST-0271,2024-10-15,Cancelled,Partner Portal,33.36,0.17,Latin America,Chile
ORD-00296,CUST-0003,2023-05-09,Completed,Mobile App,38.29,0.25,Latin America,Colombia
ORD-00297,CUST-0240,2021-05-01,Completed,Marketplace,24.45,0.26,Europe,United Kingdom
ORD-00298,CUST-0160,2022-07-31,Refunded,,10.38,0.17,LatAm,Colombia
ORD-00299,CUST-0409,2021-10-02,Pending,In-Store,$41.30,0.29,North America,United States
ORD-00300,CUST-0341,05/25/2020,Completed,In-Store,43.39,0.11,Middle East,UAE
ORD-00301,CUST-0329,2021-02-09,Completed,Partner Portal,0.79,0.13,Latin America,Colombia
ORD-00302,CUST-0423,2023-05-02,Completed,In-Store,$4.25,0.18,Latin America,Colombia
ORD-00303,CUST-0301,5 April 2020,Refunded,,4.54,0.33,North America,United States
ORD-00304,CUST-0362,2020-04-28,Completed,Phone,22.44,0.28,Asia Pacific ,India
ORD-00305,CUST-0043,08/13/2020,Pending,Phone,41.27,0.21,Middle East,UAE
ORD-00306,CUST-0007,2023-09-21,Refunded,Website,28.72,0.2,Middle East,Saudi Arabia
ORD-00307,CUST-0271,2023-07-07,Pending,Marketplace,29.18,0.25,Latin America,Chile
ORD-00308,CUST-0201,2021-01-01,pending,In-Store,22.8,0.14,Africa,Nigeria
ORD-00309,CUST-0017,2022-12-10,Completed,Marketplace,10.02,0.13,Middle East,Saudi Arabia
ORD-00310,CUST-0164,7 December 2022,Completed,Phone,$3.62,0.07,North America,Mexico
ORD-00311,CUST-0339,24 July 2023,Pending,Partner Portal,22.72,0.04,Africa,South Africa
ORD-00312,CUST-0437,2023-07-14,Completed,Phone,$34.70,0.2,NA Region,Canada
ORD-00313,CUST-0298,2024-03-27,Refunded,,23.19,0.3,Africa,South Africa
ORD-00314,CUST-0123,2022-08-06,Refunded,Marketplace,12.23,0.11,Asia Pacific,Singapore
ORD-00315,CUST-0201,2021-06-26,Cancelled,Website,43.27,0.05,Africa,Nigeria
ORD-00316,CUST-0311,2023-03-03,Completed,,2.72,0.03,Asia Pacific,Japan
ORD-00317,CUST-0416,20 July 2022,Completed,Website,18.81,1.41,Middle East,Saudi Arabia
ORD-00318,CUST-0372,2024-04-06,Completed,Website,29.18,0.32,Latin America,Chile
ORD-00319,CUST-0176,2024-06-08,PENDING,Partner Portal,21.13,0.14,Europe,Spain
ORD-00320,CUST-0143,2021-03-23,Completed,In-Store,32.14,0.21,Europe,Spain
ORD-00321,CUST-0308,2024-07-25,Completed,In-Store,28.74,0.26,Europe,Sweden
ORD-00322,CUST-0208,2024-11-11,Pending,Partner Portal,0.43,0.02,Europe,Germany
ORD-00323,CUST-0366,2022-12-22,completed,Phone,18.72,0.22,Europe,Spain
ORD-00324,CUST-0147,2023-04-30,Pending,Mobile App,18.67,0.2,Latin America,Brazil
ORD-00325,CUST-0209,2023-04-02,Completed,Partner Portal,29.6,0.1,Europe,France
ORD-00326,CUST-0099,2020-10-15,Completed,In-Store,31.66,0.24,latin america,Chile
ORD-00327,CUST-0150,2020-06-18,Completed,Website,19.35,0.34,North America,Mexico
ORD-00328,CUST-0464,2021-01-20,Refunded,Phone,12.88,0.29,Europe,Netherlands
ORD-00329,CUST-0025,9 December 2020,Completed,Partner Portal,24.63,0.29,europe,Sweden
ORD-00330,CUST-0179,2024-05-18,Completed,In-Store,18.45,0.22,Middle East,Qatar
ORD-00331,CUST-0067,2021-04-21,Refunded,Website,32.47,0.19,Africa,Ghana
ORD-00332,CUST-0295,2022-03-26,Cancelled,Mobile App,23.43,0.19,Europe,France
ORD-00333,CUST-0142,2020-10-12,Pending,Mobile App,29.22,0.12,Asia Pacific,Singapore
ORD-00334,CUST-0035,2020-05-13,Completed,,8.29,0.11,Europe,Spain
ORD-00335,CUST-0472,2024-09-07,Completed,Mobile App,0.86,0.13,EUROPE,Netherlands
ORD-00336,CUST-0414,2020-12-23,PENDING,Mobile App,21.85,0.32,N. America,Canada
ORD-00337,CUST-0170,2023-11-23,Completed,Mobile App,7.46,0.21,North America,Mexico
ORD-00338,CUST-0197,2021-03-13,Completed,,41.88,0.16,Latin America,Colombia
ORD-00339,CUST-0416,2020-03-01,Completed,Phone,2.24,0.21,Middle East,Saudi Arabia
ORD-00340,CUST-0087,03/07/2021,Cancelled,In-Store,23.06,0.33,Asia Pacific,Australia
ORD-00341,CUST-0456,2023-05-14,Pending,Marketplace,$19.47,0.02,Europe,Sweden
ORD-00342,CUST-0436,2024-09-02,Pending,Phone,20.55,0.31,Middle East,Qatar
ORD-00343,CUST-0050,2023-08-24,Cancelled,In-Store,7.91,0.13,Latin America,Chile
ORD-00344,CUST-0146,2020-05-21,Pending,Phone,$30.97,0.16,Africa,Kenya
ORD-00345,CUST-0013,2021-06-14,Pending,Website,$25.45,0.25,Latin America,Brazil
ORD-00346,CUST-0125,2021-09-17,Cancelled,Partner Portal,7.16,0.24,Africa,Ghana
ORD-00347,CUST-0168,27/06/2022,Pending,Mobile App,36.94,0.21,North America,Canada
ORD-00348,CUST-0004,2022-04-29,Refunded,Partner Portal,8.78,0.19,Latin America,Colombia
ORD-00349,CUST-0305,2020-11-28,Completed,In-Store,42.37,0.27,North America,United States
ORD-00350,CUST-0244,2023-06-28,Pending,In-Store,4.21,0.3,north america,Mexico
ORD-00351,CUST-0477,2020-02-24,Pending,In-Store,22.53,0.06,Europe,Germany
ORD-00352,CUST-0254,2022-11-01,Completed,,36.9,0.29,Asia Pacific,Singapore
ORD-00353,CUST-0318,2021-04-14,Completed,Mobile App,32.36,1.19,Asia Pacific,South Korea
ORD-00354,CUST-0276,2020-07-04,Refunded,Mobile App,17.22,0.03,Asia Pacific,India
ORD-00355,CUST-0089,2024-12-27,Pending,,38.32,0.19,Europe,Sweden
ORD-00356,CUST-0410,2020-07-03,Completed,Website,42.01,0.26,Latin America,Brazil
ORD-00357,CUST-0332,2022-12-27,Refunded,Phone,3.61,0.28,Africa,Nigeria
ORD-00358,CUST-0441,09/06/2023,Pending,Mobile App,$15.31,0.22,Latin America,Argentina
ORD-00359,CUST-0103,2021-11-18,Completed,Partner Portal,32.27,0.1,North America,Canada
ORD-00360,CUST-0293,2022-06-19,refunded,In-Store,5.11,0.16,Europe,Spain
ORD-00361,CUST-0313,2020-11-20,Refunded,In-Store,$34.17,0.05,Africa,Kenya
ORD-00362,CUST-0478,2023-04-13,Refunded,Partner Portal,43.84,0.29,North America,Mexico
ORD-00363,CUST-0028,2023-05-30,Refunded,Website,23.89,0.18,Middle East,Saudi Arabia
ORD-00364,CUST-0204,2023-07-04,Completed,Mobile App,33.89,0.17,Africa,South Africa
ORD-00365,CUST-0130,2021-02-01,Completed,Mobile App,11.91,0.26,Middle East,UAE
ORD-00366,CUST-0001,2024-09-12,pending,Mobile App,3.4,0.11,Latin America,Argentina
ORD-00367,CUST-0138,2023-01-27,Completed,,17.56,0.07,Middle East ,UAE
ORD-00368,CUST-0139,09/06/2024,Refunded,Partner Portal,29.1,0.15,Europe,Netherlands
ORD-00369,CUST-0447,2023-06-20,Cancelled,Phone,34.17,0.23,ME,UAE
ORD-00370,CUST-0348,2023-06-03,Completed,In-Store,21.21,1.3,ME,UAE
ORD-00371,CUST-0161,2022-10-13,COMPLETED,Mobile App,0.56,0.08,NA Region,Mexico
ORD-00372,CUST-0453,2021-04-27,Refunded,Website,24.06,0.01,Latin America,Argentina
ORD-00373,CUST-0026,2023-11-03,Cancelled,Partner Portal,37.99,0.15,Africa,South Africa
ORD-00374,CUST-0405,2021-11-25,Cancelled,In-Store,14.25,0.01,Asia Pacific,Japan
ORD-00375,CUST-0175,2023-06-09,Cancelled,In-Store,14.44,0.03,Africa,Ghana
ORD-00376,CUST-0447,11/01/2022,Pending,Marketplace,40.52,0.3,Middle East,UAE
ORD-00377,CUST-0101,2024-03-18,Pending,Mobile App,22.3,0.12,Middle East,Qatar
ORD-00378,CUST-0063,2024-05-28,Cancelled,Marketplace,44.83,0.17,Middle East,Saudi Arabia
ORD-00379,CUST-0272,6 May 2022,Completed,Marketplace,13.88,0.35,Africa,South Africa
ORD-00380,CUST-0141,23 June 2024,Completed,Mobile App,30.13,0.04,N. America,United States
ORD-00381,CUST-0359,10 April 2021,REFUNDED,Phone,$44.77,0.04,Europe,Netherlands
ORD-00382,CUST-0388,2021-12-08,Pending,Website,43.48,0.22,Asia Pacific,South Korea
ORD-00383,CUST-0168,2024-06-18,Refunded,Partner Portal,13.21,0,North America,Canada
ORD-00384,CUST-0165,2023-02-27,Completed,Marketplace,$33.18,0.33,Europe,Germany
ORD-00385,CUST-0296,2020-04-28,Pending,In-Store,$39.62,0.06,European Region,Germany
ORD-00386,CUST-0382,2021-06-14,Cancelled,Website,11.68,0.28,Latin America,Brazil
ORD-00387,CUST-0356,2023-11-10,Completed,Partner Portal,38.88,0.15,Europe,Sweden
ORD-00388,CUST-0315,2024-04-19,Completed,,19.38,0.33,africa,Nigeria
ORD-00389,CUST-0110,2020-06-01,Completed,Partner Portal,8.35,0.31,Middle East,Saudi Arabia
ORD-00390,CUST-0172,2020-03-07,Completed,Phone,2.24,0.08,Latin America,Argentina
ORD-00391,CUST-0106,2020-10-25,Completed,Mobile App,9.76,0.17,Latin America,Chile
ORD-00392,CUST-0365,2023-09-29,Refunded,Website,10.56,0.17,Europe,United Kingdom
ORD-00393,CUST-0140,01/30/2023,Completed,Phone,$43.35,0.12,Latin America,Brazil
ORD-00394,CUST-0151,2024-08-05,Pending,In-Store,35.74,1.45,Europe,Sweden
ORD-00395,CUST-0246,2024-05-25,Cancelled,Partner Portal,7.25,0.08,Asia Pacific,Singapore
ORD-00396,CUST-0425,2021-02-16,Completed,In-Store,27.53,0.28,North America,Canada
ORD-00397,CUST-0244,2022-09-14,Pending,In-Store,5.29,0.18,North America,Mexico
ORD-00398,CUST-0192,2020-11-28,Pending,Phone,16.97,0.18,Latin America,Argentina
ORD-00399,CUST-0259,2020-04-03,Completed,Marketplace,17.56,0,North America,Mexico
ORD-00400,CUST-0334,2022-10-15,Pending,Mobile App,29.58,0.06,Asia Pacific,South Korea
ORD-00401,CUST-0477,2024-05-06,Completed,In-Store,29.59,0.22,Europe,Germany
ORD-00402,CUST-0139,2020-08-21,Cancelled,Website,5.68,0.01,Europe,Netherlands
ORD-00403,CUST-0194,2024-09-25,Completed,In-Store,19.56,0.21,Asia Pacific,Australia
ORD-00404,CUST-0075,2021-06-05,Cancelled,Phone,15.62,0.24,Africa,South Africa
ORD-00405,CUST-0044,"October 29, 2021",Pending,In-Store,43.45,0.17,Africa,South Africa
ORD-00406,CUST-0441,03/31/2024,REFUNDED,Mobile App,34.42,0.12,Latin America,Argentina
ORD-00407,CUST-0373,2023-07-26,COMPLETED,Phone,27.97,0.03,Europe,France
ORD-00408,CUST-0319,2021-11-10,Completed,Phone,3.51,0.24,Middle East,UAE
ORD-00409,CUST-0332,2020-02-18,Completed,,44.13,0.18,African Region,Nigeria
ORD-00410,CUST-0068,2024-12-26,Completed,,34.11,0.27,Europe,Sweden
ORD-00411,CUST-0381,2021-06-08,Completed,Marketplace,11.44,0.25,Middle East,UAE
ORD-00412,CUST-0068,2021-11-01,Completed,Partner Portal,$27.04,0.12,Europe,Sweden
ORD-00413,CUST-0474,2020-11-27,Completed,Website,22.84,0.22,Europe,Germany
ORD-00414,CUST-0220,2023-08-24,Completed,Marketplace,2.45,0.35,North America,United States
ORD-00415,CUST-0219,2021-04-30,Completed,Phone,6.93,0.25,Asia Pacific,Australia
ORD-00416,CUST-0190,2020-12-25,Completed,Marketplace,35.75,0.34,Africa,South Africa
ORD-00417,CUST-0429,2022-02-26,Completed,Website,14.07,1.44,Asia Pacific,India
ORD-00418,CUST-0458,2023-06-29,Pending,In-Store,43.9,0.1,Africa,Kenya
ORD-00419,CUST-0059,2020-09-17,Completed,Marketplace,$6.72,0.33,north america,Mexico
ORD-00420,CUST-0276,2021-07-22,Completed,Phone,43.36,0.11,Asia Pacific,India
ORD-00421,CUST-0039,"April 16, 2023",Pending,Website,25.84,0.04,North America,Mexico
ORD-00422,CUST-0460,2022-06-07,Completed,Phone,2.53,1.31,Europe,Netherlands
ORD-00423,CUST-0127,2 March 2024,Completed,Marketplace,25.47,0.16,North America,United States
ORD-00424,CUST-0177,2023-05-02,Completed,Partner Portal,41.04,0.22,Asia Pacific,India
ORD-00425,CUST-0437,"October 18, 2021",Completed,,18.83,0.06,North America,Canada
ORD-00426,CUST-0252,10 February 2024,Cancelled,Website,44.25,0.1,N. America,Mexico
ORD-00427,CUST-0412,2021-09-22,Cancelled,In-Store,18.97,0.33,Africa,South Africa
ORD-00428,CUST-0291,"March 30, 2021",Completed,In-Store,1.16,0.12,Middle East,UAE
ORD-00429,CUST-0066,2023-07-20,Pending,Website,42.76,0.2,Asia Pacific,South Korea
ORD-00430,CUST-0479,03/03/2024,Completed,,36.29,0.07,Latin America,Argentina
ORD-00431,CUST-0457,2024-01-15,Completed,Mobile App,38.18,0.13,North America,Mexico
ORD-00432,CUST-0078,2022-05-31,cancelled,Mobile App,34.29,0.06,Europe,United Kingdom
ORD-00433,CUST-0449,2023-05-16,Cancelled,Partner Portal,9.38,0.29,Europe,United Kingdom
ORD-00434,CUST-0097,2022-06-06,Cancelled,Phone,9.37,0.3,Europe,Netherlands
ORD-00435,CUST-0444,2021-09-13,Completed,In-Store,19.32,0.3,Asia Pacific,Singapore
ORD-00436,CUST-0049,2021-04-14,Completed,Marketplace,$24.48,0.27,Europe,United Kingdom
ORD-00437,CUST-0178,2024-12-01,Pending,Mobile App,24.69,0.1,LatAm,Argentina
ORD-00438,CUST-0420,03/01/2021,Completed,Marketplace,15.75,0.34,Europe,France
ORD-00439,CUST-0466,"December 17, 2023",Cancelled,Partner Portal,40.18,0.33,Europe,Spain
ORD-00440,CUST-0331,2020-08-15,Completed,Website,44.29,0.06,Africa,Kenya
ORD-00441,CUST-0109,2023-02-08,Completed,Phone,35.53,0.18,Latin America,Chile
ORD-00442,CUST-0110,1 June 2024,COMPLETED,In-Store,12.1,0.02,Middle East,Saudi Arabia
ORD-00443,CUST-0158,16 September 2021,Cancelled,Marketplace,25.47,0.32,Middle East,Saudi Arabia
ORD-00444,CUST-0157,25/03/2021,Completed,,30.83,0.26,Latin America,Chile
ORD-00445,CUST-0155,2022-07-28,Refunded,Phone,38.38,0.09,North America,Mexico
ORD-00446,CUST-0347,7 November 2023,Completed,Mobile App,30.42,0.31,North America,Mexico
ORD-00447,CUST-0111,2022-08-19,Refunded,Partner Portal,18.01,0.23,Latin America,Colombia
ORD-00448,CUST-0088,2022-02-13,Completed,Marketplace,19.95,0.3,north america,Canada
ORD-00449,CUST-0299,2020-05-01,Completed,Website,6.98,0.3,Latin America ,Argentina
ORD-00450,CUST-0192,2022-09-29,Pending,In-Store,1.55,0.09,Latin America,Argentina
ORD-00451,CUST-0372,05/02/2022,Pending,Marketplace,26.11,0.13,Latin America,Chile
ORD-00452,CUST-0204,21 April 2020,Completed,Marketplace,29.93,0.21,Africa,South Africa
ORD-00453,CUST-0106,2021-03-14,Pending,In-Store,24.02,0.08,latin america,Chile
ORD-00454,CUST-0063,"May 10, 2023",Completed,Phone,$35.36,0.35,Middle East,Saudi Arabia
ORD-00455,CUST-0447,2024-05-31,Completed,Partner Portal,27.03,0.3,Middle East,UAE
ORD-00456,CUST-0006,2020-01-11,Completed,Website,24.24,0.07,Asia Pacific,South Korea
ORD-00457,CUST-0256,2022-12-17,Cancelled,Website,3.72,0.04,Europe,Netherlands
ORD-00458,CUST-0398,2022-04-08,Completed,In-Store,44.1,1.44,Latin America,Brazil
ORD-00459,CUST-0306,"October 5, 2024",Pending,In-Store,6.68,0.14,Europe,Spain
ORD-00460,CUST-0063,2021-04-08,Cancelled,Partner Portal,31.11,0.11,Middle East,Saudi Arabia
ORD-00461,CUST-0013,2023-12-16,Completed,Website,40.23,0.14,Latin America ,Brazil
ORD-00462,CUST-0075,2021-10-11,Pending,Phone,20.57,0.24,Africa,South Africa
ORD-00463,CUST-0129,2020-09-10,Cancelled,Marketplace,36.75,0.13,North America,Mexico
ORD-00464,CUST-0201,2022-01-07,Refunded,Marketplace,30.21,0.29,Africa,Nigeria
ORD-00465,CUST-0062,2024-06-02,Pending,Website,0.8,0.21,North America,Mexico
ORD-00466,CUST-0208,2020-06-04,Refunded,Website,35.67,0.28,Europe,Germany
ORD-00467,CUST-0172,2022-07-16,Completed,Mobile App,3.4,0.21,Latin America,Argentina
ORD-00468,CUST-0192,2020-04-02,Completed,Partner Portal,29.24,0.26,Latin America,Argentina
ORD-00469,CUST-0372,2021-12-03,Pending,,32.93,0.33,LatAm,Chile
ORD-00470,CUST-0476,2022-11-19,Completed,Partner Portal,42.32,0.27,Africa,Kenya
ORD-00471,CUST-0144,2020-01-30,Cancelled,Mobile App,16.16,0.03,Asia Pacific,Japan
ORD-00472,CUST-0043,2020-11-30,Completed,Marketplace,34.67,0.24,Middle East,UAE
ORD-00473,CUST-0448,25 April 2021,Cancelled,Marketplace,33.73,0.09,Africa ,South Africa
ORD-00474,CUST-0459,2024-10-24,Cancelled,Phone,3.8,0.12,Europe,Spain
ORD-00475,CUST-0112,28 September 2022,Pending,Marketplace,24.47,0.13,Africa,Kenya
ORD-00476,CUST-0425,2020-06-11,Completed,Partner Portal,36.63,0.02,North America,Canada
ORD-00477,CUST-0394,2022-06-26,Refunded,In-Store,13.23,0.13,LATAM,Argentina
ORD-00478,CUST-0186,2022-08-30,Completed,In-Store,19.55,0.14,Asia Pacific,Singapore
ORD-00479,CUST-0371,2023-01-28,Completed,In-Store,18.22,0.03,North America,United States
ORD-00480,CUST-0263,2024-12-09,Refunded,Website,$22.11,0.34,Asia Pacific,Singapore
ORD-00481,CUST-0221,03/06/2020,Completed,Marketplace,16.49,0.29,Asia Pacific,Japan
ORD-00482,CUST-0298,2023-09-29,Completed,Partner Portal,6.1,0.31,Africa,South Africa
ORD-00483,CUST-0164,2021-08-03,Cancelled,Marketplace,10.86,0.26,North America,Mexico
ORD-00484,CUST-0460,2021-11-30,Cancelled,Website,$38.67,0.34,Europe,Netherlands
ORD-00485,CUST-0347,2021-06-06,Refunded,Phone,$29.86,0.28,North America,Mexico
ORD-00486,CUST-0236,07/01/2024,Pending,Mobile App,3.69,0.09,Middle East,Qatar
ORD-00487,CUST-0454,2020-09-16,Pending,Mobile App,20.36,1.26,Europe,Germany
ORD-00488,CUST-0262,"July 21, 2022",Cancelled,Website,2.2,0.19,north america,Canada
ORD-00489,CUST-0117,2021-01-11,refunded,Website,22.4,0.04,Europe,Germany
ORD-00490,CUST-0138,2021-09-09,Completed,,14.87,0.03,middle east,UAE
ORD-00491,CUST-0123,2024-10-28,Completed,Marketplace,3.73,0.06,Asia Pacific,Singapore
ORD-00492,CUST-0450,02/08/2022,Completed,Mobile App,34.42,0.28,Europe,France
ORD-00493,CUST-0194,2023-01-12,Completed,Phone,13.43,0.13,Asia-Pacific,Australia
ORD-00494,CUST-0145,"June 22, 2021",Refunded,Marketplace,10.24,0.23,Europe,Germany
ORD-00495,CUST-0250,2021-08-18,Completed,Website,13.61,0.15,Europe,Sweden
ORD-00496,CUST-0420,2023-03-02,Pending,Mobile App,26.52,0.27,Europe,France
ORD-00497,CUST-0291,27 August 2024,Completed,Marketplace,29.09,0.1,Middle East ,UAE
ORD-00498,CUST-0050,2023-02-08,Cancelled,Partner Portal,34.8,0.08,Latin America,Chile
ORD-00499,CUST-0328,2022-12-16,Refunded,In-Store,11.87,0.28,Middle East,UAE
ORD-00500,CUST-0187,19/01/2023,Refunded,Mobile App,$38.08,0.2,North America,Canada
ORD-00501,CUST-0208,2020-03-18,Refunded,Phone,24.37,0.15,Europe,Germany
ORD-00502,CUST-0269,24/01/2021,Cancelled,In-Store,28.05,0.23,Africa,Ghana
ORD-00503,CUST-0256,06/08/2021,Completed,Partner Portal,16.42,0.3,Europe,Netherlands
ORD-00504,CUST-0060,"September 24, 2023",cancelled,Phone,34,0.12,Latin America,Chile
ORD-00505,CUST-0159,2022-07-06,Pending,Website,7.36,0.29,North America,Mexico
ORD-00506,CUST-0164,2020-10-24,Pending,Phone,7.5,0.25,North America,Mexico
ORD-00507,CUST-0077,2023-02-02,Completed,Partner Portal,6.12,0.01,Asia Pacific,Australia
ORD-00508,CUST-0174,2020-10-17,Cancelled,Phone,15.07,0.13,Eur,Spain
ORD-00509,CUST-0417,2022-04-30,Refunded,Website,13.43,0.34,Middle East,UAE
ORD-00510,CUST-0447,2022-01-21,Completed,In-Store,0.01,0.08,Middle East,UAE
ORD-00511,CUST-0295,2024-03-29,Pending,Website,9.72,0.02,Europe,France
ORD-00512,CUST-0395,2023-08-18,Completed,Partner Portal,25.74,0.13,Middle East,Qatar
ORD-00513,CUST-0107,2023-05-31,Completed,Mobile App,30.82,0.01,Middle East,Saudi Arabia
ORD-00514,CUST-0189,2024-07-08,Refunded,,42.42,0.15,Africa,Nigeria
ORD-00515,CUST-0345,2021-01-04,Refunded,Marketplace,28.69,0.22,Latin America,Chile
ORD-00516,CUST-0264,2020-09-24,Completed,Marketplace,22.16,0.04,Europe,United Kingdom
ORD-00517,CUST-0474,2021-08-19,Pending,Marketplace,30.04,0.23,Europe,Germany
ORD-00518,CUST-0005,2024-03-05,Completed,Marketplace,22.86,0.1,AFRICA,South Africa
ORD-00519,CUST-0398,2020-08-12,Completed,Phone,42.36,0.14,Latin America,Brazil
ORD-00520,CUST-0039,2023-06-13,Completed,In-Store,0.67,0.15,North America,Mexico
ORD-00521,CUST-0326,2020-12-22,Completed,Partner Portal,18.5,0.24,Europe,Netherlands
ORD-00522,CUST-0117,2024-11-25,Completed,Partner Portal,38.9,0.26,Europe,Germany
ORD-00523,CUST-0016,09/01/2020,Refunded,Phone,15.17,0,NA Region,Mexico
ORD-00524,CUST-0274,2024-02-04,Pending,Marketplace,11.26,0.27,NA Region,Canada
ORD-00525,CUST-0417,2022-03-28,Completed,Partner Portal,2.51,0.22,Middle East,UAE
ORD-00526,CUST-0171,2024-04-29,Refunded,Website,19.83,0.21,Europe,Netherlands
ORD-00527,CUST-0030,2024-06-28,Cancelled,Mobile App,32.72,0.01,Asia Pacific,India
ORD-00528,CUST-0026,2024-05-12,Completed,Mobile App,5.57,0.16,Africa,South Africa
ORD-00529,CUST-0324,2020-05-02,Completed,Partner Portal,24.46,0.05,Europe,United Kingdom
ORD-00530,CUST-0095,2021-10-29,Cancelled,In-Store,34.48,0,Africa,Ghana
ORD-00531,CUST-0237,2021-06-17,Completed,Marketplace,4.83,0.11,Latin America,Brazil
ORD-00532,CUST-0149,2022-07-21,Completed,Website,32.17,0.24,Europe,Germany
ORD-00533,CUST-0449,2020-06-17,Completed,Mobile App,23.84,0.35,Europe,United Kingdom
ORD-00534,CUST-0057,22 March 2020,Cancelled,Mobile App,36.86,0.07,Africa,Ghana
ORD-00535,CUST-0279,2024-11-11,Completed,Phone,23.31,0.35,Latin America,Chile
ORD-00536,CUST-0444,2023-01-22,Cancelled,Mobile App,44.41,0.25,Asia Pacific,Singapore
ORD-00537,CUST-0405,2021-12-20,Pending,In-Store,9.18,0.11,APAC,Japan
ORD-00538,CUST-0038,2024-08-27,Completed,Partner Portal,29.22,0.11,Africa,South Africa
ORD-00539,CUST-0125,2020-07-13,Completed,Marketplace,11.76,0.29,Africa,Ghana
ORD-00540,CUST-0078,2021-09-13,Pending,Marketplace,$14.65,0.2,Europe,United Kingdom
ORD-00541,CUST-0461,2020-09-11,Refunded,Mobile App,$37.09,0.26,Middle East,Qatar
ORD-00542,CUST-0442,2021-08-31,Completed,In-Store,21.62,0.14,North America,United States
ORD-00543,CUST-0231,2020-11-12,Pending,Mobile App,13.57,0.05,Asia Pacific,India
ORD-00544,CUST-0027,2021-10-17,COMPLETED,Marketplace,28.29,0.25,Africa,South Africa
ORD-00545,CUST-0395,2021-12-04,Completed,Mobile App,42.11,0.07,Middle East,Qatar
ORD-00546,CUST-0025,09/10/2022,Cancelled,Website,4.29,0.29,Europe,Sweden
ORD-00547,CUST-0310,"September 12, 2020",Pending,Marketplace,8.85,0.2,Latin America,Chile
ORD-00548,CUST-0389,2021-03-12,Completed,Website,$27.21,0.34,Latin America,Colombia
ORD-00549,CUST-0478,2024-01-05,pending,Mobile App,2.57,0.01,North America,Mexico
ORD-00550,CUST-0156,2020-11-13,Completed,Website,3.33,1.14,Africa,Nigeria
ORD-00551,CUST-0081,07/01/2020,Completed,Phone,29.2,0.08,North America,Mexico
ORD-00552,CUST-0136,2024-08-09,Refunded,Mobile App,24.75,0.21,Europe,Sweden
ORD-00553,CUST-0140,2022-12-13,Pending,In-Store,33.8,0.05,Latin America,Brazil
ORD-00554,CUST-0256,2023-07-15,Completed,In-Store,31.33,0.12,Europe,Netherlands
ORD-00555,CUST-0166,2020-01-22,Completed,Partner Portal,37.03,0.11,Latin America,Argentina
ORD-00556,CUST-0093,2024-10-22,CANCELLED,Marketplace,7.13,0.13,North America,Canada
ORD-00557,CUST-0319,2021-12-30,Cancelled,Marketplace,24.19,0.03,Middle East,UAE
ORD-00558,CUST-0474,2020-01-16,Completed,Partner Portal,11.81,0.06,Europe,Germany
ORD-00559,CUST-0199,"March 4, 2024",Pending,Phone,3.92,0.34,Europe,United Kingdom
ORD-00560,CUST-0052,2023-12-25,Refunded,Marketplace,24.08,0.14,North America,Canada
ORD-00561,CUST-0340,22 July 2020,Completed,Website,11.29,0.32,Africa,Ghana
ORD-00562,CUST-0002,24/02/2023,Cancelled,Phone,42.18,0.07,Middle East,Qatar
ORD-00563,CUST-0119,2020-05-24,Refunded,Marketplace,18.11,0.23,North America,Canada
ORD-00564,CUST-0200,2023-09-26,Completed,Marketplace,37.55,0.11,North America,United States
ORD-00565,CUST-0076,2024-09-19,Completed,Phone,$17.92,0.02,Africa,Ghana
ORD-00566,CUST-0055,2024-01-09,Refunded,Website,22.27,0.26,North America,Canada
ORD-00567,CUST-0308,01/22/2021,Completed,Marketplace,21.53,0.03,Europe,Sweden
ORD-00568,CUST-0299,2022-12-04,Pending,Website,32.45,0.21,Latin America,Argentina
ORD-00569,CUST-0418,2024-02-12,Completed,Mobile App,32.39,0.14,Apac,Singapore
ORD-00570,CUST-0225,2021-11-12,Refunded,Phone,33.77,0.21,North america ,Canada
ORD-00571,CUST-0085,2023-10-11,Refunded,Website,38.24,0.31,Middle East,UAE
ORD-00572,CUST-0055,2021-09-30,Completed,,27.35,0.1,North America,Canada
ORD-00573,CUST-0194,2021-11-13,completed,In-Store,24.55,0.28,Asia Pacific,Australia
ORD-00574,CUST-0418,8 November 2020,Pending,Partner Portal,43.82,0.11,asia pacific,Singapore
ORD-00575,CUST-0082,2024-12-26,Refunded,In-Store,43.08,0.15,Africa ,South Africa
ORD-00576,CUST-0366,2020-06-10,Completed,Phone,7.48,0.12,Europe,Spain
ORD-00577,CUST-0250,2022-05-04,Completed,Website,13.09,0.1,Europe,Sweden
ORD-00578,CUST-0428,2022-04-23,Cancelled,Mobile App,7.6,0.04,Africa,Kenya
ORD-00579,CUST-0011,2020-10-10,Completed,Phone,$25.87,0.26,North America,Canada
ORD-00580,CUST-0123,02/10/2022,Refunded,Mobile App,30.2,0.01,Asia Pacific,Singapore
ORD-00581,CUST-0331,2023-06-25,Completed,Website,22.58,0.03,African Region,Kenya
ORD-00582,CUST-0341,2021-10-09,COMPLETED,Partner Portal,17.76,0.11,middle east,UAE
ORD-00583,CUST-0136,2020-05-06,Completed,Phone,3.1,0.2,Europe,Sweden
ORD-00584,CUST-0354,05/27/2023,Completed,Website,16.72,0.35,Europe,France
ORD-00585,CUST-0362,2022-03-04,Pending,Marketplace,31.03,0.27,Asia Pacific,India
ORD-00586,CUST-0051,2022-08-04,Completed,Marketplace,6.39,0.27,Middle East,Qatar
ORD-00587,CUST-0198,2024-09-29,Pending,Marketplace,29.79,0.04,north america,United States
ORD-00588,CUST-0253,2024-04-24,Completed,Marketplace,0.52,0.15,Africa,Nigeria
ORD-00589,CUST-0149,2020-10-02,Completed,Phone,39.51,0.13,Europe ,Germany
ORD-00590,CUST-0267,2022-01-19,Pending,Mobile App,3.46,0.35,Europe,Netherlands
ORD-00591,CUST-0223,"October 5, 2023",Cancelled,Partner Portal,29.45,0.09,Asia Pacific,South Korea
ORD-00592,CUST-0033,2021-02-19,Cancelled,Website,22.87,0.16,Middle East,Qatar
ORD-00593,CUST-0066,2024-06-13,Completed,In-Store,38.13,0.09,Asia Pacific,South Korea
ORD-00594,CUST-0377,2020-05-29,Cancelled,Website,41.05,0.12,Middle East,Qatar
ORD-00595,CUST-0227,2022-01-04,Completed,Mobile App,3.66,0.1,North America,Mexico
ORD-00596,CUST-0233,2022-01-31,Completed,Partner Portal,15.14,0.28,Europe,Germany
ORD-00597,CUST-0094,03/01/2024,Refunded,Phone,41.89,0.19,Europe,Germany
ORD-00598,CUST-0182,2023-04-16,Refunded,Marketplace,34.24,0.24,Latin America,Colombia
ORD-00599,CUST-0107,2023-08-29,Refunded,Phone,33.78,0.1,Middle East,Saudi Arabia
ORD-00600,CUST-0364,2022-10-25,Cancelled,Partner Portal,42.58,0.09,Africa,Nigeria
ORD-00601,CUST-0142,2024-07-24,Completed,Phone,30.1,0.13,Asia Pacific,Singapore
ORD-00602,CUST-0409,2021-09-21,Pending,,2.36,0.2,North America,United States
ORD-00603,CUST-0024,2022-09-25,Pending,Phone,26.96,0.3,Africa,Nigeria
ORD-00604,CUST-0313,2020-07-14,Refunded,Mobile App,20.04,0,Africa,Kenya
ORD-00605,CUST-0385,23/07/2024,CANCELLED,Mobile App,5.59,0.23,Middle East,Saudi Arabia
ORD-00606,CUST-0174,2023-11-14,Refunded,Mobile App,35.09,0.25,Europe,Spain
ORD-00607,CUST-0358,"May 19, 2021",Pending,Marketplace,$8.67,0.19,Asia Pacific,India
ORD-00608,CUST-0326,2020-03-18,Completed,Phone,41.03,0.09,Europe,Netherlands
ORD-00609,CUST-0222,2024-05-04,Cancelled,Website,23.29,0.02,APAC,India
ORD-00610,CUST-0241,2020-10-10,Refunded,Website,36.93,0.11,Europe,Germany
ORD-00611,CUST-0436,21/01/2024,Refunded,Marketplace,7.21,0.01,Middle East,Qatar
ORD-00612,CUST-0328,11/18/2024,Pending,Website,2.23,0.23,Middle East ,UAE
ORD-00613,CUST-0179,2022-06-18,Refunded,Marketplace,4.98,0.27,Middle East,Qatar
ORD-00614,CUST-0100,2020-06-14,Cancelled,In-Store,14.73,0.32,Europe,United Kingdom
ORD-00615,CUST-0449,2024-07-20,Refunded,Phone,33.45,0.03,Europe,United Kingdom
ORD-00616,CUST-0010,2023-03-07,Pending,Phone,19.33,0.2,LatAm,Chile
ORD-00617,CUST-0152,2022-11-18,Completed,Partner Portal,$15.93,0.22,Middle East,Saudi Arabia
ORD-00618,CUST-0025,2023-10-29,REFUNDED,In-Store,34.91,0.25,Europe,Sweden
ORD-00619,CUST-0349,"July 14, 2023",Completed,Marketplace,36.46,0.11,Asia Pacific,South Korea
ORD-00620,CUST-0219,2024-04-25,Pending,Mobile App,44.28,0.19,Asia Pacific,Australia
ORD-00621,CUST-0204,2022-03-15,Completed,Partner Portal,2.3,0.27,Africa,South Africa
ORD-00622,CUST-0225,2022-04-21,Pending,In-Store,23.81,0.27,North America,Canada
ORD-00623,CUST-0326,2022-08-20,Completed,Partner Portal,16.66,0.11,Europe,Netherlands
ORD-00624,CUST-0325,2023-11-24,Pending,Partner Portal,38.51,0.22,LATAM,Chile
ORD-00625,CUST-0009,2024-02-11,Completed,Phone,29.6,0.07,Europe,United Kingdom
ORD-00626,CUST-0300,2024-04-25,Completed,In-Store,14.97,0.08,Africa,Nigeria
ORD-00627,CUST-0465,22 April 2021,Completed,Partner Portal,37.73,0.07,Asia Pacific,India
ORD-00628,CUST-0253,2020-08-26,Completed,Marketplace,21.43,0.26,Africa,Nigeria
ORD-00629,CUST-0073,25/12/2024,Completed,Mobile App,27.02,0.29,Latin America,Argentina
ORD-00630,CUST-0014,2023-06-19,Refunded,In-Store,2.78,0.33,Africa,South Africa
ORD-00631,CUST-0040,2023-03-10,Refunded,Website,10.29,0.18,Asia Pacific,Singapore
ORD-00632,CUST-0255,2024-01-25,Completed,Partner Portal,3.42,0.14,Africa,Nigeria
ORD-00633,CUST-0371,2020-07-04,Completed,Phone,26.81,0.02,North America,United States
ORD-00634,CUST-0069,2024-09-12,Completed,In-Store,22.81,0.27,Latin America,Argentina
ORD-00635,CUST-0295,2023-10-06,Completed,Website,2.45,0.09,Europe,France
ORD-00636,CUST-0220,2022-01-09,Refunded,Mobile App,30.86,0.14,North America,United States
ORD-00637,CUST-0259,2021-08-10,Pending,Mobile App,23.5,0.02,North America,Mexico
ORD-00638,CUST-0393,04/13/2020,Completed,Partner Portal,7.01,0.2,middle east,UAE
ORD-00639,CUST-0407,2020-09-25,Completed,Phone,11.3,0.16,Mid East,Qatar
ORD-00640,CUST-0100,2022-07-27,Refunded,Partner Portal,26.33,0.27,Europe,United Kingdom
ORD-00641,CUST-0372,2022-04-04,Pending,,20.04,0.2,Latin America,Chile
ORD-00642,CUST-0241,"April 23, 2024",Cancelled,Marketplace,36.64,0.3,Europe,Germany
ORD-00643,CUST-0258,02/19/2022,Pending,In-Store,23.13,0.15,Asia Pacific,Singapore
ORD-00644,CUST-0110,2022-08-13,Cancelled,Phone,5.24,0.13,Middle East,Saudi Arabia
ORD-00645,CUST-0440,"July 25, 2022",Completed,,1.04,0.01,Asia Pacific,India
ORD-00646,CUST-0365,2020-05-25,Refunded,Phone,14.62,0.16,Europe,United Kingdom
ORD-00647,CUST-0331,2020-04-09,Completed,Phone,12.82,0.04,Africa,Kenya
ORD-00648,CUST-0125,2022-07-08,Cancelled,Mobile App,42.44,0.14,Africa,Ghana
ORD-00649,CUST-0253,2022-09-18,Completed,Partner Portal,26.62,0.2,Africa,Nigeria
ORD-00650,CUST-0274,2024-03-07,Completed,Mobile App,34.2,0.05,North America,Canada
ORD-00651,CUST-0396,2022-09-29,Cancelled,Marketplace,2.04,0.16,Asia Pacific,India
ORD-00652,CUST-0469,2023-08-11,Completed,Marketplace,$10.99,0.3,Africa,Nigeria
ORD-00653,CUST-0037,2020-07-03,Completed,Phone,5.84,0.14,North America,Mexico
ORD-00654,CUST-0442,"November 13, 2022",Completed,,$44.94,0.33,North America,United States
ORD-00655,CUST-0201,13/01/2020,Completed,Phone,3.63,0.33,Africa,Nigeria
ORD-00656,CUST-0185,2023-08-30,Refunded,Phone,21.53,0.14,Europe,Netherlands
ORD-00657,CUST-0197,2021-03-18,Completed,,2.86,0.12,Latin America,Colombia
ORD-00658,CUST-0280,2024-10-09,Completed,,41.07,0,Latin America,Colombia
ORD-00659,CUST-0181,2021-02-10,Completed,Phone,7.51,0.26,North america ,Mexico
ORD-00660,CUST-0327,2020-09-29,pending,Marketplace,37.08,0.05,Middle East,Saudi Arabia
ORD-00661,CUST-0003,08/02/2021,Refunded,Website,4.71,0.34,Latin America,Colombia
ORD-00662,CUST-0438,2024-03-03,Completed,Mobile App,39.6,0.35,Europe,Sweden
ORD-00663,CUST-0272,12/30/2020,Completed,Partner Portal,29.89,0.2,Africa,South Africa
ORD-00664,CUST-0088,2023-12-28,Completed,Marketplace,19.4,0.13,North america ,Canada
ORD-00665,CUST-0048,2023-07-19,Cancelled,Partner Portal,24.15,0.21,North America,Canada
ORD-00666,CUST-0016,2024-03-15,Completed,In-Store,$25.73,0.3,North America,Mexico
ORD-00667,CUST-0227,2021-08-18,Completed,Mobile App,27.22,0.25,North America,Mexico
ORD-00668,CUST-0233,2023-03-10,Completed,Website,38.23,0.2,Europe,Germany
ORD-00669,CUST-0480,2023-03-17,Pending,Mobile App,$28.14,0.29,North America,Canada
ORD-00670,CUST-0051,2024-11-12,Cancelled,Website,44.62,0.01,Middle East,Qatar
ORD-00671,CUST-0254,08/05/2024,Cancelled,Phone,2.68,0.21,Asia Pacific,Singapore
ORD-00672,CUST-0300,2021-05-13,Completed,Website,38.08,0.06,Africa,Nigeria
ORD-00673,CUST-0184,2024-03-02,Pending,Phone,9.07,0.29,Africa,South Africa
ORD-00674,CUST-0242,2020-06-05,Completed,Mobile App,36.92,0.26,asia pacific,India
ORD-00675,CUST-0125,2024-01-10,Cancelled,Partner Portal,7.95,0.05,Africa,Ghana
ORD-00676,CUST-0405,2022-11-04,Completed,Phone,5.66,0.04,Asia Pacific,Japan
ORD-00677,CUST-0352,2022-12-22,Completed,Mobile App,$16.67,0,Europe,France
ORD-00678,CUST-0215,29 April 2023,Refunded,Mobile App,2.7,0.24,Europe,United Kingdom
ORD-00679,CUST-0170,2020-04-04,Refunded,,43.83,0.18,North America,Mexico
ORD-00680,CUST-0181,12 June 2024,Pending,Marketplace,14.76,0.12,North America,Mexico
ORD-00681,CUST-0178,2020-11-29,Pending,Website,30.13,0.13,Latin America,Argentina
ORD-00682,CUST-0039,2020-05-03,Completed,Website,12.48,0.14,North America,Mexico
ORD-00683,CUST-0191,2024-08-15,Completed,Website,15.79,0.25,North America,Canada
ORD-00684,CUST-0262,09/28/2024,cancelled,In-Store,9.35,0.22,N. America,Canada
ORD-00685,CUST-0229,"November 18, 2023",Refunded,Website,33.38,0.02,Middle East,Qatar
ORD-00686,CUST-0128,2023-06-11,Completed,Mobile App,4,1.25,North America,United States
ORD-00687,CUST-0125,2023-07-20,Pending,In-Store,6.64,0.13,Africa,Ghana
ORD-00688,CUST-0084,2021-02-14,Completed,Phone,$5.45,0.33,north america,United States
ORD-00689,CUST-0318,11 November 2023,Refunded,Phone,36.81,0.08,Asia Pacific,South Korea
ORD-00690,CUST-0322,2024-04-27,Pending,Website,36.39,1.48,Africa,Ghana
ORD-00691,CUST-0133,2024-03-28,Completed,Mobile App,10.11,0.1,Africa,Ghana
ORD-00692,CUST-0038,2022-08-26,Pending,Mobile App,3.73,0.17,Africa,South Africa
ORD-00693,CUST-0221,2023-01-27,Completed,Phone,$43.35,0.27,Apac,Japan
ORD-00694,CUST-0373,2022-06-14,Refunded,Partner Portal,27.87,0.25,Europe,France
ORD-00695,CUST-0403,2022-09-04,Refunded,,10.79,0.25,Africa ,Kenya
ORD-00696,CUST-0315,2021-03-09,Completed,Marketplace,31.41,0.3,Africa,Nigeria
ORD-00697,CUST-0335,2024-03-06,Pending,Marketplace,25.81,0.35,Europe,Germany
ORD-00698,CUST-0185,2022-09-02,Refunded,Phone,15.35,0.24,Europe,Netherlands
ORD-00699,CUST-0258,"November 2, 2021",Refunded,Mobile App,5.73,0.07,Asia Pacific,Singapore
ORD-00700,CUST-0350,2020-12-06,Cancelled,Mobile App,$7.25,0.26,Africa,Ghana
ORD-00701,CUST-0087,2021-11-06,cancelled,In-Store,35.97,0.2,Asia Pacific,Australia
ORD-00702,CUST-0049,2023-07-13,Completed,Partner Portal,33.4,0.02,Europe,United Kingdom
ORD-00703,CUST-0183,2022-02-06,Completed,Phone,15.92,1.11,Latin America,Chile
ORD-00704,CUST-0316,2023-06-08,Completed,In-Store,$9.63,0.26,Africa,Kenya
ORD-00705,CUST-0306,2022-03-15,Refunded,Website,20.23,1.2,Europe,Spain
ORD-00706,CUST-0333,20/09/2024,Completed,Website,0.31,0.27,Asia Pacific,Singapore
ORD-00707,CUST-0122,2020-10-04,Completed,Phone,44.92,0,Africa,Nigeria
ORD-00708,CUST-0368,2021-01-22,Cancelled,Mobile App,27.94,0.12,Africa,Nigeria
ORD-00709,CUST-0288,2023-09-23,Completed,Phone,20.68,0.25,Africa,Kenya
ORD-00710,CUST-0251,2024-02-17,COMPLETED,,17.7,0.06,North America,Canada
ORD-00711,CUST-0429,2020-07-13,Completed,Partner Portal,34.07,0.2,Asia Pacific,India
ORD-00712,CUST-0001,2021-08-28,Completed,Website,33.83,0.12,Latin America,Argentina
ORD-00713,CUST-0441,2021-07-11,Pending,Marketplace,33.68,0.32,LatAm,Argentina
ORD-00714,CUST-0269,2021-07-09,Cancelled,Phone,31.14,0.21,African Region,Ghana
ORD-00715,CUST-0173,2020-04-03,Completed,Phone,26.22,0.08,Europe,United Kingdom
ORD-00716,CUST-0161,2023-01-02,Completed,Website,14.37,0.2,NA Region,Mexico
ORD-00717,CUST-0402,2021-02-09,Cancelled,Partner Portal,20.12,0.29,Africa,Nigeria
ORD-00718,CUST-0199,2023-10-01,Refunded,Marketplace,33.58,0.19,Europe,United Kingdom
ORD-00719,CUST-0059,"August 18, 2023",Completed,Phone,32.97,0.13,North america ,Mexico
ORD-00720,CUST-0447,5 September 2022,Cancelled,In-Store,42.21,0.18,Middle East,UAE
ORD-00721,CUST-0075,2024-03-10,REFUNDED,In-Store,20.74,0.09,Africa,South Africa
ORD-00722,CUST-0124,2024-09-08,Completed,In-Store,12.4,0.21,Latin America,Argentina
ORD-00723,CUST-0160,2024-08-09,Completed,Phone,24.51,0.23,latin america,Colombia
ORD-00724,CUST-0471,2023-03-09,Refunded,Marketplace,25.45,0.13,Latin America,Brazil
ORD-00725,CUST-0348,2023-05-06,Completed,Partner Portal,3.79,0.22,Middle East,UAE
ORD-00726,CUST-0026,15/04/2023,Completed,Partner Portal,24.37,0.11,Africa,South Africa
ORD-00727,CUST-0115,2022-12-11,Completed,Marketplace,$42.10,0.05,Middle East,UAE
ORD-00728,CUST-0164,2022-07-05,Completed,Partner Portal,16.97,0.33,North America,Mexico
ORD-00729,CUST-0204,2023-08-28,PENDING,Website,$12.04,0.21,Africa,South Africa
ORD-00730,CUST-0193,"March 10, 2020",Completed,Marketplace,9.98,0.22,North America,Canada
ORD-00731,CUST-0394,2023-04-17,Refunded,Website,12.32,0.15,Latin America,Argentina
ORD-00732,CUST-0001,2024-07-27,Completed,Mobile App,$1.21,0.13,Latin America,Argentina
ORD-00733,CUST-0309,2024-06-29,Cancelled,Phone,$38.11,1.2,Africa,South Africa
ORD-00734,CUST-0234,2022-07-16,Completed,Mobile App,36.04,0.08,europe,Germany
ORD-00735,CUST-0268,2021-07-07,Completed,In-Store,27.42,0.03,Europe,France
ORD-00736,CUST-0353,2024-10-28,Completed,Phone,43.57,0.12,Europe,France
ORD-00737,CUST-0419,2023-01-23,Pending,Phone,$16.61,0.2,Africa,Ghana
ORD-00738,CUST-0382,2020-11-24,Pending,Phone,5.94,0.08,latin america,Brazil
ORD-00739,CUST-0391,13 November 2021,Completed,In-Store,34.5,0.14,Asia Pacific,South Korea
ORD-00740,CUST-0323,2022-10-25,Completed,Partner Portal,30.59,0.2,Europe,Spain
ORD-00741,CUST-0001,2024-05-05,Completed,Phone,41.45,0.11,Latin America,Argentina
ORD-00742,CUST-0051,2022-05-21,Refunded,Partner Portal,21.04,0.26,Middle East,Qatar
ORD-00743,CUST-0192,2023-02-06,Pending,Website,32.57,0.16,Latin America,Argentina
ORD-00744,CUST-0468,19 September 2023,Completed,Mobile App,$28.88,0.07,North America,Canada
ORD-00745,CUST-0346,2021-09-09,Completed,Phone,21.85,0.33,North America,Canada
ORD-00746,CUST-0429,2023-08-18,Pending,Partner Portal,25.99,0.14,Asia Pacific,India
ORD-00747,CUST-0090,13/01/2022,Completed,,30.55,0.09,Asia Pacific,India
ORD-00748,CUST-0146,2024-10-28,Completed,Partner Portal,3.46,0.17,Africa,Kenya
ORD-00749,CUST-0032,2022-05-17,Pending,Marketplace,31.42,0.05,EUROPE,Netherlands
ORD-00750,CUST-0449,2024-08-12,Refunded,Phone,23.39,0.07,Europe,United Kingdom
ORD-00751,CUST-0399,26 September 2024,Completed,Website,3.43,0.15,Latin America,Chile
ORD-00752,CUST-0046,01/08/2024,Pending,In-Store,7.64,0.14,Asia Pacific,Japan
ORD-00753,CUST-0167,2024-03-02,Cancelled,Website,2.4,0.15,North America,United States
ORD-00754,CUST-0281,02/02/2021,refunded,Marketplace,0.34,0.13,Latin America,Colombia
ORD-00755,CUST-0194,"September 9, 2020",Completed,Phone,29.92,0.04,Asia Pacific,Australia
ORD-00756,CUST-0232,11/04/2020,Refunded,In-Store,2.15,0.35,Middle East,Saudi Arabia
ORD-00757,CUST-0274,2023-01-08,Completed,Mobile App,28.91,0.32,North America,Canada
ORD-00758,CUST-0052,05/07/2023,Completed,Marketplace,23.56,0.35,North America,Canada
ORD-00759,CUST-0310,2020-03-02,Pending,Mobile App,3.14,0.06,Latin America,Chile
ORD-00760,CUST-0385,12/12/2020,Pending,Mobile App,19.28,0.33,Middle East,Saudi Arabia
ORD-00761,CUST-0139,12/21/2024,refunded,In-Store,$13.26,0.27,Europe,Netherlands
ORD-00762,CUST-0395,2023-06-25,Cancelled,Phone,30.8,0.01,Middle East,Qatar
ORD-00763,CUST-0416,2023-09-19,Completed,Phone,34.13,0.13,Middle East,Saudi Arabia
ORD-00764,CUST-0034,2020-10-10,Completed,Mobile App,19.92,0.12,Middle East,UAE
ORD-00765,CUST-0024,2022-06-01,Cancelled,Mobile App,40.84,0.08,Africa,Nigeria
ORD-00766,CUST-0047,2021-07-05,Refunded,Phone,12.35,0.12,Asia Pacific,India
ORD-00767,CUST-0454,"September 9, 2021",Pending,Marketplace,8.21,0.07,europe,Germany
ORD-00768,CUST-0479,22 December 2023,Completed,Partner Portal,6.92,0.14,Latin America,Argentina
ORD-00769,CUST-0235,2021-10-17,Completed,In-Store,34.92,0.34,Middle East,UAE
ORD-00770,CUST-0457,2023-11-09,Pending,Partner Portal,35.57,0.24,North America,Mexico
ORD-00771,CUST-0109,2023-08-14,Completed,Partner Portal,30.02,0.03,Latin America,Chile
ORD-00772,CUST-0377,2023-03-27,Completed,Marketplace,13.12,0.18,Middle East,Qatar
ORD-00773,CUST-0041,2021-03-28,Pending,Marketplace,36.7,0.24,Europe,Netherlands
ORD-00774,CUST-0373,2021-07-26,Refunded,Mobile App,$20.43,0.17,Europe,France
ORD-00775,CUST-0327,2023-01-20,Cancelled,Mobile App,7.15,0.25,Middle East,Saudi Arabia
ORD-00776,CUST-0230,2020-05-19,Completed,Mobile App,14.3,0.03,Latin America,Colombia
ORD-00777,CUST-0351,2024-01-03,Completed,Mobile App,3.9,0.3,Europe,Spain
ORD-00778,CUST-0256,2024-05-21,Completed,Mobile App,20.37,0.08,Europe,Netherlands
ORD-00779,CUST-0013,2023-11-01,Pending,Phone,7.64,0.24,Latin America,Brazil
ORD-00780,CUST-0323,2021-06-20,Completed,Mobile App,1.35,0.29,Europe,Spain
ORD-00781,CUST-0044,2023-03-30,Pending,,$15.66,0.04,Africa,South Africa
ORD-00782,CUST-0065,2020-03-02,Refunded,Phone,43.59,0.24,Middle East,UAE
ORD-00783,CUST-0448,2020-02-09,Completed,Mobile App,$38.51,0.32,Africa,South Africa
ORD-00784,CUST-0134,"March 15, 2023",Pending,Partner Portal,26.86,0.08,North America,United States
ORD-00785,CUST-0287,"January 30, 2024",Completed,,30.15,0.29,North America,Canada
ORD-00786,CUST-0403,11/12/2021,Refunded,In-Store,$14.22,0.13,Africa,Kenya
ORD-00787,CUST-0440,2021-03-16,Completed,In-Store,6.96,0.28,Asia Pacific,India
ORD-00788,CUST-0014,2022-06-01,Completed,Marketplace,$20.86,0.26,Africa,South Africa
ORD-00789,CUST-0362,"December 21, 2024",Completed,In-Store,14.94,0.3,Asia Pacific,India
ORD-00790,CUST-0386,"January 9, 2022",Completed,Marketplace,26.64,0.29,Latin America,Chile
ORD-00791,CUST-0054,"May 1, 2023",Pending,Partner Portal,34.89,0.1,Africa,Ghana
ORD-00792,CUST-0059,30 November 2024,Completed,Marketplace,31.42,0.2,North America,Mexico
ORD-00793,CUST-0157,2021-06-26,Completed,Mobile App,11.45,0.03,Latin America,Chile
ORD-00794,CUST-0054,20/02/2022,Cancelled,Phone,19.15,0.11,Africa,Ghana
ORD-00795,CUST-0165,2024-03-09,Completed,In-Store,36.5,0.03,Europe,Germany
ORD-00796,CUST-0268,2021-11-27,Pending,Phone,44.44,0.17,Europe,France
ORD-00797,CUST-0336,2022-01-30,Pending,Marketplace,$27.68,0.13,Latam,Chile
ORD-00798,CUST-0109,2022-02-10,Completed,Website,42.08,0.13,Latam,Chile
ORD-00799,CUST-0133,2020-07-10,completed,Phone,1.39,0.02,Africa,Ghana
ORD-00800,CUST-0030,2021-06-15,Completed,Phone,26.43,0.01,Asia Pacific,India
ORD-00801,CUST-0036,2023-11-18,Refunded,Website,18.36,0.18,Latin America,Colombia
ORD-00802,CUST-0241,2024-10-17,Completed,Mobile App,16.01,0.29,Europe,Germany
ORD-00803,CUST-0308,2021-07-04,Completed,Marketplace,43.96,0.05,Europe,Sweden
ORD-00804,CUST-0220,2020-05-21,Completed,In-Store,4.47,0.29,North America,United States
ORD-00805,CUST-0407,2023-11-28,Pending,In-Store,25.04,0.16,Middle East,Qatar
ORD-00806,CUST-0267,2023-10-21,Cancelled,Mobile App,5.67,1.47,Europe,Netherlands
ORD-00807,CUST-0378,2021-09-02,Completed,Phone,17.07,0.05,Middle East,Saudi Arabia
ORD-00808,CUST-0177,2022-12-11,Completed,Phone,$11.73,0.26,Asia-Pacific,India
ORD-00809,CUST-0477,2024-01-04,Refunded,Partner Portal,8.79,1.42,Europe,Germany
ORD-00810,CUST-0472,01/21/2023,Completed,Website,25.97,0.15,Europe,Netherlands
ORD-00811,CUST-0404,2022-02-01,Cancelled,Partner Portal,$16.85,0.01,LatAm,Colombia
ORD-00812,CUST-0028,2024-05-25,Completed,Website,36.93,0.27,Middle East,Saudi Arabia
ORD-00813,CUST-0286,2024-06-10,Refunded,Website,17.61,0.06,Africa,South Africa
ORD-00814,CUST-0420,2023-09-21,Completed,Phone,42.87,0.35,Europe,France
ORD-00815,CUST-0386,2022-05-10,Completed,Mobile App,43.98,0.1,Latin America,Chile
ORD-00816,CUST-0238,2024-07-03,Completed,Phone,32.54,0.05,LATAM,Argentina
ORD-00817,CUST-0473,2022-01-04,Completed,,$8.27,0.2,Europe,France
ORD-00818,CUST-0323,2022-09-24,Completed,Phone,33.19,0.31,Europe,Spain
ORD-00819,CUST-0293,2024-08-16,completed,Phone,27.09,0.08,Europe,Spain
ORD-00820,CUST-0409,"December 26, 2022",Cancelled,Marketplace,$11.82,0.12,North America,United States
ORD-00821,CUST-0347,2024-02-06,Completed,Website,25.76,0.24,North America,Mexico
ORD-00822,CUST-0362,9 December 2023,Completed,Phone,22.41,0.16,Asia Pacific,India
ORD-00823,CUST-0279,2023-10-14,Completed,In-Store,$17.23,0.26,Latin America,Chile
ORD-00824,CUST-0357,2021-11-07,Completed,,23.68,0.24,North America,Mexico
ORD-00825,CUST-0195,2022-11-11,Pending,,$29.13,0.11,Africa,Nigeria
ORD-00826,CUST-0475,2024-04-26,Refunded,In-Store,33.03,0.29,North America,Mexico
ORD-00827,CUST-0067,"April 21, 2021",Pending,Marketplace,$22.64,0.29,Africa,Ghana
ORD-00828,CUST-0407,2023-10-17,completed,,27.12,0.03,Middle East,Qatar
ORD-00829,CUST-0041,6 March 2021,Completed,Website,2.74,0.2,Europe,Netherlands
ORD-00830,CUST-0150,25/06/2021,Cancelled,Partner Portal,14.58,0.12,North America,Mexico
ORD-00831,CUST-0201,2020-11-20,Completed,Partner Portal,20.16,0.11,AFRICA,Nigeria
ORD-00832,CUST-0101,04/09/2024,Pending,Mobile App,28.26,0.3,Middle East,Qatar
ORD-00833,CUST-0075,2024-10-08,Refunded,Marketplace,27.53,0.28,AFRICA,South Africa
ORD-00834,CUST-0197,2022-06-03,Pending,Marketplace,20.16,0.17,LatAm,Colombia
ORD-00835,CUST-0258,2020-12-23,Completed,Mobile App,21.57,0.28,Asia Pacific,Singapore
ORD-00836,CUST-0121,2023-07-22,Cancelled,,12.94,0.32,Europe,Germany
ORD-00837,CUST-0182,2021-07-08,Pending,Phone,6.95,0.28,Latin America,Colombia
ORD-00838,CUST-0005,2023-02-15,Completed,Phone,33.98,0.06,Africa,South Africa
ORD-00839,CUST-0091,2024-09-19,Cancelled,Website,44.82,0.13,Africa,Ghana
ORD-00840,CUST-0050,"June 17, 2022",Cancelled,Partner Portal,$10.44,0.28,LatAm,Chile
ORD-00841,CUST-0005,2021-01-12,Completed,Marketplace,28.88,0.25,Africa,South Africa
ORD-00842,CUST-0415,2023-09-26,Cancelled,In-Store,28.37,0.22,Asia Pacific,South Korea
ORD-00843,CUST-0472,2024-11-02,Pending,Phone,30.77,0.32,Europe,Netherlands
ORD-00844,CUST-0254,09/05/2023,Refunded,Mobile App,11.58,0.23,Asia Pacific,Singapore
ORD-00845,CUST-0232,26/12/2024,Completed,Partner Portal,15.2,0.06,Middle East ,Saudi Arabia
ORD-00846,CUST-0449,"June 15, 2021",CANCELLED,Phone,44.96,0.2,Europe,United Kingdom
ORD-00847,CUST-0349,4 August 2021,Completed,Mobile App,8.63,0.08,Asia Pacific,South Korea
ORD-00848,CUST-0032,2023-09-03,Refunded,Mobile App,10.79,0.23,Europe,Netherlands
ORD-00849,CUST-0467,2024-06-23,Refunded,Marketplace,26.37,0.07,Middle East,Qatar
ORD-00850,CUST-0237,2024-02-21,Cancelled,Mobile App,13.25,0.08,Latin America,Brazil
ORD-00851,CUST-0009,2020-09-11,Completed,Partner Portal,33.01,0.05,Europe,United Kingdom
ORD-00852,CUST-0430,2024-12-11,Pending,Phone,24.63,0.15,Middle East,Saudi Arabia
ORD-00853,CUST-0177,2020-09-05,Completed,Partner Portal,18.86,0.31,Asia Pacific,India
ORD-00854,CUST-0365,2021-08-02,Pending,Phone,25.7,0.27,Europe,United Kingdom
ORD-00855,CUST-0390,2023-11-16,Refunded,Mobile App,3.95,0.06,Middle East,Saudi Arabia
ORD-00856,CUST-0195,7 January 2022,Cancelled,In-Store,27.62,0.31,Africa,Nigeria
ORD-00857,CUST-0003,2023-10-16,Cancelled,Marketplace,23.69,1.28,Latin America,Colombia
ORD-00858,CUST-0187,2021-07-23,Pending,Phone,1.84,0.25,north america,Canada
ORD-00859,CUST-0050,2023-07-11,Cancelled,Website,34.85,0.12,Latin America,Chile
ORD-00860,CUST-0318,2021-11-26,Completed,Marketplace,33.55,0.26,Asia Pacific,South Korea
ORD-00861,CUST-0162,"November 16, 2022",Refunded,Mobile App,38.96,0.3,Middle East,Qatar
ORD-00862,CUST-0073,2020-10-10,Completed,Partner Portal,39.95,0.08,LatAm,Argentina
ORD-00863,CUST-0030,06/11/2022,Refunded,Partner Portal,36.83,0.11,Asia Pacific ,India
ORD-00864,CUST-0227,2024-01-21,Completed,Phone,$31.78,0.33,North America,Mexico
ORD-00865,CUST-0013,2024-10-01,Cancelled,Website,9.84,0.05,Latin America,Brazil
ORD-00866,CUST-0316,"October 1, 2022",Refunded,Marketplace,39.71,0.33,Africa,Kenya
ORD-00867,CUST-0034,2022-10-19,Completed,Mobile App,9.73,0.08,middle east,UAE
ORD-00868,CUST-0301,2023-09-02,Completed,Phone,25.3,0.18,North America,United States
ORD-00869,CUST-0472,2023-05-12,Completed,Website,39.47,0.32,Europe ,Netherlands
ORD-00870,CUST-0109,2024-06-11,Pending,Phone,$30.60,0.1,Latin America,Chile
ORD-00871,CUST-0062,2023-09-13,Refunded,Marketplace,17.96,1.43,North America,Mexico
ORD-00872,CUST-0395,2021-03-24,Completed,Partner Portal,12.16,0.22,Middle East,Qatar
ORD-00873,CUST-0404,2020-05-21,Refunded,Website,9.6,0.03,Latin America,Colombia
ORD-00874,CUST-0313,2023-04-09,Completed,,13.07,0.21,Africa,Kenya
ORD-00875,CUST-0401,2020-10-11,Completed,Website,24.81,0,middle east,Qatar
ORD-00876,CUST-0387,2022-08-05,Cancelled,,34.97,0.28,Middle East,Qatar
ORD-00877,CUST-0219,29 October 2020,Cancelled,Website,9.28,0.06,Asia Pacific,Australia
ORD-00878,CUST-0160,2024-11-07,Refunded,Marketplace,$29.42,0.33,Latin America,Colombia
ORD-00879,CUST-0301,07/09/2021,Cancelled,Website,16.54,0.16,North America,United States
ORD-00880,CUST-0187,2021-02-09,Cancelled,Phone,22.9,0.32,North America,Canada
ORD-00881,CUST-0082,2023-06-07,Completed,In-Store,$2.70,0.04,Africa ,South Africa
ORD-00882,CUST-0341,2021-04-05,Cancelled,Mobile App,$14.95,0.11,Middle East,UAE
ORD-00883,CUST-0320,26 April 2020,Refunded,Phone,7.09,0.18,Middle East,UAE
ORD-00884,CUST-0158,2022-10-20,Completed,Website,31.21,0.06,Middle East,Saudi Arabia
ORD-00885,CUST-0336,2022-10-23,COMPLETED,Marketplace,$42.77,0.32,Latin America,Chile
ORD-00886,CUST-0284,05/14/2020,Pending,Website,21.53,0.09,North America,United States
ORD-00887,CUST-0003,2020-09-16,Completed,In-Store,12.13,0.26,Latin America,Colombia
ORD-00888,CUST-0422,"March 27, 2021",Completed,Partner Portal,34.68,0.19,NA Region,Canada
ORD-00889,CUST-0121,2021-07-01,Refunded,Website,31.03,0.16,Europe,Germany
ORD-00890,CUST-0067,2020-10-10,Pending,In-Store,38.18,0.09,Africa,Ghana
ORD-00891,CUST-0454,2021-09-18,Completed,Website,34.32,0.02,Europe,Germany
ORD-00892,CUST-0225,2 October 2023,Completed,Mobile App,37.45,0.34,North America,Canada
ORD-00893,CUST-0264,2022-05-31,Pending,Partner Portal,37.39,0.25,Europe,United Kingdom
ORD-00894,CUST-0457,2022-05-02,Completed,,37.5,0.05,N. America,Mexico
ORD-00895,CUST-0288,2020-04-02,Refunded,Phone,25.78,0.09,Africa,Kenya
ORD-00896,CUST-0115,2022-10-27,Completed,Marketplace,24.44,0.21,Middle East,UAE
ORD-00897,CUST-0097,2024-03-19,completed,Partner Portal,$29.10,0.31,Europe,Netherlands
ORD-00898,CUST-0179,2023-07-25,Completed,In-Store,18.71,0.3,Mid East,Qatar
ORD-00899,CUST-0125,2022-02-13,Completed,Marketplace,$43.35,0.12,AFRICA,Ghana
ORD-00900,CUST-0403,2023-03-12,Cancelled,Phone,29.37,0.1,Africa,Kenya
ORD-00901,CUST-0208,2023-10-23,Completed,Mobile App,3.88,0.09,europe,Germany
ORD-00902,CUST-0218,03/30/2021,Refunded,In-Store,36.33,0.09,Africa,South Africa
ORD-00903,CUST-0103,2020-01-10,Completed,Partner Portal,10.29,0.3,North America,Canada
ORD-00904,CUST-0078,29 November 2022,REFUNDED,Phone,15.21,0.01,Europe,United Kingdom
ORD-00905,CUST-0263,"June 24, 2021",Cancelled,Marketplace,18.88,0.33,Asia Pacific,Singapore
ORD-00906,CUST-0065,2024-12-02,Refunded,,18.39,0,Middle East,UAE
ORD-00907,CUST-0361,2024-04-05,Cancelled,Website,35.75,0.07,Latin America,Brazil
ORD-00908,CUST-0092,23 October 2020,Pending,,7.23,0.3,Latin America,Brazil
ORD-00909,CUST-0003,2021-11-18,Completed,Phone,25.37,0.31,Latin America,Colombia
ORD-00910,CUST-0058,2022-02-12,Refunded,,7.82,0.03,Asia Pacific,South Korea
ORD-00911,CUST-0315,2022-06-08,Completed,Mobile App,$25.49,0.18,Africa,Nigeria
ORD-00912,CUST-0348,2024-09-16,Completed,In-Store,17.59,0.27,Middle East,UAE
ORD-00913,CUST-0299,02/02/2023,Cancelled,In-Store,32.48,0.27,latin america,Argentina
ORD-00914,CUST-0308,2024-06-24,Completed,In-Store,13.25,0.24,Europe,Sweden
ORD-00915,CUST-0313,2022-10-13,Completed,,28.19,0.09,Africa,Kenya
ORD-00916,CUST-0039,2022-01-10,Refunded,In-Store,30.32,0.08,North America,Mexico
ORD-00917,CUST-0363,2022-10-29,Completed,Partner Portal,5.1,0.04,Africa,Kenya
ORD-00918,CUST-0187,"January 1, 2020",Completed,Phone,28.58,0.11,North America,Canada
ORD-00919,CUST-0426,2021-06-20,Completed,In-Store,12.03,0.22,Africa,Ghana
ORD-00920,CUST-0212,06/23/2024,Cancelled,Marketplace,$21.60,0.01,Middle East,Saudi Arabia
ORD-00921,CUST-0097,2021-03-09,CANCELLED,In-Store,13.2,0.29,europe,Netherlands
ORD-00922,CUST-0356,2024-07-24,Pending,In-Store,13.6,0.08,EUROPE,Sweden
ORD-00923,CUST-0218,2024-12-05,Completed,Partner Portal,34.06,0.18,Africa,South Africa
ORD-00924,CUST-0164,2021-11-19,Completed,Partner Portal,$40.37,0.04,north america,Mexico
ORD-00925,CUST-0417,2020-10-01,Pending,Website,37.04,0.03,Middle East,UAE
ORD-00926,CUST-0398,9 June 2021,Cancelled,Phone,31.56,0.13,Latin America,Brazil
ORD-00927,CUST-0289,"June 20, 2023",Refunded,Partner Portal,26.66,0.13,Europe,Netherlands
ORD-00928,CUST-0141,2023-04-13,Completed,Website,28.11,0.3,North America,United States
ORD-00929,CUST-0075,2022-06-20,Refunded,Mobile App,27.16,0.16,Africa ,South Africa
ORD-00930,CUST-0349,2021-09-09,Completed,In-Store,23.04,0.35,Asia Pacific,South Korea
ORD-00931,CUST-0182,2022-04-05,Completed,In-Store,8.3,0.3,Latin America ,Colombia
ORD-00932,CUST-0219,2020-03-05,Completed,In-Store,4.19,0.1,Apac,Australia
ORD-00933,CUST-0222,2024-10-06,Pending,Partner Portal,27.57,0.19,Asia Pacific,India
ORD-00934,CUST-0157,10/07/2024,Cancelled,Partner Portal,$9.81,0.25,Latin America,Chile
ORD-00935,CUST-0333,2021-01-14,Completed,Mobile App,32.45,0.24,Asia Pacific,Singapore
ORD-00936,CUST-0246,2021-03-27,Pending,Website,10.09,0.03,Asia-Pacific,Singapore
ORD-00937,CUST-0176,2020-02-16,Cancelled,,$12.88,0.06,Europe,Spain
ORD-00938,CUST-0079,2021-10-06,Cancelled,Phone,23.56,0.3,AFRICA,South Africa
ORD-00939,CUST-0321,2020-06-08,Completed,Mobile App,20.67,0.27,Europe,United Kingdom
ORD-00940,CUST-0225,2021-04-26,Cancelled,Website,40.11,0.27,North America,Canada
ORD-00941,CUST-0006,2021-03-05,Pending,Partner Portal,4.22,0.06,Asia-Pacific,South Korea
ORD-00942,CUST-0189,2020-10-13,Completed,Phone,$5.24,0.24,Africa,Nigeria
ORD-00943,CUST-0327,18/07/2022,Pending,Mobile App,1.82,0.21,Middle East,Saudi Arabia
ORD-00944,CUST-0188,2021-05-06,Completed,Partner Portal,19.01,0.35,AFRICA,South Africa
ORD-00945,CUST-0125,2022-08-28,Pending,Partner Portal,$8.73,0.11,AFRICA,Ghana
ORD-00946,CUST-0138,2024-08-17,Completed,Phone,2.98,0.14,Middle East,UAE
ORD-00947,CUST-0022,12/09/2024,Completed,Phone,$34.14,0.05,North America,United States
ORD-00948,CUST-0278,2024-06-17,Completed,,9.17,0.24,North America,United States
ORD-00949,CUST-0018,15/06/2024,Completed,,$33.51,1.31,Africa,Ghana
ORD-00950,CUST-0398,2023-05-02,Pending,Marketplace,$43.33,0.28,Latin America,Brazil
ORD-00951,CUST-0166,"November 30, 2023",Refunded,Mobile App,$12.46,0.11,Latin America,Argentina
ORD-00952,CUST-0413,2024-01-31,Completed,Website,11.92,0.02,Europe,Germany
ORD-00953,CUST-0185,11/10/2021,Pending,Mobile App,41.82,0.02,Europe,Netherlands
ORD-00954,CUST-0059,3 November 2022,Completed,In-Store,28.4,0.29,NA Region,Mexico
ORD-00955,CUST-0174,2022-03-15,Completed,Partner Portal,37.98,0.05,Europe,Spain
ORD-00956,CUST-0216,2023-11-14,Cancelled,Mobile App,13.88,0.13,Africa,Kenya
ORD-00957,CUST-0125,2022-11-11,Completed,Mobile App,4.15,0.13,Africa,Ghana
ORD-00958,CUST-0288,2021-11-24,Completed,Mobile App,16.77,0.04,Africa,Kenya
ORD-00959,CUST-0076,2024-02-10,Completed,Partner Portal,36.53,0.3,Africa,Ghana
ORD-00960,CUST-0369,2024-01-17,Refunded,Phone,36.4,0.07,Middle East,Qatar
ORD-00961,CUST-0453,2021-02-04,Pending,Partner Portal,38.98,0.14,Latin America,Argentina
ORD-00962,CUST-0191,2020-05-04,Refunded,Phone,18.31,0.05,north america,Canada
ORD-00963,CUST-0085,2023-12-29,Refunded,Marketplace,9.76,0.11,Middle East,UAE
ORD-00964,CUST-0072,2020-02-13,Pending,In-Store,$41.16,0.09,Latin America,Colombia
ORD-00965,CUST-0462,2023-04-21,Completed,Partner Portal,5.67,0.27,Middle East,Saudi Arabia
ORD-00966,CUST-0206,"July 30, 2024",Pending,Partner Portal,27.64,0.06,Europe,Netherlands
ORD-00967,CUST-0066,2020-05-09,Cancelled,,10.93,0.05,Asia Pacific,South Korea
ORD-00968,CUST-0433,2021-05-15,Completed,Phone,2.39,0.23,Latin America,Argentina
ORD-00969,CUST-0171,2022-02-23,Completed,Mobile App,14.06,0.25,Europe,Netherlands
ORD-00970,CUST-0454,01/02/2021,Completed,Phone,40.52,0.33,Europe,Germany
ORD-00971,CUST-0004,2021-07-13,Cancelled,Mobile App,11.72,0.23,Latin America,Colombia
ORD-00972,CUST-0167,2021-08-09,Refunded,,11.38,0.34,North America,United States
ORD-00973,CUST-0195,2021-09-04,Pending,In-Store,30.4,0.31,Africa,Nigeria
ORD-00974,CUST-0116,2022-01-04,Completed,In-Store,$17.74,0.26,Latin America,Chile
ORD-00975,CUST-0071,2020-08-30,Refunded,Marketplace,1.37,0.24,LATAM,Argentina
ORD-00976,CUST-0215,2022-09-28,Completed,Marketplace,$43.89,0.2,Europe,United Kingdom
ORD-00977,CUST-0442,2023-09-23,Refunded,Website,11.16,0.26,North America,United States
ORD-00978,CUST-0403,2023-09-17,pending,Website,16.09,0.33,Africa,Kenya
ORD-00979,CUST-0180,2024-12-20,Completed,Mobile App,25.93,0.28,North America,Mexico
ORD-00980,CUST-0348,2020-08-23,COMPLETED,Mobile App,23.72,0.31,Middle East ,UAE
ORD-00981,CUST-0292,2020-09-18,Completed,Website,23.91,0.28,Europe,France
ORD-00982,CUST-0397,2024-09-08,Pending,Marketplace,43.48,0.01,Latin America,Argentina
ORD-00983,CUST-0395,2022-08-28,Cancelled,Mobile App,7.11,0.08,Middle East,Qatar
ORD-00984,CUST-0308,2022-09-07,Pending,Partner Portal,$24.50,0.35,Europe,Sweden
ORD-00985,CUST-0092,2020-03-08,Refunded,Website,4.7,0.18,Latin America,Brazil
ORD-00986,CUST-0400,2024-02-05,Refunded,Partner Portal,6.07,0.13,Asia Pacific,Australia
ORD-00987,CUST-0174,2020-12-30,Completed,Phone,26.56,0.12,Europe,Spain
ORD-00988,CUST-0018,2021-11-12,Completed,Phone,29.79,0.17,Africa,Ghana
ORD-00989,CUST-0275,2020-08-05,PENDING,Partner Portal,38.23,0.2,Africa,South Africa
ORD-00990,CUST-0022,2022-07-20,Refunded,Marketplace,36.92,0.02,North America,United States
ORD-00991,CUST-0395,2021-10-22,Completed,Marketplace,35.32,0.34,Middle East,Qatar
ORD-00992,CUST-0425,2024-02-20,Completed,In-Store,6.46,0.02,North America,Canada
ORD-00993,CUST-0366,2023-06-18,Pending,Mobile App,41.08,0.1,Europe,Spain
ORD-00994,CUST-0132,2020-11-15,Pending,Phone,21.99,0.25,Africa,South Africa
ORD-00995,CUST-0402,25/11/2022,Refunded,In-Store,40.56,0.07,Africa,Nigeria
ORD-00996,CUST-0428,2023-10-25,Refunded,Marketplace,14.2,0.08,Africa,Kenya
ORD-00997,CUST-0409,2024-12-31,Completed,Marketplace,9.9,0.07,North America,United States
ORD-00998,CUST-0466,2020-03-14,Completed,In-Store,7.27,0.21,Europe,Spain
ORD-00999,CUST-0087,2020-09-02,Completed,Phone,16.67,0.25,Asia Pacific,Australia
ORD-01000,CUST-0225,24/07/2021,Completed,Marketplace,19.04,0.04,North America,Canada
ORD-01001,CUST-0019,2022-01-15,Pending,Partner Portal,37.43,0.27,Asia Pacific,India
ORD-01002,CUST-0337,2023-01-06,Pending,Mobile App,0.19,0.3,Middle East,UAE
ORD-01003,CUST-0265,2020-12-31,Refunded,In-Store,9.47,0.34,north america,United States
ORD-01004,CUST-0148,12/12/2020,Cancelled,Website,9.03,0.19,Middle East,UAE
ORD-01005,CUST-0005,2021-10-01,Pending,Website,4.24,0.09,Africa,South Africa
ORD-01006,CUST-0221,2021-03-06,Completed,Partner Portal,0.82,0.34,Asia Pacific,Japan
ORD-01007,CUST-0176,2021-10-14,Cancelled,Marketplace,11.58,0.3,Europe,Spain
ORD-01008,CUST-0423,2021-02-10,Completed,In-Store,42.56,0.18,Latin America,Colombia
ORD-01009,CUST-0413,14 December 2020,Cancelled,Partner Portal,27.25,0.07,Europe,Germany
ORD-01010,CUST-0093,"July 27, 2022",Completed,Mobile App,30.5,0.12,North America,Canada
ORD-01011,CUST-0077,2021-11-01,Pending,Website,20.06,0.14,Asia Pacific,Australia
ORD-01012,CUST-0317,2020-12-01,Pending,Website,13.56,0.02,Middle East,Qatar
ORD-01013,CUST-0408,2020-05-20,Completed,In-Store,37,0.01,Latin America,Colombia
ORD-01014,CUST-0109,01/11/2021,Refunded,Mobile App,22.97,0.29,Latin America,Chile
ORD-01015,CUST-0325,2022-05-03,CANCELLED,Website,13.64,0.27,Latin America,Chile
ORD-01016,CUST-0092,2022-11-29,Completed,Mobile App,41.13,0.23,Latin America,Brazil
ORD-01017,CUST-0456,"September 20, 2020",Cancelled,Marketplace,5.93,0.01,Europe,Sweden
ORD-01018,CUST-0078,2020-09-07,Pending,Mobile App,31.29,0.18,Europe ,United Kingdom
ORD-01019,CUST-0129,2021-03-10,Cancelled,In-Store,15.54,0.18,North America,Mexico
ORD-01020,CUST-0235,2022-01-19,Completed,Mobile App,26.57,0.11,Middle East,UAE
ORD-01021,CUST-0144,2020-06-02,Cancelled,Phone,1.55,0.27,Asia Pacific,Japan
ORD-01022,CUST-0414,1 March 2020,Completed,In-Store,11.11,0,North America,Canada
ORD-01023,CUST-0443,2024-02-01,Refunded,Partner Portal,40.35,0.19,Asia Pacific,Australia
ORD-01024,CUST-0267,2024-03-09,Completed,Partner Portal,43.89,0.34,Eur,Netherlands
ORD-01025,CUST-0122,2022-02-17,Completed,Website,11.37,0.01,africa,Nigeria
ORD-01026,CUST-0345,2021-11-02,Completed,In-Store,12.65,0.17,LatAm,Chile
ORD-01027,CUST-0135,2023-12-18,Completed,Phone,9.27,0.33,North America,Mexico
ORD-01028,CUST-0319,08/09/2023,Cancelled,Partner Portal,41.8,0.22,Middle East,UAE
ORD-01029,CUST-0433,2022-10-14,Pending,Marketplace,35.67,0.28,Latin America,Argentina
ORD-01030,CUST-0433,2021-04-16,Refunded,In-Store,22.28,0.05,Latin America,Argentina
ORD-01031,CUST-0141,2020-03-30,Completed,Mobile App,2.89,0.27,North America,United States
ORD-01032,CUST-0428,2021-12-04,Completed,Marketplace,24.66,0.3,Africa,Kenya
ORD-01033,CUST-0473,2022-01-22,Cancelled,Mobile App,$9.69,0.15,Eur,France
ORD-01034,CUST-0401,2022-08-13,Completed,Phone,20.19,0.1,Middle East,Qatar
ORD-01035,CUST-0002,2020-06-08,Completed,Partner Portal,$8.49,0.02,Middle East,Qatar
ORD-01036,CUST-0146,12/04/2020,Completed,Mobile App,42.35,0.02,Africa,Kenya
ORD-01037,CUST-0125,2023-06-16,COMPLETED,Website,$22.76,0.17,Africa,Ghana
ORD-01038,CUST-0455,2022-11-28,Refunded,Website,7.98,0.21,Asia Pacific,Australia
ORD-01039,CUST-0249,2022-04-16,Pending,Marketplace,31.19,0.02,Africa,Kenya
ORD-01040,CUST-0376,2023-03-08,Refunded,Partner Portal,4.03,0.23,Latin America,Brazil
ORD-01041,CUST-0352,2023-09-28,Completed,Mobile App,36.39,0.21,Europe,France
ORD-01042,CUST-0309,2022-06-29,Completed,Mobile App,8.11,0.04,Africa,South Africa
ORD-01043,CUST-0026,2022-01-20,Completed,In-Store,16.99,0.33,Africa,South Africa
ORD-01044,CUST-0163,10/08/2022,Completed,Phone,37.87,0.28,Asia Pacific,Singapore
ORD-01045,CUST-0450,2022-02-25,Completed,,36.7,0.32,Europe,France
ORD-01046,CUST-0332,2021-04-18,Cancelled,Website,$40.77,0.01,Africa,Nigeria
ORD-01047,CUST-0155,2021-09-06,Completed,Partner Portal,22.82,1.24,North America,Mexico
ORD-01048,CUST-0407,12/10/2023,Completed,,21.72,0.09,Mid East,Qatar
ORD-01049,CUST-0478,2021-08-03,Completed,Website,4.43,0.05,North America,Mexico
ORD-01050,CUST-0438,2021-04-17,Completed,Phone,$29.98,0.15,Europe,Sweden
ORD-01051,CUST-0195,2022-12-07,Completed,Marketplace,9.08,0.34,Africa,Nigeria
ORD-01052,CUST-0197,2024-05-11,Refunded,Marketplace,41.8,0.09,Latin America,Colombia
ORD-01053,CUST-0092,2020-05-31,Pending,Website,6.16,0.34,latin america,Brazil
ORD-01054,CUST-0413,2024-07-25,Pending,Partner Portal,27.88,0.02,Europe ,Germany
ORD-01055,CUST-0227,2022-06-23,Completed,Marketplace,44.99,0.29,North America,Mexico
ORD-01056,CUST-0319,2021-08-21,Completed,Mobile App,$41.11,0.14,Middle East,UAE
ORD-01057,CUST-0384,2021-12-10,Pending,In-Store,18.39,0.11,Mid East,Qatar
ORD-01058,CUST-0286,2022-07-03,Completed,Marketplace,$38.15,0.32,africa,South Africa
ORD-01059,CUST-0363,2023-01-28,Completed,In-Store,$21.32,0.29,Africa,Kenya
ORD-01060,CUST-0361,2024-10-27,Cancelled,Website,43.79,0.34,Latin America,Brazil
ORD-01061,CUST-0244,2021-03-18,Cancelled,Mobile App,38.98,0.09,North America,Mexico
ORD-01062,CUST-0396,2024-11-19,Pending,Phone,$20.02,0.35,Asia Pacific,India
ORD-01063,CUST-0147,2021-06-20,completed,In-Store,17.87,0.18,Latin America,Brazil
ORD-01064,CUST-0185,2023-06-11,Completed,In-Store,6.78,0.12,Europe,Netherlands
ORD-01065,CUST-0296,2023-12-22,Refunded,Phone,0.18,0.06,Europe,Germany
ORD-01066,CUST-0308,2020-12-04,Refunded,In-Store,0.67,0.3,Europe,Sweden
ORD-01067,CUST-0476,2022-05-30,Refunded,Marketplace,17.01,0.31,Africa,Kenya
ORD-01068,CUST-0222,2022-10-27,Completed,Website,32.43,0.2,Asia Pacific,India
ORD-01069,CUST-0457,12/02/2021,Completed,Website,39.63,0.01,north america,Mexico
ORD-01070,CUST-0025,2020-07-21,Cancelled,Mobile App,0.99,0.1,Europe,Sweden
ORD-01071,CUST-0151,2024-04-10,Completed,Mobile App,31.81,0.32,Europe,Sweden
ORD-01072,CUST-0368,2024-06-24,Cancelled,Phone,22.23,0.34,Africa,Nigeria
ORD-01073,CUST-0240,2023-01-31,Completed,Mobile App,25.38,0.04,Europe,United Kingdom
ORD-01074,CUST-0420,2021-09-29,Pending,Mobile App,5.33,0.03,Europe,France
ORD-01075,CUST-0192,01/16/2022,completed,In-Store,43.76,0.2,Latin America,Argentina
ORD-01076,CUST-0429,2020-08-16,Completed,Marketplace,2.33,0.1,Asia Pacific,India
ORD-01077,CUST-0255,25 April 2023,Completed,Phone,1.96,0.28,Africa,Nigeria
ORD-01078,CUST-0362,"April 26, 2020",Completed,Website,24.98,0.32,Asia Pacific,India
ORD-01079,CUST-0217,2022-12-01,Completed,Phone,26.5,0.1,Middle East,UAE
ORD-01080,CUST-0054,2020-08-19,Pending,Partner Portal,11.14,0.18,Africa,Ghana
ORD-01081,CUST-0034,2020-07-09,Pending,Mobile App,13.46,0.32,Middle East,UAE
ORD-01082,CUST-0334,2023-10-19,Completed,In-Store,4.87,0.2,Asia Pacific,South Korea
ORD-01083,CUST-0063,2020-04-12,Completed,Phone,30.91,0.28,Middle East,Saudi Arabia
ORD-01084,CUST-0376,2023-11-26,Completed,Website,43.52,0.22,Latin America ,Brazil
ORD-01085,CUST-0316,2020-03-26,Completed,In-Store,$6.89,0.11,Africa,Kenya
ORD-01086,CUST-0085,2021-11-15,Cancelled,Marketplace,27.05,0.13,Middle East,UAE
ORD-01087,CUST-0465,2023-11-20,Completed,Website,26.38,0.06,Asia Pacific,India
ORD-01088,CUST-0394,2020-05-15,Completed,Mobile App,39.4,0.2,Latin America,Argentina
ORD-01089,CUST-0225,2020-10-07,Pending,,14.91,0.16,north america,Canada
ORD-01090,CUST-0119,2024-12-08,Refunded,Mobile App,6.92,0,North America,Canada
ORD-01091,CUST-0271,2024-06-27,Completed,Partner Portal,12.03,0.14,Latin America,Chile
ORD-01092,CUST-0306,01/24/2021,COMPLETED,In-Store,44.1,0.19,Europe,Spain
ORD-01093,CUST-0372,2024-03-27,Completed,Phone,14.82,0.3,Latin America,Chile
ORD-01094,CUST-0015,2023-05-26,Completed,Marketplace,44.07,0,Africa,Nigeria
ORD-01095,CUST-0309,2023-07-09,Completed,Website,7.55,0.35,Africa,South Africa
ORD-01096,CUST-0406,11/04/2020,Pending,In-Store,37.57,0.04,N. America,United States
ORD-01097,CUST-0472,2020-01-17,Completed,Mobile App,37.72,0.1,Eur,Netherlands
ORD-01098,CUST-0229,27/10/2021,Cancelled,Mobile App,29.3,0.04,Middle East,Qatar
ORD-01099,CUST-0275,14/09/2021,Cancelled,Partner Portal,40.4,0.19,Africa,South Africa
ORD-01100,CUST-0227,2020-10-22,Completed,Website,32.26,0.34,North America,Mexico
ORD-01101,CUST-0137,2020-05-21,Completed,Partner Portal,$10.62,0.19,Latin America,Colombia
ORD-01102,CUST-0147,2022-03-07,Completed,,$9.15,0.03,Latin America,Brazil
ORD-01103,CUST-0276,2021-08-28,Completed,Marketplace,6.08,0.28,Asia Pacific,India
ORD-01104,CUST-0071,2020-04-14,Pending,Phone,11.6,0.23,Latin America,Argentina
ORD-01105,CUST-0056,2024-01-01,Completed,,12.47,0.18,Asia Pacific,Singapore
ORD-01106,CUST-0461,2021-01-24,Cancelled,In-Store,28.58,0.12,Middle East,Qatar
ORD-01107,CUST-0462,2023-10-23,Refunded,Phone,$24.19,0.28,Middle East,Saudi Arabia
ORD-01108,CUST-0380,2020-03-05,Refunded,Partner Portal,0.39,0.06,Asia Pacific,Singapore
ORD-01109,CUST-0297,2022-12-17,Cancelled,In-Store,42.28,0.19,Mid East,Qatar
ORD-01110,CUST-0236,2024-09-22,Cancelled,,41.55,0.14,Middle East,Qatar
ORD-01111,CUST-0450,2023-11-14,Completed,Website,9.94,0.04,Europe,France
ORD-01112,CUST-0392,2022-09-24,completed,Website,29.18,0.19,Asia Pacific,Singapore
ORD-01113,CUST-0013,2022-01-07,Refunded,Website,32.14,0.12,LATAM,Brazil
ORD-01114,CUST-0447,2020-02-09,Completed,In-Store,6.11,0.28,Middle East,UAE
ORD-01115,CUST-0427,03/01/2023,Completed,Website,22.22,0.04,Europe,United Kingdom
ORD-01116,CUST-0106,2020-11-29,Completed,Phone,25.42,0.19,Latin America,Chile
ORD-01117,CUST-0237,02/15/2022,Refunded,Mobile App,$24.92,0.35,Latin America,Brazil
ORD-01118,CUST-0248,2024-11-27,Completed,In-Store,8.31,0.1,Europe,Netherlands
ORD-01119,CUST-0046,2021-08-15,Refunded,Marketplace,$36.10,0.03,Asia Pacific,Japan
ORD-01120,CUST-0337,2024-10-18,Completed,Phone,10.89,0.35,Middle East,UAE
ORD-01121,CUST-0065,2021-08-07,Completed,Partner Portal,44.17,0.31,Middle East ,UAE
ORD-01122,CUST-0211,"May 26, 2023",Completed,In-Store,5.02,0.01,Middle East,UAE
ORD-01123,CUST-0270,2021-11-27,Pending,Mobile App,33.9,0.25,Middle East,Qatar
ORD-01124,CUST-0096,2022-05-05,Refunded,In-Store,15.83,0.19,Middle East,UAE
ORD-01125,CUST-0373,2023-04-24,Refunded,In-Store,0.58,0.26,Europe,France
ORD-01126,CUST-0113,2022-12-27,Refunded,In-Store,23.19,0.14,North America,United States
ORD-01127,CUST-0475,2020-03-10,Cancelled,Marketplace,0.1,0,north america,Mexico
ORD-01128,CUST-0204,2021-11-24,Completed,,22.4,0.02,Africa,South Africa
ORD-01129,CUST-0100,2024-11-28,Pending,Marketplace,$26.00,0.13,Europe,United Kingdom
ORD-01130,CUST-0358,2023-08-29,Pending,Phone,28.67,0.31,Asia Pacific,India
ORD-01131,CUST-0407,2022-04-03,Pending,Website,6.85,0.07,Middle East,Qatar
ORD-01132,CUST-0355,2020-05-20,Completed,In-Store,14.98,0.11,Africa,Ghana
ORD-01133,CUST-0402,2020-02-14,REFUNDED,Phone,5.17,0.26,Africa,Nigeria
ORD-01134,CUST-0273,30/10/2022,Refunded,Phone,41.65,0.34,Latin America,Brazil
ORD-01135,CUST-0092,2020-10-07,Pending,Mobile App,2.8,0.26,Latin America,Brazil
ORD-01136,CUST-0263,"October 23, 2021",Completed,In-Store,39.43,0.03,Apac,Singapore
ORD-01137,CUST-0372,2023-09-24,PENDING,Marketplace,$39.63,0.15,Latin America,Chile
ORD-01138,CUST-0137,22/03/2021,Completed,In-Store,34.53,0.28,Latin America,Colombia
ORD-01139,CUST-0175,2020-01-07,Cancelled,In-Store,42.26,0.34,Africa ,Ghana
ORD-01140,CUST-0344,2021-04-21,Cancelled,In-Store,23.93,0.16,Africa,Nigeria
ORD-01141,CUST-0420,09/24/2022,Cancelled,Phone,17.74,0.07,Europe,France
ORD-01142,CUST-0037,2024-09-02,Completed,Marketplace,$7.28,0.16,North America,Mexico
ORD-01143,CUST-0233,2022-01-22,Completed,Marketplace,21.51,0.13,Europe,Germany
ORD-01144,CUST-0446,2024-06-05,Completed,Website,36.45,0.13,North America,Mexico
ORD-01145,CUST-0422,2021-04-30,Refunded,Marketplace,20.97,0.14,north america,Canada
ORD-01146,CUST-0221,"March 6, 2021",Completed,Website,40.43,0.09,Asia Pacific,Japan
ORD-01147,CUST-0225,02/04/2024,Cancelled,Partner Portal,$13.15,0.08,North America,Canada
ORD-01148,CUST-0348,2023-11-28,Completed,In-Store,11.04,0.07,Middle East,UAE
ORD-01149,CUST-0438,28 November 2023,Completed,Website,24.28,0.23,Europe,Sweden
ORD-01150,CUST-0467,2024-07-19,Refunded,Phone,28.29,0.01,ME,Qatar
ORD-01151,CUST-0393,2020-07-28,Completed,Partner Portal,29.77,0.28,Middle East,UAE
ORD-01152,CUST-0267,12/16/2024,Cancelled,Mobile App,34.46,0.31,Europe,Netherlands
ORD-01153,CUST-0144,2022-06-17,Pending,Marketplace,0.31,0.2,Asia Pacific,Japan
ORD-01154,CUST-0432,2023-03-16,Completed,In-Store,$31.97,0.12,North America,United States
ORD-01155,CUST-0054,2024-09-11,Pending,Marketplace,8.87,1.41,Africa,Ghana
ORD-01156,CUST-0202,"September 7, 2021",Completed,Partner Portal,25.46,0.15,Middle East,UAE
ORD-01157,CUST-0239,2023-11-24,Completed,Marketplace,23.62,0.08,Africa,Kenya
ORD-01158,CUST-0413,2020-01-08,Refunded,Partner Portal,29.54,0,Europe,Germany
ORD-01159,CUST-0150,2020-06-18,Pending,Website,$22.19,0.29,North America,Mexico
ORD-01160,CUST-0425,2021-09-24,Completed,Phone,34.04,0.16,North America,Canada
ORD-01161,CUST-0037,"December 18, 2024",Refunded,Website,29.7,0.26,North America,Mexico
ORD-01162,CUST-0422,2023-10-28,Refunded,Marketplace,29.12,0.28,north america,Canada
ORD-01163,CUST-0310,26/06/2020,Completed,Partner Portal,$4.97,0.14,Latin America,Chile
ORD-01164,CUST-0036,"January 10, 2021",Completed,Website,15.77,0.19,Latin America,Colombia
ORD-01165,CUST-0090,2023-12-23,Completed,Marketplace,7.56,0.34,Asia Pacific,India
ORD-01166,CUST-0302,2022-12-06,Completed,Marketplace,37.64,0.25,Asia Pacific,Australia
ORD-01167,CUST-0170,03/15/2020,Completed,Partner Portal,20.88,0.19,North America,Mexico
ORD-01168,CUST-0453,2023-10-14,Completed,Partner Portal,3.44,0.29,Latin America,Argentina
ORD-01169,CUST-0193,16 September 2023,Completed,Marketplace,44.02,0.24,N. America,Canada
ORD-01170,CUST-0263,2020-08-02,Cancelled,Phone,17.82,0.07,Asia Pacific,Singapore
ORD-01171,CUST-0325,2021-07-23,COMPLETED,Website,40.69,0.24,Latin America,Chile
ORD-01172,CUST-0230,11/15/2023,Completed,Website,4.4,0.25,Latin America,Colombia
ORD-01173,CUST-0459,2023-10-20,Refunded,Mobile App,$9.57,0.33,Europe,Spain
ORD-01174,CUST-0102,2023-09-12,Pending,Website,42.32,0.3,LATAM,Chile
ORD-01175,CUST-0470,2022-09-24,Refunded,,$41.35,0.1,Asia Pacific,Japan
ORD-01176,CUST-0093,2020-01-30,Refunded,Marketplace,24.74,0.09,North America,Canada
ORD-01177,CUST-0001,"January 25, 2023",Cancelled,Phone,25.75,0.31,Latin America,Argentina
ORD-01178,CUST-0465,2024-11-13,Cancelled,Partner Portal,28.94,0.04,Asia Pacific,India
ORD-01179,CUST-0473,2021-12-09,Completed,In-Store,28.63,0.08,EUROPE,France
ORD-01180,CUST-0306,2021-06-27,Pending,Partner Portal,2.65,0.21,Europe ,Spain
ORD-01181,CUST-0395,2020-01-10,Refunded,,9.51,0.22,middle east,Qatar
ORD-01182,CUST-0254,20 November 2023,completed,In-Store,42.52,1.33,Asia Pacific,Singapore
ORD-01183,CUST-0044,21 May 2024,PENDING,Mobile App,$13.44,0.14,African Region,South Africa
ORD-01184,CUST-0022,2020-02-18,Completed,Partner Portal,21.26,0.14,North America,United States
ORD-01185,CUST-0303,2024-06-29,Cancelled,In-Store,5.6,0.28,Middle East,Qatar
ORD-01186,CUST-0350,2024-03-11,Completed,,$15.74,0.17,Africa,Ghana
ORD-01187,CUST-0462,2022-09-01,Completed,In-Store,$42.31,0.06,Middle East,Saudi Arabia
ORD-01188,CUST-0473,2021-02-16,Pending,Phone,29.94,0.23,European Region,France
ORD-01189,CUST-0472,2022-01-30,Pending,Phone,32.05,0.18,Europe,Netherlands
ORD-01190,CUST-0426,"March 12, 2021",Pending,Website,20.04,0.03,Africa,Ghana
ORD-01191,CUST-0315,01/15/2020,Completed,Marketplace,$24.85,0.25,Africa,Nigeria
ORD-01192,CUST-0292,9 February 2022,Cancelled,,29.28,0.2,Europe,France
ORD-01193,CUST-0269,21 August 2024,Completed,Mobile App,27.54,0.16,Africa,Ghana
ORD-01194,CUST-0470,2020-03-03,Pending,Mobile App,18.94,0.31,Asia Pacific,Japan
ORD-01195,CUST-0053,2021-12-12,Completed,Phone,$35.18,0.04,Latin America,Argentina
ORD-01196,CUST-0375,26/03/2022,Cancelled,Partner Portal,6.91,0.07,North America,United States
ORD-01197,CUST-0175,2023-06-23,Cancelled,Marketplace,29.19,0.05,Africa,Ghana
ORD-01198,CUST-0154,2023-04-15,Pending,,32.33,0.13,Africa,Nigeria
ORD-01199,CUST-0244,2023-04-20,Completed,Marketplace,40.46,0.15,North America,Mexico
ORD-01200,CUST-0386,2024-11-12,Completed,Partner Portal,19.53,0.02,Latin America,Chile
ORD-01201,CUST-0384,26 January 2020,Cancelled,Marketplace,33.05,0.15,Mid East,Qatar
ORD-01202,CUST-0065,14 December 2022,Pending,In-Store,41.67,0.03,Middle East,UAE
ORD-01203,CUST-0231,2024-07-04,Completed,Mobile App,$22.01,0.3,Asia Pacific,India
ORD-01204,CUST-0342,2021-11-14,Completed,Mobile App,40.26,0.03,Africa,South Africa
ORD-01205,CUST-0315,28 October 2022,Cancelled,Mobile App,44.13,0.07,Africa,Nigeria
ORD-01206,CUST-0135,2020-06-01,Pending,Mobile App,4.81,0.14,North America,Mexico
ORD-01207,CUST-0461,2023-10-04,Completed,Website,6.73,0.24,Middle East,Qatar
ORD-01208,CUST-0304,2 February 2022,Cancelled,Phone,26.4,0.06,North America,Mexico
ORD-01209,CUST-0462,2024-02-17,Refunded,Website,3.98,0.08,Middle East,Saudi Arabia
ORD-01210,CUST-0108,2023-11-20,Refunded,Phone,15.67,0.12,NA Region,United States
ORD-01211,CUST-0281,2022-07-12,Pending,Phone,33.31,0.18,Latin America,Colombia
ORD-01212,CUST-0099,2022-11-16,Pending,Mobile App,25.71,0.01,Latin America,Chile
ORD-01213,CUST-0263,2022-12-01,Completed,In-Store,33.92,0,Asia Pacific,Singapore
ORD-01214,CUST-0308,07/08/2024,Completed,Marketplace,5.32,0.32,Europe,Sweden
ORD-01215,CUST-0189,2024-12-11,Completed,Mobile App,35.09,0.14,Africa,Nigeria
ORD-01216,CUST-0045,2020-09-07,Refunded,,9.28,0.25,LATAM,Colombia
ORD-01217,CUST-0416,2020-09-12,Completed,,$20.94,0.02,Middle East,Saudi Arabia
ORD-01218,CUST-0359,2023-03-26,Cancelled,Partner Portal,31.66,0.32,Europe,Netherlands
ORD-01219,CUST-0457,2023-12-06,Completed,In-Store,18.15,1.41,North America,Mexico
ORD-01220,CUST-0047,"November 30, 2024",Cancelled,,10.38,0.27,Asia Pacific,India
ORD-01221,CUST-0051,2021-06-04,Completed,Mobile App,21.29,0.26,Middle East,Qatar
ORD-01222,CUST-0224,2023-12-05,Cancelled,In-Store,23.6,0.24,europe,Germany
ORD-01223,CUST-0177,09/27/2023,Refunded,Website,31.91,0.21,Asia Pacific,India
ORD-01224,CUST-0150,2024-10-09,Completed,Phone,7.88,0.24,North America,Mexico
ORD-01225,CUST-0445,2022-03-04,Completed,Mobile App,26.38,0.13,Asia Pacific,India
ORD-01226,CUST-0429,2021-10-02,Completed,Phone,23.99,0.22,Asia Pacific,India
ORD-01227,CUST-0087,18/10/2021,completed,Phone,22.18,0.15,Asia Pacific,Australia
ORD-01228,CUST-0353,2021-06-25,Cancelled,Mobile App,$27.81,0.06,Europe,France
ORD-01229,CUST-0190,2020-08-26,completed,Marketplace,$18.19,0,Africa,South Africa
ORD-01230,CUST-0025,2023-06-26,Completed,In-Store,21.22,0.23,Europe,Sweden
ORD-01231,CUST-0286,2020-02-17,Completed,Phone,1.24,0.11,Africa,South Africa
ORD-01232,CUST-0113,2021-12-22,Pending,Website,29.25,0.12,North America,United States
ORD-01233,CUST-0263,2023-10-03,Completed,Website,$8.08,0.14,Asia Pacific,Singapore
ORD-01234,CUST-0107,2020-01-03,Completed,Partner Portal,7.53,0.04,Middle East,Saudi Arabia
ORD-01235,CUST-0416,2024-08-13,Completed,Partner Portal,$14.33,0.12,Middle East,Saudi Arabia
ORD-01236,CUST-0372,2021-05-04,Completed,Marketplace,19.29,0.31,Latam,Chile
ORD-01237,CUST-0413,5 May 2024,Pending,In-Store,$1.50,0.04,Europe ,Germany
ORD-01238,CUST-0024,9 May 2021,Completed,Phone,5.55,0.11,Africa,Nigeria
ORD-01239,CUST-0411,2022-09-17,Completed,Phone,39.23,0.3,Asia Pacific,Singapore
ORD-01240,CUST-0394,2021-06-08,Refunded,Partner Portal,$16.28,0.05,Latin America,Argentina
ORD-01241,CUST-0331,2024-06-16,Completed,Phone,$25.68,0.01,Africa,Kenya
ORD-01242,CUST-0320,26/07/2024,Pending,Marketplace,$25.92,0.29,Middle East,UAE
ORD-01243,CUST-0239,2021-10-17,Refunded,Website,36.2,0.24,Africa,Kenya
ORD-01244,CUST-0320,2024-01-31,Cancelled,Partner Portal,26.8,0.05,Middle East,UAE
ORD-01245,CUST-0084,05/05/2020,Cancelled,Phone,12.45,0.34,North America,United States
ORD-01246,CUST-0271,2022-10-22,Refunded,Marketplace,$39.90,0.2,Latin America,Chile
ORD-01247,CUST-0115,2022-01-12,Completed,Marketplace,7.35,0.02,Middle East,UAE
ORD-01248,CUST-0345,"February 7, 2023",Pending,In-Store,6.81,0.35,Latin America ,Chile
ORD-01249,CUST-0332,2021-08-01,Completed,Partner Portal,5.74,0.26,Africa,Nigeria
ORD-01250,CUST-0314,2022-12-08,Completed,Mobile App,41.54,1.43,North America,United States
ORD-01251,CUST-0165,2022-03-21,Completed,Website,22.77,0.07,EUROPE,Germany
ORD-01252,CUST-0296,2021-06-24,Completed,In-Store,24.83,0.19,Europe ,Germany
ORD-01253,CUST-0232,"June 26, 2024",Completed,Mobile App,33.53,0.06,Middle East,Saudi Arabia
ORD-01254,CUST-0132,08/01/2024,Cancelled,Marketplace,33.36,0.01,Africa,South Africa
ORD-01255,CUST-0145,2022-04-28,Cancelled,In-Store,34.87,0.09,Europe,Germany
ORD-01256,CUST-0187,2023-10-12,Refunded,In-Store,6.39,0.35,North America,Canada
ORD-01257,CUST-0400,2022-08-18,Completed,Website,18.82,0.03,Asia Pacific,Australia
ORD-01258,CUST-0037,2020-01-21,Completed,Marketplace,20.04,0.26,North America,Mexico
ORD-01259,CUST-0336,2020-07-14,completed,Phone,41.1,0.12,Latin America,Chile
ORD-01260,CUST-0025,2023-06-21,Completed,In-Store,28.11,0.34,Europe,Sweden
ORD-01261,CUST-0372,2022-03-06,Completed,Marketplace,15.4,0.23,Latin America,Chile
ORD-01262,CUST-0411,2023-01-06,Completed,Website,8.24,0.27,Asia Pacific,Singapore
ORD-01263,CUST-0278,2020-07-08,Cancelled,Marketplace,4.67,0.08,North America,United States
ORD-01264,CUST-0058,2022-11-21,Completed,Partner Portal,12.93,0.24,Asia Pacific,South Korea
ORD-01265,CUST-0085,2023-11-12,Refunded,Phone,27.65,0.19,Middle East,UAE
ORD-01266,CUST-0295,2021-06-12,Cancelled,Website,40.07,0.2,Europe,France
ORD-01267,CUST-0049,2022-08-18,Completed,Phone,22.17,1.17,Europe,United Kingdom
ORD-01268,CUST-0019,2020-07-05,Completed,Phone,19.14,0.19,Asia Pacific,India
ORD-01269,CUST-0322,2022-12-19,Completed,Mobile App,12.98,0.07,Africa,Ghana
ORD-01270,CUST-0390,2023-08-18,Completed,Website,15.85,0.15,Middle East,Saudi Arabia
ORD-01271,CUST-0331,18/12/2024,Completed,In-Store,14.82,0.05,Africa,Kenya
ORD-01272,CUST-0006,2022-01-29,Cancelled,Website,43.88,0.19,Asia Pacific,South Korea
ORD-01273,CUST-0222,2020-01-18,Completed,Marketplace,$16.18,0.18,Asia Pacific,India
ORD-01274,CUST-0020,2022-11-28,Completed,Website,7.92,0.28,Latin America,Brazil
ORD-01275,CUST-0167,06/21/2024,Completed,Phone,0.54,0.32,North America,United States
ORD-01276,CUST-0096,"October 31, 2021",Completed,Partner Portal,$16.66,0.01,Middle East,UAE
ORD-01277,CUST-0161,2024-08-20,Completed,Partner Portal,21.66,0.03,North America,Mexico
ORD-01278,CUST-0289,2020-01-15,Pending,In-Store,44.26,0.08,EUROPE,Netherlands
ORD-01279,CUST-0333,2023-07-27,Pending,In-Store,12.12,0.12,Asia Pacific,Singapore
ORD-01280,CUST-0113,2024-01-06,Refunded,Website,23.3,0.33,North America,United States
ORD-01281,CUST-0181,2022-07-07,Completed,Phone,28.58,0.04,North America,Mexico
ORD-01282,CUST-0022,2023-08-12,Refunded,Partner Portal,12.52,0.21,North America,United States
ORD-01283,CUST-0366,2021-11-16,Completed,Partner Portal,40.7,0.05,Europe,Spain
ORD-01284,CUST-0464,17/08/2023,Completed,,16.17,1.35,Europe,Netherlands
ORD-01285,CUST-0381,2022-11-01,Cancelled,Mobile App,18.91,0.04,Middle East,UAE
ORD-01286,CUST-0300,2021-07-25,Completed,Mobile App,26.91,0.12,Africa,Nigeria
ORD-01287,CUST-0361,2022-02-13,Cancelled,Mobile App,24.64,0.21,Latin America,Brazil
ORD-01288,CUST-0012,2021-07-25,Cancelled,Phone,3.93,0.1,Europe,Netherlands
ORD-01289,CUST-0026,03/03/2024,Refunded,Mobile App,8.79,0.3,Africa,South Africa
ORD-01290,CUST-0316,2024-09-29,Pending,,40.62,0.04,Africa,Kenya
ORD-01291,CUST-0235,2023-06-17,Completed,Website,35.23,0.19,Middle East,UAE
ORD-01292,CUST-0440,2024-01-26,Refunded,Website,38.19,1.35,APAC,India
ORD-01293,CUST-0137,2022-01-07,Completed,Marketplace,$31.78,0.19,Latin America,Colombia
ORD-01294,CUST-0478,2021-05-26,Completed,Website,34.88,0.17,North America,Mexico
ORD-01295,CUST-0293,2023-06-08,Refunded,In-Store,33.97,0.14,Europe,Spain
ORD-01296,CUST-0253,2020-07-07,Completed,In-Store,21.48,0.08,Africa,Nigeria
ORD-01297,CUST-0045,11/22/2024,REFUNDED,Mobile App,30.41,0.23,Latam,Colombia
ORD-01298,CUST-0138,2020-12-08,Completed,Marketplace,40.78,1.46,Middle East,UAE
ORD-01299,CUST-0128,2024-02-19,Completed,Mobile App,$36.29,0.18,North America,United States
ORD-01300,CUST-0133,2020-11-05,Completed,Partner Portal,6.35,1.3,Africa,Ghana
ORD-01301,CUST-0139,2023-11-14,Pending,Mobile App,34.61,0.01,europe,Netherlands
ORD-01302,CUST-0403,2022-04-17,Cancelled,Partner Portal,1.12,0.11,Africa,Kenya
ORD-01303,CUST-0179,2023-04-16,Completed,In-Store,$13.71,0.24,Middle East,Qatar
ORD-01304,CUST-0035,2024-11-01,Pending,In-Store,27,0.18,Europe,Spain
ORD-01305,CUST-0101,2021-10-11,Refunded,Mobile App,1.98,0.21,Middle East,Qatar
ORD-01306,CUST-0180,2024-10-13,Refunded,Partner Portal,28.04,0.16,North America,Mexico
ORD-01307,CUST-0087,2020-07-18,Refunded,Phone,15.21,0.26,Asia Pacific,Australia
ORD-01308,CUST-0328,"January 11, 2022",Completed,Marketplace,31.56,0.3,ME,UAE
ORD-01309,CUST-0262,2020-01-01,Refunded,Mobile App,4.64,0.28,north america,Canada
ORD-01310,CUST-0167,2020-03-29,Cancelled,Phone,16.26,0.14,North America,United States
ORD-01311,CUST-0365,2022-07-28,Cancelled,Mobile App,$35.35,0.27,Europe,United Kingdom
ORD-01312,CUST-0336,2024-07-07,Completed,Website,2.83,0.27,Latin America,Chile
ORD-01313,CUST-0257,2024-03-22,Refunded,Partner Portal,9.64,0.3,Europe,France
ORD-01314,CUST-0476,2021-04-13,Completed,Website,21.14,0.03,Africa,Kenya
ORD-01315,CUST-0208,2021-11-24,Completed,Partner Portal,7.89,0.21,Europe,Germany
ORD-01316,CUST-0153,2023-07-27,Completed,Mobile App,29.78,0.2,North America,United States
ORD-01317,CUST-0132,05/06/2020,Completed,Phone,7.09,0.18,Africa,South Africa
ORD-01318,CUST-0475,2021-09-10,Completed,Phone,24.27,0.35,North america ,Mexico
ORD-01319,CUST-0342,2021-06-27,Completed,Website,$24.93,0.09,Africa,South Africa
ORD-01320,CUST-0130,09/12/2020,Pending,Phone,2.64,0.12,Middle East,UAE
ORD-01321,CUST-0056,2023-12-29,Completed,Partner Portal,7.88,0.27,Asia Pacific,Singapore
ORD-01322,CUST-0417,2022-12-30,Completed,,35.97,0.26,Middle East,UAE
ORD-01323,CUST-0445,2024-10-26,Pending,In-Store,11.18,0.26,Asia Pacific,India
ORD-01324,CUST-0056,2022-08-20,Completed,Phone,36.76,0.13,Asia Pacific,Singapore
ORD-01325,CUST-0225,2023-01-06,COMPLETED,,32.17,0.28,North America,Canada
ORD-01326,CUST-0105,"November 25, 2023",Cancelled,,8.38,0.06,North America,Canada
ORD-01327,CUST-0307,2021-08-20,Completed,Phone,11.84,0.1,North America,Canada
ORD-01328,CUST-0031,2022-11-03,Pending,In-Store,25.51,0.32,North America,Mexico
ORD-01329,CUST-0219,2022-10-13,Completed,Mobile App,26.73,0.01,Asia Pacific,Australia
ORD-01330,CUST-0129,02/29/2024,Completed,In-Store,2.25,0.12,North America,Mexico
ORD-01331,CUST-0147,2020-04-16,Completed,Website,22.27,1.22,Latin America,Brazil
ORD-01332,CUST-0047,2023-04-17,Completed,Website,$17.73,0.23,asia pacific,India
ORD-01333,CUST-0443,02/04/2020,Completed,Partner Portal,40.25,0.25,Asia Pacific,Australia
ORD-01334,CUST-0060,2022-12-16,pending,Marketplace,26.86,0.19,Latin America,Chile
ORD-01335,CUST-0290,2023-06-03,Completed,Partner Portal,27.6,0.01,Europe,Netherlands
ORD-01336,CUST-0327,2021-11-27,Pending,Marketplace,22.52,0.17,Middle East,Saudi Arabia
ORD-01337,CUST-0391,2020-09-03,Completed,In-Store,23.83,0.06,Asia Pacific,South Korea
ORD-01338,CUST-0465,2020-01-16,Completed,Mobile App,24.98,0.2,Asia Pacific,India
ORD-01339,CUST-0255,2023-11-25,Pending,Website,24.37,0.11,Africa,Nigeria
ORD-01340,CUST-0435,2023-11-07,Cancelled,Mobile App,22.06,0.28,Asia Pacific,India
ORD-01341,CUST-0293,2024-09-29,Refunded,Mobile App,19.31,0.14,Europe,Spain
ORD-01342,CUST-0091,2023-10-02,Completed,Phone,0.35,0.15,Africa,Ghana
ORD-01343,CUST-0306,2024-11-20,Refunded,,13.98,0.33,European Region,Spain
ORD-01344,CUST-0093,2021-01-11,Completed,Website,30.8,0.14,North America,Canada
ORD-01345,CUST-0467,2024-08-25,completed,Partner Portal,11.87,0.35,Middle East,Qatar
ORD-01346,CUST-0008,2023-11-17,Completed,Marketplace,$15.98,1.47,Latin America,Chile
ORD-01347,CUST-0387,2023-06-22,Pending,Website,39.69,0.06,Middle East,Qatar
ORD-01348,CUST-0476,02/08/2022,Refunded,In-Store,22.27,0.34,Africa,Kenya
ORD-01349,CUST-0194,2024-06-06,Pending,Partner Portal,$22.26,0.18,Asia Pacific,Australia
ORD-01350,CUST-0079,2021-05-04,CANCELLED,Mobile App,4.23,0.24,africa,South Africa
ORD-01351,CUST-0431,2022-03-02,PENDING,Mobile App,35.57,0.25,Asia Pacific,Singapore
ORD-01352,CUST-0341,2024-08-08,Completed,Mobile App,$10.45,0.27,middle east,UAE
ORD-01353,CUST-0043,2021-03-04,Completed,Phone,44.63,0.31,Middle East,UAE
ORD-01354,CUST-0436,2024-08-14,Completed,Website,31.62,0.21,Middle East,Qatar
ORD-01355,CUST-0443,2021-07-19,Completed,Phone,17.26,0.24,Asia Pacific,Australia
ORD-01356,CUST-0428,08/03/2024,Pending,Mobile App,4.51,0.3,Africa,Kenya
ORD-01357,CUST-0175,04/21/2024,refunded,Website,$1.22,0.03,Africa,Ghana
ORD-01358,CUST-0314,18/05/2023,CANCELLED,Phone,41.77,0.22,North America,United States
ORD-01359,CUST-0325,2024-04-26,Refunded,Phone,$13.02,0.24,Latin America,Chile
ORD-01360,CUST-0134,2023-05-27,Refunded,Phone,42.88,0.07,North America,United States
ORD-01361,CUST-0015,2022-12-15,Refunded,Partner Portal,40.6,0.27,Africa,Nigeria
ORD-01362,CUST-0157,28 March 2023,Refunded,Partner Portal,41.71,0.24,Latin America,Chile
ORD-01363,CUST-0391,2023-09-11,Refunded,In-Store,19.06,0.16,Asia Pacific,South Korea
ORD-01364,CUST-0099,2024-08-15,Completed,,$23.21,0.08,Latin America,Chile
ORD-01365,CUST-0176,2022-09-17,Refunded,In-Store,36.98,0.13,Europe,Spain
ORD-01366,CUST-0368,2020-11-08,Refunded,Marketplace,31.57,0.31,AFRICA,Nigeria
ORD-01367,CUST-0155,2023-09-29,Pending,In-Store,40.64,0.34,North America,Mexico
ORD-01368,CUST-0046,2020-12-15,Completed,Partner Portal,34.8,0.04,Asia Pacific,Japan
ORD-01369,CUST-0359,2021-01-12,Refunded,Marketplace,20.56,0.05,Europe,Netherlands
ORD-01370,CUST-0165,2023-03-09,Cancelled,Mobile App,3.39,0.31,Europe,Germany
ORD-01371,CUST-0078,2022-04-29,Cancelled,In-Store,30.29,0.2,Europe,United Kingdom
ORD-01372,CUST-0137,2021-11-28,Completed,In-Store,16.91,0.11,Latin America,Colombia
ORD-01373,CUST-0015,2021-08-07,Refunded,Website,4.24,0.27,Africa,Nigeria
ORD-01374,CUST-0373,2023-03-26,Completed,Phone,38.74,0.04,Europe,France
ORD-01375,CUST-0364,2022-05-31,Completed,Phone,38.17,0.33,Africa,Nigeria
ORD-01376,CUST-0196,2024-11-18,Refunded,Mobile App,28.89,0.25,Africa,Ghana
ORD-01377,CUST-0150,2022-07-23,Refunded,In-Store,43.78,0.19,N. America,Mexico
ORD-01378,CUST-0300,2021-08-27,Refunded,Phone,3.15,0.16,africa,Nigeria
ORD-01379,CUST-0194,2020-08-09,Completed,In-Store,14.19,0.02,Asia Pacific,Australia
ORD-01380,CUST-0218,2021-10-01,Completed,Marketplace,2.79,0.33,Africa,South Africa
ORD-01381,CUST-0413,2024-10-25,Completed,In-Store,$3.50,0.1,Europe,Germany
ORD-01382,CUST-0225,2020-08-14,CANCELLED,Website,32.26,0.1,North America,Canada
ORD-01383,CUST-0190,2022-03-27,Refunded,Website,7.4,0.32,Africa,South Africa
ORD-01384,CUST-0110,3 July 2021,Pending,Marketplace,19.73,0.33,Middle East,Saudi Arabia
ORD-01385,CUST-0453,2022-04-02,Completed,Mobile App,39.61,0.28,Latin America,Argentina
ORD-01386,CUST-0164,2022-04-02,Refunded,,6.73,0.35,North America,Mexico
ORD-01387,CUST-0070,2022-07-13,PENDING,Phone,25.9,0.14,Middle East,Qatar
ORD-01388,CUST-0383,2021-11-23,Completed,Website,7.36,0.18,Africa,Ghana
ORD-01389,CUST-0460,2021-08-03,Cancelled,Partner Portal,0.59,0.18,Europe,Netherlands
ORD-01390,CUST-0068,2022-04-25,Completed,Mobile App,32.42,0.29,Europe,Sweden
ORD-01391,CUST-0128,2022-11-13,Completed,Website,19.89,0.15,North America,United States
ORD-01392,CUST-0111,11/28/2021,Pending,Partner Portal,44.96,0.17,Latin America,Colombia
ORD-01393,CUST-0080,10/05/2023,Cancelled,Partner Portal,41.73,0.24,Europe,United Kingdom
ORD-01394,CUST-0402,2021-02-21,Cancelled,,16.63,0.29,Africa,Nigeria
ORD-01395,CUST-0261,"October 3, 2022",Refunded,Partner Portal,8.75,0.05,Africa,Ghana
ORD-01396,CUST-0004,2023-02-17,Pending,Mobile App,$17.15,0.02,Latin America,Colombia
ORD-01397,CUST-0125,18 September 2020,Refunded,Mobile App,24.36,0.07,Africa,Ghana
ORD-01398,CUST-0349,2022-03-04,Completed,Marketplace,0.34,0.17,Apac,South Korea
ORD-01399,CUST-0445,"January 25, 2020",Cancelled,Phone,7.25,0.25,Asia Pacific,India
ORD-01400,CUST-0471,2020-08-06,Completed,Phone,17.27,0.08,Latin America,Brazil
ORD-01401,CUST-0167,2022-07-09,Completed,In-Store,13.69,0.28,North America,United States
ORD-01402,CUST-0127,2021-11-25,Pending,Marketplace,36.6,0.08,North America,United States
ORD-01403,CUST-0436,2021-09-08,Completed,Mobile App,13.35,0.35,Middle East,Qatar
ORD-01404,CUST-0379,2023-03-08,Cancelled,In-Store,35.61,0.33,Europe,United Kingdom
ORD-01405,CUST-0125,2020-03-26,Cancelled,Phone,44.26,0.14,Africa,Ghana
ORD-01406,CUST-0193,2022-01-19,Completed,In-Store,27.68,0.32,North America,Canada
ORD-01407,CUST-0362,2020-05-27,Cancelled,Website,5.56,0.06,Asia Pacific,India
ORD-01408,CUST-0168,2021-12-02,Completed,Marketplace,17.03,0.16,North America,Canada
ORD-01409,CUST-0067,2022-07-07,Completed,Phone,21.04,0.27,Africa,Ghana
ORD-01410,CUST-0001,2023-03-30,Refunded,Marketplace,35.95,0.21,Latin America,Argentina
ORD-01411,CUST-0001,2023-05-03,Cancelled,Partner Portal,16.26,0.26,Latin America,Argentina
ORD-01412,CUST-0119,2024-09-13,Cancelled,Website,42.2,0.16,N. America,Canada
ORD-01413,CUST-0058,2020-03-19,Refunded,In-Store,23.41,0.07,Asia Pacific,South Korea
ORD-01414,CUST-0298,2023-06-26,Cancelled,In-Store,39.53,0.06,Africa,South Africa
ORD-01415,CUST-0113,2024-11-06,Refunded,In-Store,30.24,0.11,North America,United States
ORD-01416,CUST-0297,2024-04-08,COMPLETED,Phone,14.42,0.25,Middle East,Qatar
ORD-01417,CUST-0360,07/21/2022,Completed,Mobile App,43.03,0.03,Europe,Netherlands
ORD-01418,CUST-0249,2021-06-22,Refunded,In-Store,26.82,0.04,Africa,Kenya
ORD-01419,CUST-0029,2020-03-24,Pending,Phone,16.96,0.23,Middle East ,Saudi Arabia
ORD-01420,CUST-0115,15 August 2023,Completed,Partner Portal,36.94,0.33,Middle East,UAE
ORD-01421,CUST-0372,2021-02-18,Cancelled,Mobile App,30.27,0.15,Latin America,Chile
ORD-01422,CUST-0373,16 December 2021,Pending,Phone,20.55,0.09,Europe,France
ORD-01423,CUST-0181,2020-03-02,Completed,Mobile App,27.15,0.08,North America,Mexico
ORD-01424,CUST-0339,2024-08-10,Pending,Marketplace,0.48,0.35,Africa,South Africa
ORD-01425,CUST-0277,2024-07-08,Completed,Phone,$35.02,1.11,ME,Saudi Arabia
ORD-01426,CUST-0313,2024-05-08,Refunded,In-Store,21.4,0.24,Africa,Kenya
ORD-01427,CUST-0268,2023-09-21,Completed,In-Store,13.84,0.07,Europe,France
ORD-01428,CUST-0382,2020-09-21,Pending,In-Store,36.99,0.06,Latin America,Brazil
ORD-01429,CUST-0138,2021-01-06,Completed,Mobile App,31.11,0.11,Middle East,UAE
ORD-01430,CUST-0225,2022-11-23,Completed,Website,25.85,0.02,North America,Canada
ORD-01431,CUST-0015,2023-03-09,Completed,Website,34.43,0.04,Africa,Nigeria
ORD-01432,CUST-0159,2020-10-18,REFUNDED,Website,34.18,0.11,North America,Mexico
ORD-01433,CUST-0414,2020-07-12,Pending,Mobile App,$8.98,0.09,North America,Canada
ORD-01434,CUST-0045,"June 22, 2024",Pending,Phone,41.92,0.1,Latin America,Colombia
ORD-01435,CUST-0465,20 November 2021,Completed,Partner Portal,13.88,0.03,Asia Pacific,India
ORD-01436,CUST-0399,2024-09-21,Completed,In-Store,34.53,0.32,Latin America,Chile
ORD-01437,CUST-0445,"January 31, 2020",Completed,Mobile App,13.33,0.28,Asia Pacific,India
ORD-01438,CUST-0249,2024-11-24,Completed,Marketplace,12.56,0,Africa,Kenya
ORD-01439,CUST-0074,2023-01-20,Completed,Marketplace,35.38,0.17,Africa,Nigeria
ORD-01440,CUST-0108,2024-07-24,Completed,Website,2.41,0,NA Region,United States
ORD-01441,CUST-0352,2023-10-14,Completed,Phone,39.1,0.13,Europe,France
ORD-01442,CUST-0267,2022-02-02,Cancelled,Website,27.97,0.18,Europe,Netherlands
ORD-01443,CUST-0289,2020-10-06,Completed,Marketplace,26.07,0,Europe,Netherlands
ORD-01444,CUST-0169,2021-03-19,Refunded,In-Store,15.16,0.28,Apac,South Korea
ORD-01445,CUST-0398,08/12/2020,Cancelled,Partner Portal,35.95,0.08,Latin America,Brazil
ORD-01446,CUST-0372,2020-09-05,Refunded,Phone,31.52,0.12,Latin America,Chile
ORD-01447,CUST-0401,2024-04-17,Completed,Partner Portal,42.11,0.2,Middle East,Qatar
ORD-01448,CUST-0437,04/16/2021,Completed,Mobile App,43.56,0.12,North America,Canada
ORD-01449,CUST-0008,2021-04-15,Pending,Mobile App,25.99,0.28,Latin America,Chile
ORD-01450,CUST-0004,2022-05-26,Completed,Partner Portal,15.1,0.05,latin america,Colombia
ORD-01451,CUST-0165,2020-06-09,Completed,Partner Portal,$42.63,0.13,Europe,Germany
ORD-01452,CUST-0478,2020-08-06,Pending,In-Store,37.16,0.06,North America,Mexico
ORD-01453,CUST-0136,2021-12-05,Refunded,Marketplace,34.91,0.26,Europe,Sweden
ORD-01454,CUST-0256,2021-01-23,Completed,Phone,23.91,0.15,Europe,Netherlands
ORD-01455,CUST-0293,2023-11-29,Completed,Marketplace,14.86,0.24,Europe,Spain
ORD-01456,CUST-0372,2020-09-19,Pending,In-Store,39.88,0.18,Latin America,Chile
ORD-01457,CUST-0044,2021-08-24,Refunded,Marketplace,$3.98,0.18,Africa,South Africa
ORD-01458,CUST-0051,2021-06-12,Refunded,In-Store,42.84,0.31,Middle East,Qatar
ORD-01459,CUST-0318,12/04/2024,Completed,In-Store,12.88,0.01,Asia Pacific,South Korea
ORD-01460,CUST-0074,2021-06-29,Cancelled,Phone,3.79,0.32,Africa,Nigeria
ORD-01461,CUST-0087,2023-06-04,completed,Partner Portal,14.8,0.15,Asia Pacific,Australia
ORD-01462,CUST-0239,2021-09-13,Refunded,Phone,24.11,0.25,Africa,Kenya
ORD-01463,CUST-0440,2021-01-07,Pending,Mobile App,16.27,0.16,Asia Pacific,India
ORD-01464,CUST-0053,2020-05-03,Pending,In-Store,19.89,0.35,Latin America,Argentina
ORD-01465,CUST-0331,2023-07-26,Pending,In-Store,25.46,0.07,Africa,Kenya
ORD-01466,CUST-0001,2022-06-28,Completed,Phone,44.3,0.27,Latin America,Argentina
ORD-01467,CUST-0077,2020-04-08,Pending,,44.84,1.48,Asia Pacific,Australia
ORD-01468,CUST-0241,2022-12-08,Refunded,Marketplace,29.08,0.07,europe,Germany
ORD-01469,CUST-0214,2022-06-04,Cancelled,Partner Portal,32.73,0.07,Middle East,UAE
ORD-01470,CUST-0092,2020-10-19,Refunded,Phone,10.03,0.2,Latin America,Brazil
ORD-01471,CUST-0340,2020-12-29,Completed,Marketplace,22.93,0.2,Africa,Ghana
ORD-01472,CUST-0375,06/02/2024,Completed,Partner Portal,$42.12,0.26,North America,United States
ORD-01473,CUST-0435,2021-11-02,Completed,Website,15.46,0.16,Asia Pacific,India
ORD-01474,CUST-0134,24/02/2023,Pending,Website,16.46,0,North America,United States
ORD-01475,CUST-0370,2024-02-11,Pending,Marketplace,39.46,0.22,North America,United States
ORD-01476,CUST-0377,2022-02-25,Completed,Website,7.36,0.34,Middle East,Qatar
ORD-01477,CUST-0383,2020-08-11,CANCELLED,In-Store,2.41,0.08,Africa,Ghana
ORD-01478,CUST-0172,2024-03-11,Refunded,Partner Portal,19.74,0.07,Latin America,Argentina
ORD-01479,CUST-0244,11/09/2020,Cancelled,,27.16,0.05,North America,Mexico
ORD-01480,CUST-0066,2020-08-18,Completed,Partner Portal,21.95,0.34,Asia Pacific,South Korea
ORD-01481,CUST-0194,"April 25, 2021",Completed,Mobile App,22.72,0.07,Asia Pacific,Australia
ORD-01482,CUST-0445,2023-11-14,Completed,Mobile App,29.66,1.25,Asia Pacific,India
ORD-01483,CUST-0052,2024-03-16,cancelled,In-Store,4.94,0.23,North America,Canada
ORD-01484,CUST-0002,2023-03-04,Completed,Phone,$10.87,0.21,Middle East,Qatar
ORD-01485,CUST-0463,"April 4, 2023",cancelled,Partner Portal,12.76,0.25,Africa,South Africa
ORD-01486,CUST-0021,2023-01-13,Completed,Phone,7.96,0.22,Asia Pacific,Australia
ORD-01487,CUST-0386,2022-09-16,Completed,Partner Portal,2.71,0.08,Latin America,Chile
ORD-01488,CUST-0230,2021-01-27,Refunded,In-Store,40.96,0.3,Latin America,Colombia
ORD-01489,CUST-0473,2022-05-13,Pending,Partner Portal,34.75,0.34,Europe,France
ORD-01490,CUST-0431,2023-04-06,Completed,Partner Portal,31.06,0.06,Asia Pacific,Singapore
ORD-01491,CUST-0300,2020-06-29,Completed,Website,24.28,0.12,Africa,Nigeria
ORD-01492,CUST-0242,2023-01-22,Completed,Phone,39.66,0.13,Asia Pacific,India
ORD-01493,CUST-0091,2022-09-20,Refunded,Website,42.99,0.28,Africa,Ghana
ORD-01494,CUST-0003,2021-05-22,Completed,In-Store,2.61,0.17,Latin America,Colombia
ORD-01495,CUST-0343,2020-03-21,Completed,,$23.51,0.02,Europe,France
ORD-01496,CUST-0209,2023-09-21,Refunded,,19.88,0.23,Europe,France
ORD-01497,CUST-0217,2023-06-15,Completed,Website,0.71,0.15,Middle East,UAE
ORD-01498,CUST-0200,2023-09-17,Cancelled,Phone,18.47,0.28,North America,United States
ORD-01499,CUST-0310,"April 10, 2021",Completed,In-Store,19.43,0.04,Latin America,Chile
ORD-01500,CUST-0444,2021-02-26,Completed,Phone,0.39,0.26,Asia Pacific,Singapore
ORD-01501,CUST-0034,2024-05-08,Completed,Website,7.5,0.24,Middle East,UAE
ORD-01502,CUST-0279,2020-12-25,cancelled,In-Store,7.6,0.27,Latin America,Chile
ORD-01503,CUST-0268,2020-09-19,Refunded,In-Store,7.54,0.15,Europe,France
ORD-01504,CUST-0293,2022-11-22,Completed,Partner Portal,33.1,0.05,Europe,Spain
ORD-01505,CUST-0123,2020-02-13,Completed,In-Store,27.76,0.33,Asia Pacific,Singapore
ORD-01506,CUST-0395,2023-02-07,Cancelled,In-Store,28.87,0.07,Middle East,Qatar
ORD-01507,CUST-0480,2021-10-03,Completed,Phone,41.1,0.05,North America,Canada
ORD-01508,CUST-0286,2024-07-29,Refunded,In-Store,39.18,0.05,Africa,South Africa
ORD-01509,CUST-0125,2023-03-03,Refunded,In-Store,15.31,0.07,Africa,Ghana
ORD-01510,CUST-0426,2023-12-25,Cancelled,Phone,9.84,0.22,Africa,Ghana
ORD-01511,CUST-0384,2023-04-14,Completed,Mobile App,23.79,0.34,Middle East,Qatar
ORD-01512,CUST-0452,2020-06-30,Completed,Phone,38.72,0.18,Latin America,Brazil
ORD-01513,CUST-0115,2022-12-17,Refunded,Marketplace,23.43,0.16,Middle East ,UAE
ORD-01514,CUST-0458,2023-10-08,Completed,Mobile App,$29.15,0.27,Africa,Kenya
ORD-01515,CUST-0040,2022-01-14,cancelled,Website,25.09,0.01,Asia Pacific,Singapore
ORD-01516,CUST-0329,2021-02-08,Cancelled,In-Store,33.47,0.03,Latin America,Colombia
ORD-01517,CUST-0153,2024-11-18,pending,Phone,0.23,0.1,North America,United States
ORD-01518,CUST-0330,2021-06-27,Completed,Website,40.47,0.21,North america ,United States
ORD-01519,CUST-0348,15 February 2021,COMPLETED,Partner Portal,44.9,0.08,Middle East,UAE
ORD-01520,CUST-0034,31 July 2020,Completed,Website,21.8,0.2,Mid East,UAE
ORD-01521,CUST-0013,29 April 2023,Refunded,Marketplace,31.46,0.01,Latin America,Brazil
ORD-01522,CUST-0182,2021-04-19,Completed,Website,29.15,0.07,Latin America ,Colombia
ORD-01523,CUST-0050,2021-11-08,Completed,In-Store,16.06,0.1,Latin America,Chile
ORD-01524,CUST-0167,2022-09-10,Completed,In-Store,34.51,0.13,NA Region,United States
ORD-01525,CUST-0181,2023-04-14,Pending,Phone,16.23,0.02,NA Region,Mexico
ORD-01526,CUST-0126,2023-11-13,Refunded,In-Store,11.76,0.01,Latin America,Argentina
ORD-01527,CUST-0075,2021-09-24,Pending,,41.52,0.04,African Region,South Africa
ORD-01528,CUST-0278,2020-02-22,Pending,,15.39,0.31,North America,United States
ORD-01529,CUST-0238,2021-08-01,Cancelled,Phone,8.89,0.11,Latin America,Argentina
ORD-01530,CUST-0068,2023-04-02,Cancelled,In-Store,$12.46,0.34,Europe,Sweden
ORD-01531,CUST-0461,2023-11-02,Completed,Mobile App,8.49,0.15,Middle East,Qatar
ORD-01532,CUST-0382,4 June 2020,Completed,In-Store,12.98,0.05,Latin America,Brazil
ORD-01533,CUST-0358,2024-02-14,Cancelled,In-Store,3.42,1.49,Asia Pacific,India
ORD-01534,CUST-0112,"December 29, 2023",Pending,Website,2.07,0.28,Africa,Kenya
ORD-01535,CUST-0335,2023-09-27,Pending,Mobile App,6.44,0.09,Europe,Germany
ORD-01536,CUST-0095,2024-06-20,Refunded,In-Store,3.16,0.04,Africa,Ghana
ORD-01537,CUST-0007,2020-08-09,Pending,,27.31,0.32,Middle East,Saudi Arabia
ORD-01538,CUST-0213,4 April 2022,Cancelled,Partner Portal,33.76,0.16,Middle East,Qatar
ORD-01539,CUST-0347,19 December 2023,Completed,In-Store,28.83,0.18,north america,Mexico
ORD-01540,CUST-0433,2024-10-11,Completed,Phone,34.48,0.19,Latin America,Argentina
ORD-01541,CUST-0118,17/03/2022,Completed,Marketplace,22.45,0.02,latin america,Brazil
ORD-01542,CUST-0249,2021-10-12,Completed,Phone,21.62,0.08,Africa,Kenya
ORD-01543,CUST-0300,23 February 2020,Cancelled,Marketplace,38.01,0.26,Africa,Nigeria
ORD-01544,CUST-0176,2024-11-06,Cancelled,Mobile App,3.29,0.19,Europe,Spain
ORD-01545,CUST-0092,6 August 2024,Cancelled,In-Store,42.34,0.05,Latin America,Brazil
ORD-01546,CUST-0169,2020-06-11,Refunded,,27.86,0.17,Asia Pacific,South Korea
ORD-01547,CUST-0464,2020-10-11,completed,Phone,6.67,0.28,European Region,Netherlands
ORD-01548,CUST-0021,2021-06-05,Completed,Marketplace,$39.90,1.17,Asia Pacific,Australia
ORD-01549,CUST-0152,2024-10-29,Completed,In-Store,25.66,0.34,Middle East,Saudi Arabia
ORD-01550,CUST-0084,20/04/2023,Completed,In-Store,35.54,0.34,North America,United States
ORD-01551,CUST-0132,2022-08-29,Refunded,Phone,41.61,0.18,Africa,South Africa
ORD-01552,CUST-0074,02/08/2024,Completed,Marketplace,27.45,0.18,Africa,Nigeria
ORD-01553,CUST-0421,2024-07-25,Refunded,Partner Portal,37.39,0.07,North America,Canada
ORD-01554,CUST-0292,2020-06-26,Completed,Mobile App,40.26,0.31,europe,France
ORD-01555,CUST-0459,2021-03-19,Completed,Mobile App,5.13,0.28,Europe,Spain
ORD-01556,CUST-0240,29/09/2024,Completed,In-Store,0.67,0.05,European Region,United Kingdom
ORD-01557,CUST-0371,2020-03-25,Completed,,20.7,0.34,N. America,United States
ORD-01558,CUST-0435,2024-05-14,Pending,Marketplace,2.23,0.07,asia pacific,India
ORD-01559,CUST-0071,2021-09-29,Completed,Marketplace,22.26,0.02,Latin America,Argentina
ORD-01560,CUST-0306,2021-09-12,Pending,Mobile App,11.65,0.14,EUROPE,Spain
ORD-01561,CUST-0049,2021-03-30,Cancelled,Website,23.1,0.07,Europe,United Kingdom
ORD-01562,CUST-0068,"December 28, 2020",Pending,Marketplace,33.79,0.08,Europe,Sweden
ORD-01563,CUST-0456,2022-08-17,Pending,In-Store,13.52,0.06,Europe,Sweden
ORD-01564,CUST-0054,2023-03-04,Pending,Mobile App,26.64,0.05,Africa,Ghana
ORD-01565,CUST-0179,2022-11-30,Completed,In-Store,43.37,0.2,Middle East,Qatar
ORD-01566,CUST-0145,2023-07-27,Refunded,In-Store,37.26,0.21,Europe,Germany
ORD-01567,CUST-0457,09/12/2021,Refunded,Phone,22.15,0.18,North america ,Mexico
ORD-01568,CUST-0356,"February 29, 2020",Cancelled,Website,1.59,0.32,Europe,Sweden
ORD-01569,CUST-0090,2024-02-02,Refunded,Mobile App,$0.22,0.12,Asia Pacific,India
ORD-01570,CUST-0076,2020-11-03,Completed,Mobile App,$25.46,0.06,Africa,Ghana
ORD-01571,CUST-0192,2021-03-20,COMPLETED,Partner Portal,28.45,0.04,LATAM,Argentina
ORD-01572,CUST-0194,2023-11-10,Completed,,36.8,0.25,Asia Pacific,Australia
ORD-01573,CUST-0033,19/12/2020,Refunded,Mobile App,19.76,0.12,Middle East ,Qatar
ORD-01574,CUST-0244,2021-03-12,Completed,Marketplace,16.68,0.28,North America,Mexico
ORD-01575,CUST-0132,2020-05-16,Completed,Phone,22.93,0.03,Africa,South Africa
ORD-01576,CUST-0309,2022-05-07,Cancelled,Mobile App,12.63,0.28,Africa,South Africa
ORD-01577,CUST-0248,2021-11-29,Completed,Marketplace,30.46,0.3,europe,Netherlands
ORD-01578,CUST-0213,2024-01-27,Cancelled,Phone,9.63,0.35,Mid East,Qatar
ORD-01579,CUST-0117,28/11/2021,Pending,In-Store,14.18,0.1,Europe,Germany
ORD-01580,CUST-0375,2023-10-09,Completed,Phone,40.37,0.25,North America,United States
ORD-01581,CUST-0388,2023-07-28,Completed,Phone,11.33,0.1,Asia Pacific,South Korea
ORD-01582,CUST-0208,2024-05-16,Completed,Website,39.45,0.17,Europe,Germany
ORD-01583,CUST-0111,2021-03-15,Completed,Website,$17.28,0.12,Latin America,Colombia
ORD-01584,CUST-0168,05/20/2024,Completed,Phone,7.48,0.23,North America,Canada
ORD-01585,CUST-0378,2021-03-30,Refunded,Partner Portal,7.55,0.32,Middle East,Saudi Arabia
ORD-01586,CUST-0146,2024-08-14,Completed,Phone,$39.38,0.19,Africa,Kenya
ORD-01587,CUST-0089,2020-02-21,Completed,Mobile App,4.4,0.11,Europe,Sweden
ORD-01588,CUST-0433,2020-10-28,Completed,In-Store,39.29,0.09,Latin America,Argentina
ORD-01589,CUST-0188,2024-08-16,Completed,In-Store,19.02,0.01,Africa,South Africa
ORD-01590,CUST-0081,2022-05-06,Cancelled,Website,3.05,0.22,North America,Mexico
ORD-01591,CUST-0134,2024-05-25,Completed,In-Store,14.73,0.04,North America,United States
ORD-01592,CUST-0279,04/27/2021,Completed,Phone,28.27,0.19,Latin America,Chile
ORD-01593,CUST-0444,2024-06-04,Completed,Website,40.54,0.03,asia pacific,Singapore
ORD-01594,CUST-0424,2021-08-14,Pending,Marketplace,0.18,0.15,Latin America,Chile
ORD-01595,CUST-0453,2021-11-12,Completed,Website,27.51,0.12,Latin America,Argentina
ORD-01596,CUST-0192,2022-11-28,Completed,Mobile App,22.03,0.13,Latin America,Argentina
ORD-01597,CUST-0030,2024-04-14,Refunded,In-Store,4.24,0,APAC,India
ORD-01598,CUST-0066,2023-03-08,Completed,Partner Portal,3.84,0.24,APAC,South Korea
ORD-01599,CUST-0174,2021-04-12,Completed,In-Store,$12.56,0.32,Europe ,Spain
ORD-01600,CUST-0077,2021-04-23,Cancelled,Phone,26.73,0.09,Asia Pacific,Australia
ORD-01601,CUST-0135,2023-12-03,Refunded,Mobile App,0.6,0.13,North America,Mexico
ORD-01602,CUST-0374,2022-10-23,Completed,Website,4.45,0.05,Europe,France
ORD-01603,CUST-0369,07/31/2024,Completed,In-Store,9.98,0.21,Middle East,Qatar
ORD-01604,CUST-0035,22 July 2022,Cancelled,Mobile App,11.14,0.32,Europe,Spain
ORD-01605,CUST-0413,"April 13, 2021",Completed,Partner Portal,28.98,0.28,Europe ,Germany
ORD-01606,CUST-0162,2024-06-24,Refunded,Marketplace,18.8,0.23,Middle East,Qatar
ORD-01607,CUST-0459,01/01/2022,Completed,Mobile App,29.62,0.17,Europe,Spain
ORD-01608,CUST-0439,2020-01-15,Refunded,Marketplace,37.17,0.34,Europe,United Kingdom
ORD-01609,CUST-0120,2022-04-03,Completed,In-Store,10.16,0.3,Middle East,Saudi Arabia
ORD-01610,CUST-0395,2021-06-16,Refunded,In-Store,11.59,0.25,Middle East,Qatar
ORD-01611,CUST-0069,2023-04-23,Cancelled,In-Store,34.24,0.22,Latin America,Argentina
ORD-01612,CUST-0425,2022-08-21,Cancelled,Partner Portal,1.3,0.33,North America,Canada
ORD-01613,CUST-0046,07/16/2022,Cancelled,Partner Portal,16.2,0.14,Asia Pacific,Japan
ORD-01614,CUST-0451,2024-02-17,Completed,Partner Portal,22.14,0.15,Middle East,Qatar
ORD-01615,CUST-0009,2020-12-30,Completed,Marketplace,38.16,0.22,Europe,United Kingdom
ORD-01616,CUST-0112,2023-04-07,Completed,,32.05,1.27,Africa,Kenya
ORD-01617,CUST-0012,2024-10-31,Completed,Partner Portal,35.64,0.15,Europe,Netherlands
ORD-01618,CUST-0468,15 May 2020,Pending,Marketplace,39.97,0.03,North America,Canada
ORD-01619,CUST-0386,2022-05-12,Completed,Marketplace,33.65,0.27,Latin America,Chile
ORD-01620,CUST-0298,2023-11-08,Completed,,25.58,0.2,Africa ,South Africa
ORD-01621,CUST-0207,2022-02-10,Refunded,Website,23.33,0.27,Europe,United Kingdom
ORD-01622,CUST-0357,2020-08-13,Completed,Marketplace,33.36,0.24,North America,Mexico
ORD-01623,CUST-0382,2023-03-20,Cancelled,Phone,5.13,0.07,Latam,Brazil
ORD-01624,CUST-0246,2024-10-12,Refunded,Website,28.94,0.09,Asia Pacific,Singapore
ORD-01625,CUST-0013,2020-10-23,Pending,Mobile App,25.77,0.1,Latin America,Brazil
ORD-01626,CUST-0154,2020-04-04,Cancelled,In-Store,1.47,0.04,Africa,Nigeria
ORD-01627,CUST-0020,2021-11-17,Cancelled,In-Store,29.91,0.24,Latin America,Brazil
ORD-01628,CUST-0427,2021-12-29,Completed,Phone,23.27,0.35,Eur,United Kingdom
ORD-01629,CUST-0237,2020-07-03,Completed,Mobile App,31.68,0.27,Latin America,Brazil
ORD-01630,CUST-0458,2021-09-09,Pending,Phone,27.76,0.08,Africa,Kenya
ORD-01631,CUST-0073,2024-08-12,Cancelled,Marketplace,0.14,0.22,Latin America,Argentina
ORD-01632,CUST-0091,2021-06-28,completed,Marketplace,43.93,0.14,Africa,Ghana
ORD-01633,CUST-0479,2024-09-28,Completed,Partner Portal,44.14,0.31,Latin America,Argentina
ORD-01634,CUST-0107,2020-10-24,Cancelled,Phone,17.85,0.11,Middle East,Saudi Arabia
ORD-01635,CUST-0158,2024-08-25,Pending,In-Store,$23.36,0.06,Middle East,Saudi Arabia
ORD-01636,CUST-0387,2023-11-15,Completed,Mobile App,6.81,0.24,Middle East,Qatar
ORD-01637,CUST-0335,2023-08-08,Completed,Marketplace,30.52,0.22,Europe,Germany
ORD-01638,CUST-0200,08/13/2024,Completed,Marketplace,30.8,0.31,North America,United States
ORD-01639,CUST-0225,07/27/2021,Completed,Phone,35.65,0.13,North America,Canada
ORD-01640,CUST-0050,2024-12-18,Cancelled,Website,12.82,0.3,Latin America,Chile
ORD-01641,CUST-0017,2022-01-08,Cancelled,Mobile App,6.11,0.32,Middle East,Saudi Arabia
ORD-01642,CUST-0390,2020-07-28,Pending,In-Store,$29.99,0.17,Middle East,Saudi Arabia
ORD-01643,CUST-0159,2020-04-18,Completed,Partner Portal,23.42,0.27,North america ,Mexico
ORD-01644,CUST-0423,2022-06-06,Completed,Phone,8.9,0.24,Latin America,Colombia
ORD-01645,CUST-0473,2024-04-06,Completed,Website,36.22,0.32,Europe,France
ORD-01646,CUST-0017,2023-11-17,Completed,Marketplace,44.36,0.19,Middle East,Saudi Arabia
ORD-01647,CUST-0223,2024-11-15,Completed,Mobile App,13.08,0.34,Asia Pacific,South Korea
ORD-01648,CUST-0145,2023-02-09,pending,Mobile App,42.41,0.12,Europe,Germany
ORD-01649,CUST-0107,2021-05-18,Pending,Phone,20.75,0.1,Middle East,Saudi Arabia
ORD-01650,CUST-0092,2022-08-29,Completed,Website,39.82,0.01,Latin America,Brazil
ORD-01651,CUST-0072,2023-07-04,Completed,Phone,37.79,0.15,Latin America,Colombia
ORD-01652,CUST-0286,2021-05-09,Completed,Marketplace,7.82,0.12,AFRICA,South Africa
ORD-01653,CUST-0243,2021-05-01,Refunded,In-Store,18.17,0.06,Europe,Netherlands
ORD-01654,CUST-0235,2022-02-07,Completed,In-Store,$25.40,0.06,Middle East,UAE
ORD-01655,CUST-0407,2020-09-26,Completed,Website,17.31,0.24,Middle East,Qatar
ORD-01656,CUST-0402,2021-04-04,Completed,Partner Portal,30.38,0.23,Africa ,Nigeria
ORD-01657,CUST-0442,2023-11-03,Completed,Website,9.63,0.21,North America,United States
ORD-01658,CUST-0364,2021-10-26,Refunded,In-Store,18.69,0.18,Africa,Nigeria
ORD-01659,CUST-0461,2022-08-10,Completed,In-Store,36.44,0.03,Middle East,Qatar
ORD-01660,CUST-0404,2021-10-11,Cancelled,Partner Portal,37.66,0.1,Latin America,Colombia
ORD-01661,CUST-0258,2023-04-15,Completed,Marketplace,41.59,0.12,Asia-Pacific,Singapore
ORD-01662,CUST-0159,2 July 2023,Completed,,43.41,0.2,North America,Mexico
ORD-01663,CUST-0480,14 July 2023,Refunded,Marketplace,37.26,0.13,N. America,Canada
ORD-01664,CUST-0292,2023-09-14,Completed,Mobile App,23.31,0.26,Europe,France
ORD-01665,CUST-0105,2024-09-19,Completed,Marketplace,7.82,0.06,North America,Canada
ORD-01666,CUST-0107,2023-07-20,Cancelled,Marketplace,26.61,0.04,Middle East,Saudi Arabia
ORD-01667,CUST-0115,06/29/2023,completed,Mobile App,15.66,0.05,Mid East,UAE
ORD-01668,CUST-0308,2023-09-25,Completed,Marketplace,36.61,0.15,Europe,Sweden
ORD-01669,CUST-0437,2020-06-15,Completed,Website,38.03,0.25,North America,Canada
ORD-01670,CUST-0338,2023-01-10,Completed,Marketplace,2.92,0.34,European Region,Sweden
ORD-01671,CUST-0214,2022-06-09,Completed,In-Store,$31.75,0.27,middle east,UAE
ORD-01672,CUST-0150,2022-02-09,Completed,Marketplace,5.23,0.25,North America,Mexico
ORD-01673,CUST-0252,2022-04-25,CANCELLED,In-Store,7.84,0.34,North America,Mexico
ORD-01674,CUST-0242,2021-11-20,Cancelled,,28.59,0.04,Asia Pacific,India
ORD-01675,CUST-0447,2022-02-15,Completed,Mobile App,$28.26,0.04,Middle East,UAE
ORD-01676,CUST-0127,2023-10-02,Completed,In-Store,42.98,0.07,North America,United States
ORD-01677,CUST-0276,2020-09-12,Completed,Phone,22.62,0.33,Asia-Pacific,India
ORD-01678,CUST-0151,"April 30, 2020",Pending,Marketplace,15.99,0.34,Europe,Sweden
ORD-01679,CUST-0029,7 May 2022,COMPLETED,Partner Portal,39.58,0.14,Middle East,Saudi Arabia
ORD-01680,CUST-0198,2022-05-16,Completed,Partner Portal,10.01,0.24,North america ,United States
ORD-01681,CUST-0248,"September 4, 2022",Cancelled,Website,8.28,0.3,Europe,Netherlands
ORD-01682,CUST-0312,2021-10-10,Cancelled,Phone,39.61,0.05,europe,Spain
ORD-01683,CUST-0220,2021-05-03,Completed,Marketplace,11.03,0.17,North America,United States
ORD-01684,CUST-0477,2021-11-19,Refunded,,0.2,0.35,Europe,Germany
ORD-01685,CUST-0451,2020-06-04,Completed,Mobile App,20.85,0.1,Mid East,Qatar
ORD-01686,CUST-0241,2024-07-06,Completed,Phone,25.19,0.18,Europe,Germany
ORD-01687,CUST-0168,2023-09-03,Completed,Marketplace,1.96,0.07,North America,Canada
ORD-01688,CUST-0325,2022-02-15,Completed,In-Store,33.53,0.1,LatAm,Chile
ORD-01689,CUST-0306,14 July 2022,Completed,Mobile App,21.23,0.07,Europe,Spain
ORD-01690,CUST-0002,14/08/2022,Refunded,Marketplace,18.21,0.18,Middle East,Qatar
ORD-01691,CUST-0429,2023-05-22,Completed,In-Store,29.96,0.29,Asia Pacific,India
ORD-01692,CUST-0206,2020-07-21,Completed,Partner Portal,$22.10,0.27,Europe,Netherlands
ORD-01693,CUST-0275,2022-03-13,Completed,Partner Portal,10.29,0.23,Africa,South Africa
ORD-01694,CUST-0107,2021-07-25,Completed,Website,43.04,0.03,Middle East,Saudi Arabia
ORD-01695,CUST-0103,"November 12, 2020",Completed,In-Store,$2.45,0.33,North America,Canada
ORD-01696,CUST-0056,2024-01-29,Completed,Phone,3.86,0.27,Apac,Singapore
ORD-01697,CUST-0422,2020-11-28,Refunded,Mobile App,16.17,0.06,North America,Canada
ORD-01698,CUST-0093,29 June 2020,Pending,Phone,25.65,0.3,N. America,Canada
ORD-01699,CUST-0221,2021-02-04,Cancelled,Mobile App,$9.90,0.15,Asia Pacific,Japan
ORD-01700,CUST-0361,07/08/2024,COMPLETED,In-Store,$38.35,0.16,Latin America,Brazil
ORD-01701,CUST-0082,2023-06-14,Pending,Phone,$19.38,0.31,Africa,South Africa
ORD-01702,CUST-0135,2023-10-24,Refunded,In-Store,29.86,1.3,North America,Mexico
ORD-01703,CUST-0030,08/21/2024,Cancelled,Partner Portal,36.07,0.01,Asia Pacific,India
ORD-01704,CUST-0382,2023-05-20,Completed,In-Store,44.27,0.18,Latin America,Brazil
ORD-01705,CUST-0396,2021-08-26,Completed,Marketplace,2.79,0.27,Asia Pacific,India
ORD-01706,CUST-0100,8 November 2022,Cancelled,Website,11.64,0.03,Europe,United Kingdom
ORD-01707,CUST-0174,2022-05-03,Completed,Mobile App,16.11,0.12,Europe,Spain
ORD-01708,CUST-0394,2020-12-23,Refunded,Phone,13.24,0.26,Latin America,Argentina
ORD-01709,CUST-0304,15/06/2023,Cancelled,Partner Portal,39.45,0.24,North America,Mexico
ORD-01710,CUST-0174,2020-02-13,completed,In-Store,$41.15,0.06,Europe,Spain
ORD-01711,CUST-0013,2024-10-07,Completed,Phone,39.45,0.12,Latin America,Brazil
ORD-01712,CUST-0114,2024-11-30,Cancelled,In-Store,10.21,0.3,Europe,United Kingdom
ORD-01713,CUST-0186,2023-09-17,Completed,Marketplace,43.17,0.05,Asia Pacific,Singapore
ORD-01714,CUST-0183,2024-06-21,Refunded,Mobile App,22.74,0.32,LatAm,Chile
ORD-01715,CUST-0013,2022-11-14,Completed,Website,7.34,0.06,Latin America,Brazil
ORD-01716,CUST-0010,2023-10-23,Completed,In-Store,34.67,0.16,Latin America,Chile
ORD-01717,CUST-0446,2023-08-06,Completed,In-Store,16.96,0.24,North America,Mexico
ORD-01718,CUST-0014,2024-12-11,Refunded,Partner Portal,$40.72,0.01,Africa,South Africa
ORD-01719,CUST-0326,2021-06-08,Refunded,Phone,22.55,0.11,Europe,Netherlands
ORD-01720,CUST-0086,2022-12-02,Completed,In-Store,18.42,0.21,Europe,Spain
ORD-01721,CUST-0436,2022-10-01,completed,In-Store,28.58,0,ME,Qatar
ORD-01722,CUST-0334,2020-08-24,Completed,Partner Portal,$18.13,0.19,Asia-Pacific,South Korea
ORD-01723,CUST-0435,06/09/2024,Refunded,Phone,19.57,0.25,Asia Pacific,India
ORD-01724,CUST-0118,2022-03-13,refunded,Partner Portal,17.85,0.31,Latin America,Brazil
ORD-01725,CUST-0043,2022-11-28,Completed,Phone,4.36,0.02,Middle East,UAE
ORD-01726,CUST-0105,2021-10-30,Completed,Phone,12.02,0.14,North America,Canada
ORD-01727,CUST-0391,2020-01-21,Refunded,Website,2.06,0.11,Asia Pacific ,South Korea
ORD-01728,CUST-0219,03/28/2020,Pending,Mobile App,17.68,0.1,Asia Pacific,Australia
ORD-01729,CUST-0138,2023-05-05,Completed,Marketplace,$18.92,0.33,Middle East,UAE
ORD-01730,CUST-0309,2024-10-15,Completed,Marketplace,15.8,0.32,Africa,South Africa
ORD-01731,CUST-0148,06/13/2021,Pending,Website,44.3,0.2,Middle East,UAE
ORD-01732,CUST-0463,05/23/2021,COMPLETED,Website,42.14,0.08,Africa,South Africa
ORD-01733,CUST-0277,2024-08-22,Cancelled,Phone,41.05,0.33,Middle East,Saudi Arabia
ORD-01734,CUST-0181,2024-03-17,Refunded,Phone,13.65,0.31,North America,Mexico
ORD-01735,CUST-0233,27 March 2022,Pending,In-Store,28.62,0.24,europe,Germany
ORD-01736,CUST-0384,2023-03-30,Refunded,In-Store,1.71,0.26,Middle East,Qatar
ORD-01737,CUST-0259,"July 30, 2020",Refunded,Marketplace,16.2,0.29,North America,Mexico
ORD-01738,CUST-0452,2021-10-02,completed,Partner Portal,14.54,0.13,Latin America,Brazil
ORD-01739,CUST-0313,2022-06-16,Completed,Partner Portal,9.89,0.31,Africa ,Kenya
ORD-01740,CUST-0047,2021-04-11,Completed,In-Store,17.25,0.12,Asia Pacific,India
ORD-01741,CUST-0060,2020-07-30,Refunded,In-Store,30.95,0.19,Latin America,Chile
ORD-01742,CUST-0166,2020-09-24,PENDING,Mobile App,43.22,0.22,Latin America,Argentina
ORD-01743,CUST-0153,2021-06-15,Cancelled,Marketplace,6.85,0.11,North America,United States
ORD-01744,CUST-0401,2020-02-20,PENDING,In-Store,30.34,0,ME,Qatar
ORD-01745,CUST-0288,"May 24, 2021",Completed,In-Store,10.69,0.11,Africa,Kenya
ORD-01746,CUST-0157,2021-05-30,Refunded,Mobile App,6,0.13,Latin America,Chile
ORD-01747,CUST-0035,2020-03-30,Pending,Marketplace,35.02,0.17,Europe,Spain
ORD-01748,CUST-0456,2024-01-05,Completed,Phone,3.77,0.06,Europe,Sweden
ORD-01749,CUST-0442,1 March 2021,Completed,Phone,15.39,0.19,North America,United States
ORD-01750,CUST-0171,21 May 2023,Completed,In-Store,7.83,0,Europe,Netherlands
ORD-01751,CUST-0195,2023-06-21,Cancelled,Phone,$5.97,0.1,Africa,Nigeria
ORD-01752,CUST-0451,2020-10-21,Cancelled,In-Store,0.87,0.28,Middle East ,Qatar
ORD-01753,CUST-0220,2020-02-28,Refunded,Mobile App,15.8,0.1,North America,United States
ORD-01754,CUST-0110,2023-12-28,Refunded,Mobile App,38.86,0.05,Middle East,Saudi Arabia
ORD-01755,CUST-0293,2021-12-12,Completed,Partner Portal,44.11,0.28,Europe,Spain
ORD-01756,CUST-0165,2022-08-18,Completed,Marketplace,18.64,0.25,Europe,Germany
ORD-01757,CUST-0233,24/04/2022,Cancelled,Website,$37.19,0.29,Europe,Germany
ORD-01758,CUST-0441,2022-04-18,Cancelled,Partner Portal,$18.45,0.29,Latin America,Argentina
ORD-01759,CUST-0276,2023-11-01,Completed,Website,20.18,0.05,Asia Pacific,India
ORD-01760,CUST-0057,2021-09-18,Completed,Partner Portal,10.95,0.14,Africa,Ghana
ORD-01761,CUST-0430,2022-08-08,Refunded,Phone,16.77,0.02,ME,Saudi Arabia
ORD-01762,CUST-0440,02/27/2022,Cancelled,Website,3.93,0.33,Asia Pacific,India
ORD-01763,CUST-0290,26 February 2024,Completed,In-Store,29.65,0.18,Europe,Netherlands
ORD-01764,CUST-0391,2021-07-14,Completed,Website,15.89,0.32,Asia Pacific,South Korea
ORD-01765,CUST-0456,2020-05-29,Refunded,Phone,$8.92,0.29,Europe,Sweden
ORD-01766,CUST-0174,2021-10-24,Cancelled,Mobile App,16.04,0.28,Europe,Spain
ORD-01767,CUST-0154,2023-12-18,Refunded,Mobile App,15.83,0.34,Africa,Nigeria
ORD-01768,CUST-0070,2021-08-11,PENDING,Website,3.44,0.12,Middle East,Qatar
ORD-01769,CUST-0125,2020-08-19,Pending,Website,$18.80,0.2,africa,Ghana
ORD-01770,CUST-0066,29 August 2021,Cancelled,Mobile App,8.82,0.29,Asia Pacific,South Korea
ORD-01771,CUST-0161,"August 10, 2020",Refunded,Partner Portal,14.53,0.08,North america ,Mexico
ORD-01772,CUST-0020,2023-12-21,Completed,,0.37,0.31,Latin America,Brazil
ORD-01773,CUST-0008,2023-04-26,Completed,Partner Portal,33.54,0.11,Latin America,Chile
ORD-01774,CUST-0324,08/12/2020,Completed,Mobile App,21.04,0.3,Europe,United Kingdom
ORD-01775,CUST-0420,2024-11-27,Completed,Phone,0.61,0.1,Europe,France
ORD-01776,CUST-0140,31 July 2022,Cancelled,Phone,33.21,0.14,Latin America,Brazil
ORD-01777,CUST-0118,2022-12-06,Cancelled,Marketplace,25.22,0.15,Latin America,Brazil
ORD-01778,CUST-0479,2022-03-14,Completed,Website,43.27,0.01,Latin America,Argentina
ORD-01779,CUST-0092,2024-06-21,Completed,In-Store,26.83,0.17,Latin America,Brazil
ORD-01780,CUST-0046,2021-10-26,Completed,Website,43.99,0.25,Asia Pacific,Japan
ORD-01781,CUST-0419,05/19/2020,Pending,Marketplace,24.67,0.33,Africa,Ghana
ORD-01782,CUST-0009,2024-08-29,Completed,Mobile App,10.18,0.02,Europe,United Kingdom
ORD-01783,CUST-0342,06/11/2020,Completed,In-Store,24.06,0.04,Africa,South Africa
ORD-01784,CUST-0429,2020-01-05,Completed,Website,24.98,0.28,Asia Pacific ,India
ORD-01785,CUST-0347,2020-12-19,Refunded,,38.74,0,North America,Mexico
ORD-01786,CUST-0282,2024-11-07,Completed,Website,14.4,0.28,LATAM,Argentina
ORD-01787,CUST-0270,2023-12-31,Completed,Mobile App,44.41,0.29,Middle East,Qatar
ORD-01788,CUST-0445,2022-01-11,Completed,Website,8.76,0.31,Asia Pacific,India
ORD-01789,CUST-0277,2023-09-25,Cancelled,Mobile App,6.03,0.05,Middle East,Saudi Arabia
ORD-01790,CUST-0173,2022-06-16,Completed,Website,13.2,0.34,Europe,United Kingdom
ORD-01791,CUST-0292,"September 8, 2020",Pending,In-Store,37.08,0.3,Europe,France
ORD-01792,CUST-0478,04/12/2024,Refunded,Website,40.46,0.08,North America,Mexico
ORD-01793,CUST-0381,2020-05-23,Cancelled,Mobile App,15.05,0.22,Middle East,UAE
ORD-01794,CUST-0307,06/07/2022,Completed,Marketplace,27.77,0.18,North America,Canada
ORD-01795,CUST-0350,20/02/2020,Completed,Marketplace,16.58,0.09,Africa,Ghana
ORD-01796,CUST-0219,2024-08-20,Completed,Phone,31.48,0.19,Asia Pacific,Australia
ORD-01797,CUST-0280,2023-10-25,Cancelled,Phone,41.25,0.15,Latin America,Colombia
ORD-01798,CUST-0204,2024-07-22,Pending,Phone,$29.68,0.09,africa,South Africa
ORD-01799,CUST-0161,2024-01-30,Completed,Mobile App,18.7,0,north america,Mexico
ORD-01800,CUST-0472,2021-05-19,Refunded,Website,31.99,0.34,Europe,Netherlands
ORD-01801,CUST-0308,2023-05-05,Completed,In-Store,6.92,0.31,Europe,Sweden
ORD-01802,CUST-0339,2020-06-24,Completed,Marketplace,42.51,0.26,Africa,South Africa
ORD-01803,CUST-0351,2020-08-20,Completed,Partner Portal,$43.61,0.24,Europe,Spain
ORD-01804,CUST-0117,2022-03-08,Completed,Phone,$22.70,0.01,Europe,Germany
ORD-01805,CUST-0140,2020-02-12,Completed,Phone,39.74,0.03,Latin America,Brazil
ORD-01806,CUST-0391,2022-10-02,Completed,Website,21.23,0.11,Asia Pacific,South Korea
ORD-01807,CUST-0057,2022-08-28,Completed,Website,1.27,0.23,Africa,Ghana
ORD-01808,CUST-0233,2024-08-04,Cancelled,Website,23.88,0.31,Europe,Germany
ORD-01809,CUST-0465,2022-10-26,Cancelled,Marketplace,36.57,0.01,Asia Pacific,India
ORD-01810,CUST-0252,2024-07-09,Completed,Mobile App,21.59,0.33,NA Region,Mexico
ORD-01811,CUST-0317,2021-01-07,Completed,,$27.16,0.06,Middle East,Qatar
ORD-01812,CUST-0406,2023-09-26,Pending,In-Store,38.23,0.33,North america ,United States
ORD-01813,CUST-0334,2024-08-12,Completed,Partner Portal,$16.41,0.26,Asia Pacific,South Korea
ORD-01814,CUST-0340,2022-02-15,Pending,In-Store,$0.03,0.34,Africa,Ghana
ORD-01815,CUST-0156,2023-11-18,Pending,Phone,38.85,0.12,Africa,Nigeria
ORD-01816,CUST-0329,13 May 2023,Cancelled,Mobile App,9.04,0.28,Latin America,Colombia
ORD-01817,CUST-0192,12/20/2022,Cancelled,Marketplace,0.88,0.09,Latin America,Argentina
ORD-01818,CUST-0224,2020-12-06,Pending,In-Store,$29.47,0.09,Europe,Germany
ORD-01819,CUST-0366,12 July 2023,Refunded,Mobile App,8.29,0.19,Europe,Spain
ORD-01820,CUST-0275,2023-08-03,Refunded,Website,33.41,0.24,Africa,South Africa
ORD-01821,CUST-0369,2024-07-23,Cancelled,In-Store,35.77,0.12,middle east,Qatar
ORD-01822,CUST-0454,2024-05-29,Completed,Marketplace,6.82,0.01,Europe,Germany
ORD-01823,CUST-0235,16/09/2022,Cancelled,Mobile App,35.27,0.08,Middle East,UAE
ORD-01824,CUST-0352,2024-05-07,Refunded,Partner Portal,$0.10,0.3,Europe,France
ORD-01825,CUST-0188,2020-09-04,Completed,Mobile App,5.11,0.2,Africa,South Africa
ORD-01826,CUST-0070,03/17/2023,Completed,Website,28.33,0.32,Middle East,Qatar
ORD-01827,CUST-0266,2020-07-08,Cancelled,Website,23.43,0.35,Asia Pacific,Japan
ORD-01828,CUST-0225,2021-07-04,Completed,Phone,21.52,0.05,North America,Canada
ORD-01829,CUST-0029,2020-05-14,Completed,Mobile App,3.69,0.07,Middle East,Saudi Arabia
ORD-01830,CUST-0158,2020-11-14,Completed,Marketplace,7.01,0.34,middle east,Saudi Arabia
ORD-01831,CUST-0092,26/11/2024,Completed,Website,1.93,0.09,Latin America,Brazil
ORD-01832,CUST-0358,2023-06-06,Pending,Marketplace,24.32,0.21,Asia Pacific,India
ORD-01833,CUST-0263,06/18/2024,Completed,In-Store,$7.69,0.17,Asia Pacific,Singapore
ORD-01834,CUST-0206,2021-08-08,Cancelled,Phone,25.8,0.24,Europe,Netherlands
ORD-01835,CUST-0275,02/02/2024,Refunded,Mobile App,28.15,0.24,Africa,South Africa
ORD-01836,CUST-0243,2020-05-21,Completed,Phone,30.34,0.32,Europe,Netherlands
ORD-01837,CUST-0081,2022-06-04,Completed,Marketplace,1.64,0.3,north america,Mexico
ORD-01838,CUST-0310,2020-09-26,Cancelled,Marketplace,39.42,0.15,Latin America,Chile
ORD-01839,CUST-0250,19 June 2020,Refunded,Website,31.44,0.2,Europe,Sweden
ORD-01840,CUST-0331,2020-11-07,Pending,Website,26.43,0.34,Africa,Kenya
ORD-01841,CUST-0415,2023-04-07,Completed,Marketplace,4,0.09,Asia Pacific,South Korea
ORD-01842,CUST-0111,2020-08-16,COMPLETED,Marketplace,6.15,0.05,Latin America,Colombia
ORD-01843,CUST-0264,"October 8, 2024",Cancelled,Marketplace,3.27,0.11,Europe,United Kingdom
ORD-01844,CUST-0120,2023-07-16,Completed,,19.02,0.03,Middle East,Saudi Arabia
ORD-01845,CUST-0055,2022-01-16,completed,Mobile App,26.49,0.34,North America,Canada
ORD-01846,CUST-0373,16 May 2024,Completed,Partner Portal,35.03,0.1,Europe,France
ORD-01847,CUST-0279,2021-09-12,Refunded,,12.06,0.04,Latin America,Chile
ORD-01848,CUST-0213,2020-11-24,Completed,Mobile App,36.04,0.1,Middle East,Qatar
ORD-01849,CUST-0428,2024-06-25,Refunded,Website,4.92,0.31,Africa,Kenya
ORD-01850,CUST-0018,2021-11-14,Pending,Phone,20.6,0.28,Africa,Ghana
ORD-01851,CUST-0026,01/30/2022,Pending,Marketplace,$36.54,0.3,Africa,South Africa
ORD-01852,CUST-0478,2021-06-27,completed,In-Store,43.95,0.31,North America,Mexico
ORD-01853,CUST-0378,2023-07-22,Completed,Marketplace,36.92,0.13,Middle East,Saudi Arabia
ORD-01854,CUST-0142,2024-09-15,Completed,Phone,$35.08,0.33,Asia Pacific,Singapore
ORD-01855,CUST-0257,2024-11-01,Pending,Marketplace,9.58,0.34,EUROPE,France
ORD-01856,CUST-0274,2022-03-31,Completed,Website,29.72,0.05,North America,Canada
ORD-01857,CUST-0177,2024-10-20,Completed,Website,5.11,0.28,asia pacific,India
ORD-01858,CUST-0217,2023-11-21,Completed,Marketplace,43.21,1.16,Middle East,UAE
ORD-01859,CUST-0480,2022-10-30,Completed,,26.62,0.1,North America,Canada
ORD-01860,CUST-0361,2023-05-07,Refunded,In-Store,33.2,0.21,Latin America,Brazil
ORD-01861,CUST-0298,2021-08-02,Pending,In-Store,31.76,0.29,Africa,South Africa
ORD-01862,CUST-0009,2022-01-25,Refunded,Marketplace,8.72,0.31,Europe,United Kingdom
ORD-01863,CUST-0465,2021-03-06,Completed,Marketplace,7.24,0.24,Asia Pacific,India
ORD-01864,CUST-0081,2020-07-24,Cancelled,Mobile App,30.15,0.04,North America,Mexico
ORD-01865,CUST-0015,2023-04-14,Completed,Mobile App,5.91,0.13,Africa,Nigeria
ORD-01866,CUST-0188,16 February 2021,Completed,Phone,28.59,0.18,Africa,South Africa
ORD-01867,CUST-0366,2020-11-29,Completed,Partner Portal,32.09,0.11,Europe,Spain
ORD-01868,CUST-0301,2023-12-03,Completed,Phone,7.78,0.34,North America,United States
ORD-01869,CUST-0108,2023-05-10,Completed,Mobile App,9.3,0.05,North America,United States
ORD-01870,CUST-0308,2023-01-20,Completed,Marketplace,$21.38,0.29,Europe,Sweden
ORD-01871,CUST-0322,2023-03-30,Pending,Phone,12.64,0.16,Africa,Ghana
ORD-01872,CUST-0185,2024-03-04,Pending,Marketplace,11.06,0.01,Europe,Netherlands
ORD-01873,CUST-0159,2022-08-07,Cancelled,Marketplace,24.66,0.3,North America,Mexico
ORD-01874,CUST-0273,2024-07-22,Completed,Partner Portal,27.53,0.22,Latin America,Brazil
ORD-01875,CUST-0119,2022-02-13,Completed,In-Store,12.88,0.07,North America,Canada
ORD-01876,CUST-0407,2020-02-13,Pending,Partner Portal,6.03,0.21,Middle East,Qatar
ORD-01877,CUST-0305,"November 8, 2023",Completed,In-Store,$34.69,0.04,North America,United States
ORD-01878,CUST-0329,2022-09-16,Completed,Website,10.3,0.11,Latin America,Colombia
ORD-01879,CUST-0308,9 November 2022,Completed,Partner Portal,19.76,0.11,Europe,Sweden
ORD-01880,CUST-0347,"May 7, 2020",Refunded,Mobile App,4.55,0.07,North America,Mexico
ORD-01881,CUST-0151,2023-01-11,Completed,Marketplace,6.91,0.12,Europe,Sweden
ORD-01882,CUST-0305,2023-03-03,Completed,Website,44.83,0.16,North America,United States
ORD-01883,CUST-0256,2020-01-09,Pending,Marketplace,8.47,0.24,Europe,Netherlands
ORD-01884,CUST-0311,2021-03-22,Refunded,Mobile App,$19.74,0.06,asia pacific,Japan
ORD-01885,CUST-0378,2023-04-14,Pending,In-Store,0.08,0.1,Middle East,Saudi Arabia
ORD-01886,CUST-0364,2023-10-25,Completed,Phone,12.99,0.31,Africa,Nigeria
ORD-01887,CUST-0107,2020-09-07,Refunded,Partner Portal,10.14,0.2,Middle East,Saudi Arabia
ORD-01888,CUST-0426,2023-03-08,Completed,,24.72,0.23,AFRICA,Ghana
ORD-01889,CUST-0127,2022-09-13,Cancelled,Website,31.69,0.1,North America,United States
ORD-01890,CUST-0264,2021-01-23,Completed,Mobile App,44.58,0.19,Europe,United Kingdom
ORD-01891,CUST-0038,2022-03-27,Completed,Marketplace,40.24,0.16,Africa,South Africa
ORD-01892,CUST-0049,2024-12-13,Refunded,,9.12,0.02,Europe ,United Kingdom
ORD-01893,CUST-0175,14 September 2020,Cancelled,,39.82,0.01,Africa,Ghana
ORD-01894,CUST-0312,2021-11-19,Completed,Phone,9.69,0.05,Europe,Spain
ORD-01895,CUST-0432,2024-01-16,COMPLETED,Mobile App,44.65,0.27,North America,United States
ORD-01896,CUST-0414,"August 5, 2022",Pending,In-Store,38.96,0.02,North America,Canada
ORD-01897,CUST-0063,2023-04-27,refunded,Mobile App,41.99,0.09,Middle East,Saudi Arabia
ORD-01898,CUST-0042,2024-11-14,Completed,Phone,16.68,0.2,Africa,Kenya
ORD-01899,CUST-0358,2024-07-04,Completed,Website,4.14,0.28,Asia Pacific,India
ORD-01900,CUST-0154,2020-07-14,Completed,In-Store,8.34,0.01,Africa,Nigeria
ORD-01901,CUST-0115,2022-10-27,Completed,Marketplace,36.59,0.2,Middle East,UAE
ORD-01902,CUST-0323,2021-01-26,Completed,Mobile App,9.08,0.31,Europe,Spain
ORD-01903,CUST-0225,2020-02-05,Cancelled,Partner Portal,36.25,0.02,North America,Canada
ORD-01904,CUST-0415,2022-05-11,Pending,Website,29.81,0.21,Asia Pacific,South Korea
ORD-01905,CUST-0360,2021-03-12,Completed,Website,3.05,0.19,EUROPE,Netherlands
ORD-01906,CUST-0276,2021-07-22,Pending,In-Store,11.89,0.07,Asia Pacific,India
ORD-01907,CUST-0276,2020-04-30,Completed,Mobile App,7.57,0.09,Asia Pacific,India
ORD-01908,CUST-0197,2020-12-24,Completed,Website,37.51,0.3,Latin America,Colombia
ORD-01909,CUST-0062,2020-06-17,Completed,Mobile App,12.73,0.01,North America,Mexico
ORD-01910,CUST-0322,2024-11-20,Cancelled,Mobile App,34.2,0.05,Africa,Ghana
ORD-01911,CUST-0458,2021-08-17,Refunded,Partner Portal,43.43,0.08,Africa ,Kenya
ORD-01912,CUST-0234,2021-06-15,Refunded,Partner Portal,7.44,0.29,Europe,Germany
ORD-01913,CUST-0303,2024-09-22,Completed,,34.9,0.1,Middle East,Qatar
ORD-01914,CUST-0023,2023-11-11,Completed,Partner Portal,39.15,0.11,Middle East,Saudi Arabia
ORD-01915,CUST-0014,2024-06-28,Cancelled,Phone,34.36,0.32,Africa,South Africa
ORD-01916,CUST-0378,24 November 2021,Cancelled,Marketplace,22.53,0.01,Middle East,Saudi Arabia
ORD-01917,CUST-0322,2021-11-03,Cancelled,,30.26,0,Africa,Ghana
ORD-01918,CUST-0052,2022-05-10,Refunded,In-Store,24.38,0.05,North America,Canada
ORD-01919,CUST-0259,23 October 2020,Pending,Mobile App,21.02,0.07,north america,Mexico
ORD-01920,CUST-0480,2023-03-31,Pending,Partner Portal,30.37,0,North America,Canada
ORD-01921,CUST-0444,2021-09-15,Pending,Marketplace,13.38,0.03,Asia Pacific,Singapore
ORD-01922,CUST-0229,2020-05-22,Completed,Mobile App,$13.66,0.14,Middle East,Qatar
ORD-01923,CUST-0096,07/14/2024,Completed,Marketplace,34.59,0.14,Middle East,UAE
ORD-01924,CUST-0091,2023-06-11,Refunded,Mobile App,8.95,0.07,Africa,Ghana
ORD-01925,CUST-0310,10/25/2024,Pending,Website,4.94,0.23,Latin America,Chile
ORD-01926,CUST-0154,2023-02-21,Completed,Phone,35.83,0.15,Africa,Nigeria
ORD-01927,CUST-0474,2022-07-15,COMPLETED,Marketplace,11.93,0.32,Europe,Germany
ORD-01928,CUST-0246,08/02/2020,Completed,Phone,35.74,0.28,Asia Pacific,Singapore
ORD-01929,CUST-0414,2024-08-08,Cancelled,,43.84,0.11,North America,Canada
ORD-01930,CUST-0397,2020-11-02,Cancelled,Mobile App,30.32,0.15,Latin America,Argentina
ORD-01931,CUST-0376,2021-01-29,Refunded,Website,33.13,0.13,Latin America,Brazil
ORD-01932,CUST-0303,2023-01-15,Completed,Mobile App,36.07,0.2,Middle East,Qatar
ORD-01933,CUST-0417,2020-10-10,Pending,In-Store,39.85,0.02,Middle East,UAE
ORD-01934,CUST-0360,2021-06-04,Pending,In-Store,5.53,1.25,Europe,Netherlands
ORD-01935,CUST-0017,2022-10-06,Completed,In-Store,43.13,0.08,ME,Saudi Arabia
ORD-01936,CUST-0332,01/05/2020,Completed,Mobile App,1.06,0.08,Africa,Nigeria
ORD-01937,CUST-0092,2020-06-10,Cancelled,In-Store,44.98,0.22,Latin America,Brazil
ORD-01938,CUST-0174,2021-01-16,Completed,Mobile App,26.62,0.18,Europe,Spain
ORD-01939,CUST-0317,2020-04-21,Refunded,Website,9.21,0.13,Middle East,Qatar
ORD-01940,CUST-0108,07/15/2020,Cancelled,Marketplace,$6.07,0.28,North America,United States
ORD-01941,CUST-0007,04/23/2020,Pending,Marketplace,24.06,0.22,Middle East,Saudi Arabia
ORD-01942,CUST-0011,2023-05-04,Refunded,Marketplace,$1.33,0.22,N. America,Canada
ORD-01943,CUST-0197,2020-12-08,Completed,Phone,2.23,0.24,Latin America ,Colombia
ORD-01944,CUST-0097,10 March 2023,Cancelled,Partner Portal,27.68,0.08,Europe,Netherlands
ORD-01945,CUST-0475,2023-11-05,Cancelled,Mobile App,1.92,0.18,North America,Mexico
ORD-01946,CUST-0389,2023-02-04,Refunded,Phone,31.33,0.35,Latin America,Colombia
ORD-01947,CUST-0415,2020-04-08,Completed,Partner Portal,13.56,0.04,Asia Pacific,South Korea
ORD-01948,CUST-0264,2020-07-01,Completed,Marketplace,10.1,0.15,europe,United Kingdom
ORD-01949,CUST-0398,01/11/2023,Pending,,41.04,0.01,LATAM,Brazil
ORD-01950,CUST-0328,2022-09-18,Completed,Marketplace,41.4,0.31,Middle East,UAE
ORD-01951,CUST-0221,2024-04-28,Pending,Website,10.6,0.28,asia pacific,Japan
ORD-01952,CUST-0414,2023-06-26,COMPLETED,Partner Portal,30.98,0.24,North America,Canada
ORD-01953,CUST-0410,"March 21, 2023",Completed,Website,30.69,0.29,latin america,Brazil
ORD-01954,CUST-0033,2020-03-25,Completed,Partner Portal,17.79,0.31,Middle East,Qatar
ORD-01955,CUST-0372,2020-02-15,Completed,In-Store,$27.16,0.11,Latin America,Chile
ORD-01956,CUST-0230,2022-04-21,Pending,Website,18.71,0.1,Latam,Colombia
ORD-01957,CUST-0008,2022-06-18,Cancelled,In-Store,29.91,0.1,Latin America,Chile
ORD-01958,CUST-0161,2020-10-06,Cancelled,Partner Portal,8.94,0.16,North America,Mexico
ORD-01959,CUST-0460,2023-05-06,Completed,Partner Portal,5.96,0.31,Europe,Netherlands
ORD-01960,CUST-0274,"May 13, 2024",Pending,Partner Portal,$8.91,0.33,North America,Canada
ORD-01961,CUST-0309,2020-10-21,Cancelled,Marketplace,34.35,0.08,Africa,South Africa
ORD-01962,CUST-0100,2021-11-20,Refunded,In-Store,22.6,0.25,Europe,United Kingdom
ORD-01963,CUST-0183,2020-07-11,Pending,Marketplace,21.27,0.31,Latin America,Chile
ORD-01964,CUST-0195,2022-10-03,Refunded,Phone,7.1,0.05,African Region,Nigeria
ORD-01965,CUST-0366,2023-06-25,Completed,Mobile App,18.51,0.02,Europe,Spain
ORD-01966,CUST-0426,3 November 2022,Completed,Phone,32.49,0.13,Africa,Ghana
ORD-01967,CUST-0241,2021-06-08,Pending,Phone,10.45,0.04,Europe,Germany
ORD-01968,CUST-0145,06/08/2022,Cancelled,Website,33.23,0.12,EUROPE,Germany
ORD-01969,CUST-0137,2022-08-11,Refunded,Phone,$25.72,0.24,Latin America,Colombia
ORD-01970,CUST-0303,2024-10-08,Completed,Website,$9.77,0,Middle East,Qatar
ORD-01971,CUST-0148,2020-11-20,cancelled,Partner Portal,19.53,0.11,Middle East,UAE
ORD-01972,CUST-0423,2023-03-30,Completed,In-Store,37.67,0.34,Latin America,Colombia
ORD-01973,CUST-0214,2023-06-06,Refunded,Marketplace,38.56,0.18,Middle East,UAE
ORD-01974,CUST-0157,2023-05-11,Completed,Mobile App,33.8,0.01,Latin America,Chile
ORD-01975,CUST-0177,09/08/2024,Completed,Partner Portal,37.77,0.16,APAC,India
ORD-01976,CUST-0362,2024-03-15,Completed,Phone,4.6,0.06,Asia Pacific,India
ORD-01977,CUST-0146,11 April 2024,Completed,Marketplace,14.53,0.1,Africa,Kenya
ORD-01978,CUST-0106,30 June 2022,Refunded,Partner Portal,41.6,0.16,LATAM,Chile
ORD-01979,CUST-0215,2024-02-18,Pending,Website,16.37,0.16,Europe,United Kingdom
ORD-01980,CUST-0198,2023-12-15,Pending,In-Store,27.33,0.19,North America,United States
ORD-01981,CUST-0413,2022-09-12,Pending,Phone,7.94,0.02,Europe,Germany
ORD-01982,CUST-0176,2024-03-22,Completed,Website,44.56,0.14,Europe,Spain
ORD-01983,CUST-0376,2022-06-10,Completed,Phone,18.33,0.31,Latin America,Brazil
ORD-01984,CUST-0082,09/22/2020,cancelled,Marketplace,0.34,0.07,Africa,South Africa
ORD-01985,CUST-0215,07/27/2021,Completed,Marketplace,23.36,0.18,Europe,United Kingdom
ORD-01986,CUST-0080,08/06/2021,Pending,Website,17.37,0.18,Europe,United Kingdom
ORD-01987,CUST-0152,2022-07-25,Cancelled,Phone,31.82,0.11,Middle East,Saudi Arabia
ORD-01988,CUST-0019,2023-12-13,Pending,Website,20,0.35,Asia-Pacific,India
ORD-01989,CUST-0336,2023-05-13,Pending,Phone,19.44,0.33,Latin America,Chile
ORD-01990,CUST-0174,2022-12-16,Refunded,Website,29.03,0.3,Europe,Spain
ORD-01991,CUST-0163,2020-05-02,Cancelled,Mobile App,24.78,0.11,Asia Pacific,Singapore
ORD-01992,CUST-0207,2020-05-23,Refunded,Mobile App,10.01,0.04,Europe,United Kingdom
ORD-01993,CUST-0211,2022-05-28,refunded,Partner Portal,6.58,0.06,Middle East,UAE
ORD-01994,CUST-0033,2024-09-28,Pending,,$16.72,0.1,Middle East,Qatar
ORD-01995,CUST-0330,"February 11, 2021",PENDING,Marketplace,1.17,0.05,North America,United States
ORD-01996,CUST-0357,2024-11-30,Cancelled,Marketplace,43.51,0.34,North America,Mexico
ORD-01997,CUST-0284,"May 8, 2021",Pending,Website,14.89,0.21,North America,United States
ORD-01998,CUST-0410,2020-08-31,Completed,Phone,1.43,0.15,Latin America,Brazil
ORD-01999,CUST-0360,2021-03-26,Completed,Marketplace,36.36,0.02,Europe,Netherlands
ORD-02000,CUST-0192,"July 24, 2021",Completed,Phone,18.74,0.19,Latin America,Argentina
ORD-02001,CUST-0049,2021-08-31,Pending,Phone,39.91,0.22,Europe,United Kingdom
ORD-02002,CUST-0253,2020-06-19,Cancelled,Mobile App,33.4,0.06,AFRICA,Nigeria
ORD-02003,CUST-0161,2020-09-19,Cancelled,Website,8.27,0.34,North America,Mexico
ORD-02004,CUST-0286,2024-05-15,Pending,Marketplace,13.62,0.04,Africa,South Africa
ORD-02005,CUST-0156,2021-02-01,Pending,In-Store,28.74,0.06,Africa,Nigeria
ORD-02006,CUST-0300,2022-11-09,Pending,Phone,44.19,0.28,Africa,Nigeria
ORD-02007,CUST-0327,"October 30, 2022",Pending,,17.23,0.05,Middle East,Saudi Arabia
ORD-02008,CUST-0062,2022-05-13,Completed,Website,39.83,1.42,North America,Mexico
ORD-02009,CUST-0443,2023-01-05,Pending,Partner Portal,$36.51,1.16,Asia Pacific,Australia
ORD-02010,CUST-0401,2020-06-09,Completed,Partner Portal,38.94,0.2,Middle East,Qatar
ORD-02011,CUST-0344,11/06/2021,Completed,Phone,$29.24,0.19,Africa,Nigeria
ORD-02012,CUST-0263,2023-03-27,Pending,Website,33.35,0.3,Asia Pacific,Singapore
ORD-02013,CUST-0438,2021-04-12,Completed,Partner Portal,17.96,0.25,europe,Sweden
ORD-02014,CUST-0022,12/21/2021,Completed,Marketplace,35.04,0.06,North America,United States
ORD-02015,CUST-0217,04/27/2021,Completed,In-Store,$20.10,0.28,Middle East,UAE
ORD-02016,CUST-0045,2022-02-12,Completed,Mobile App,4.13,0.15,Latin America,Colombia
ORD-02017,CUST-0205,2021-06-08,Completed,Marketplace,0.42,0.17,Europe,Spain
ORD-02018,CUST-0262,2021-11-08,Pending,Phone,22.72,0.23,North America,Canada
ORD-02019,CUST-0358,2024-03-12,Completed,Phone,41.69,0.1,Asia Pacific,India
ORD-02020,CUST-0217,2023-04-22,Completed,Partner Portal,$16.01,0.01,Middle East,UAE
ORD-02021,CUST-0232,2023-12-31,Completed,Website,1.38,0.22,Middle East,Saudi Arabia
ORD-02022,CUST-0093,2021-02-20,Completed,Mobile App,20,0.07,North America,Canada
ORD-02023,CUST-0476,2020-12-14,Pending,In-Store,6.92,0.06,Africa,Kenya
ORD-02024,CUST-0203,2020-07-29,Completed,Mobile App,14.29,0.11,North America,Mexico
ORD-02025,CUST-0333,2024-11-05,Completed,Website,19.21,0.32,Asia Pacific,Singapore
ORD-02026,CUST-0158,2023-11-10,Pending,Partner Portal,22.79,0.32,Middle East,Saudi Arabia
ORD-02027,CUST-0213,2023-11-16,Completed,Website,29.18,0.12,Middle East,Qatar
ORD-02028,CUST-0026,02/06/2024,Cancelled,Phone,2.8,1.19,Africa,South Africa
ORD-02029,CUST-0095,"January 31, 2023",Pending,In-Store,13.87,0.15,Africa,Ghana
ORD-02030,CUST-0004,2024-10-26,Pending,Website,$32.58,0,Latin America,Colombia
ORD-02031,CUST-0060,24 February 2022,Completed,Mobile App,24.12,0.34,Latin America,Chile
ORD-02032,CUST-0352,2020-10-26,Completed,Phone,10.07,0.34,Europe,France
ORD-02033,CUST-0067,2022-08-06,Cancelled,Phone,10.62,0.3,Africa,Ghana
ORD-02034,CUST-0062,"April 2, 2021",Pending,Marketplace,24.94,0.22,North America,Mexico
ORD-02035,CUST-0001,2020-01-17,Completed,Marketplace,19.22,0.18,Latam,Argentina
ORD-02036,CUST-0351,"September 2, 2020",Cancelled,Mobile App,32.63,0.18,Europe,Spain
ORD-02037,CUST-0111,2020-04-13,Completed,Partner Portal,33.76,0.01,Latin America,Colombia
ORD-02038,CUST-0042,2022-11-09,Cancelled,Marketplace,25.32,0.14,Africa,Kenya
ORD-02039,CUST-0273,2020-11-04,Cancelled,Partner Portal,0.64,0.3,Latin America,Brazil
ORD-02040,CUST-0374,2021-02-09,Completed,Mobile App,$2.48,0.01,Europe,France
ORD-02041,CUST-0144,2024-08-20,Completed,In-Store,$40.93,0.26,asia pacific,Japan
ORD-02042,CUST-0368,2020-03-14,Refunded,Phone,42.43,0.03,Africa,Nigeria
ORD-02043,CUST-0075,2022-07-03,Completed,Partner Portal,29.93,0.28,Africa,South Africa
ORD-02044,CUST-0055,2022-10-04,Cancelled,Marketplace,3.89,0.31,North America,Canada
ORD-02045,CUST-0364,04/26/2023,Completed,,22.45,0,Africa,Nigeria
ORD-02046,CUST-0207,2021-11-07,Completed,In-Store,31.64,0.08,Europe,United Kingdom
ORD-02047,CUST-0361,2020-03-21,Refunded,,18.33,0.18,Latin America,Brazil
ORD-02048,CUST-0230,2024-12-02,Pending,Phone,3.95,0.15,Latin America,Colombia
ORD-02049,CUST-0193,2024-09-26,Pending,Phone,43.05,0.09,North America,Canada
ORD-02050,CUST-0183,2021-01-11,Completed,Phone,$2.97,0.12,Latin America,Chile
ORD-02051,CUST-0287,2024-11-27,Completed,Website,30.42,0.04,North America,Canada
ORD-02052,CUST-0016,11/09/2022,Completed,Phone,32.14,0.19,NA Region,Mexico
ORD-02053,CUST-0469,2024-07-19,Completed,In-Store,8.44,0.19,African Region,Nigeria
ORD-02054,CUST-0423,2020-07-01,Cancelled,In-Store,12.36,0.14,Latin America,Colombia
ORD-02055,CUST-0229,2023-10-29,Completed,Mobile App,22.54,0.31,Middle East,Qatar
ORD-02056,CUST-0334,11 January 2023,Completed,Partner Portal,41.71,1.49,Asia Pacific,South Korea
ORD-02057,CUST-0358,2020-07-30,Refunded,Phone,0.88,0.16,Asia Pacific,India
ORD-02058,CUST-0402,2020-10-05,completed,Website,0.22,0.15,African Region,Nigeria
ORD-02059,CUST-0255,2023-12-20,completed,Marketplace,12.92,0.05,Africa,Nigeria
ORD-02060,CUST-0226,2023-10-04,Pending,Website,18.76,0.12,Africa,Nigeria
ORD-02061,CUST-0042,2023-10-31,Completed,Website,26.15,0.31,Africa,Kenya
ORD-02062,CUST-0030,"August 4, 2023",Completed,Marketplace,35.71,0.1,Asia Pacific ,India
ORD-02063,CUST-0143,2022-03-25,Completed,Mobile App,31.48,0.3,Europe,Spain
ORD-02064,CUST-0241,2021-07-08,pending,Phone,6.14,0.01,Europe,Germany
ORD-02065,CUST-0239,2023-12-13,completed,Website,14.02,0.28,Africa,Kenya
ORD-02066,CUST-0451,2020-12-13,Refunded,Mobile App,16.03,0.08,Middle East,Qatar
ORD-02067,CUST-0275,2021-11-18,Cancelled,,37.82,0.34,Africa,South Africa
ORD-02068,CUST-0042,2021-12-10,Refunded,Mobile App,11.62,0.23,africa,Kenya
ORD-02069,CUST-0072,2021-04-27,Cancelled,Website,16.52,0.07,Latin America,Colombia
ORD-02070,CUST-0230,2022-12-21,Refunded,Phone,40.78,0.17,Latin America,Colombia
ORD-02071,CUST-0341,2023-11-03,Completed,Partner Portal,1.84,0.14,Mid East,UAE
ORD-02072,CUST-0001,2020-06-28,Cancelled,Partner Portal,13.82,0.04,Latin America,Argentina
ORD-02073,CUST-0287,22/02/2024,Cancelled,Phone,19.47,0.19,N. America,Canada
ORD-02074,CUST-0101,2024-01-22,Cancelled,In-Store,41.46,0.34,middle east,Qatar
ORD-02075,CUST-0130,2022-09-17,Completed,Partner Portal,40.71,0.12,Middle East,UAE
ORD-02076,CUST-0045,2024-03-12,Completed,Partner Portal,$0.65,0.07,LATAM,Colombia
ORD-02077,CUST-0022,2022-07-09,Refunded,Website,25.25,0.26,North America,United States
ORD-02078,CUST-0174,2020-02-04,Cancelled,Marketplace,35.62,0.14,Europe,Spain
ORD-02079,CUST-0049,2024-07-12,Cancelled,Mobile App,31.51,0.09,EUROPE,United Kingdom
ORD-02080,CUST-0094,2024-01-24,Completed,Partner Portal,10.13,0.35,Europe,Germany
ORD-02081,CUST-0220,2021-03-05,Refunded,,$30.88,0.18,N. America,United States
ORD-02082,CUST-0061,2022-04-25,Completed,Mobile App,11.4,0.34,africa,Ghana
ORD-02083,CUST-0384,2020-07-15,Pending,In-Store,32,0.21,Middle East,Qatar
ORD-02084,CUST-0323,"January 3, 2021",Completed,Phone,32.16,0.07,Europe,Spain
ORD-02085,CUST-0233,2021-06-15,Completed,Marketplace,14.19,0.02,Europe,Germany
ORD-02086,CUST-0223,2024-11-05,Refunded,,2.5,0.18,Asia Pacific,South Korea
ORD-02087,CUST-0058,15 May 2024,Refunded,Phone,0.39,0.08,Asia Pacific,South Korea
ORD-02088,CUST-0120,2023-09-24,Refunded,Partner Portal,$4.43,0.04,Middle East,Saudi Arabia
ORD-02089,CUST-0172,2022-07-14,Completed,In-Store,43.15,0.28,Latin America,Argentina
ORD-02090,CUST-0447,2022-11-02,Completed,Mobile App,22.41,0.27,Middle East,UAE
ORD-02091,CUST-0372,2024-11-29,Pending,In-Store,36.11,0.11,Latin America,Chile
ORD-02092,CUST-0135,2021-02-03,COMPLETED,Phone,25.86,0.17,N. America,Mexico
ORD-02093,CUST-0086,2024-05-15,Completed,Website,5.7,0.04,Europe,Spain
ORD-02094,CUST-0353,1 December 2024,Completed,Partner Portal,38.22,0.34,Europe,France
ORD-02095,CUST-0125,2021-11-30,Pending,In-Store,$1.84,0.27,Africa,Ghana
ORD-02096,CUST-0370,06/12/2022,Refunded,Phone,4.27,0.27,North America,United States
ORD-02097,CUST-0368,2024-06-13,pending,In-Store,21.81,0.34,Africa,Nigeria
ORD-02098,CUST-0134,29 December 2021,Refunded,Partner Portal,$7.21,0.34,North America,United States
ORD-02099,CUST-0151,2022-07-05,Completed,In-Store,31.14,0.27,Europe,Sweden
ORD-02100,CUST-0201,2021-07-13,refunded,In-Store,30.07,0.34,African Region,Nigeria
ORD-02101,CUST-0113,"November 16, 2021",Refunded,Partner Portal,$10.32,0.06,North America,United States
ORD-02102,CUST-0435,"January 23, 2022",Cancelled,,24.08,0.31,Asia Pacific,India
ORD-02103,CUST-0143,2022-04-07,Refunded,Mobile App,9.07,0.11,Europe,Spain
ORD-02104,CUST-0409,2024-10-04,Refunded,Marketplace,25.07,0.26,N. America,United States
ORD-02105,CUST-0184,2023-09-05,Completed,Phone,9.47,0.05,Africa,South Africa
ORD-02106,CUST-0259,2024-11-26,Completed,Partner Portal,$25.03,0.1,North America,Mexico
ORD-02107,CUST-0068,2023-02-13,Completed,Mobile App,$28.19,0.02,Europe ,Sweden
ORD-02108,CUST-0174,2022-11-15,Pending,Website,8.91,0.27,Europe,Spain
ORD-02109,CUST-0443,2022-09-07,Refunded,Mobile App,$14.59,0.12,Asia Pacific,Australia
ORD-02110,CUST-0474,2022-10-30,Pending,Mobile App,21.41,0.17,Europe,Germany
ORD-02111,CUST-0079,18/12/2023,Completed,In-Store,38.3,0.23,Africa,South Africa
ORD-02112,CUST-0111,2020-12-07,Completed,Website,44.12,0.17,Latin America,Colombia
ORD-02113,CUST-0295,2020-12-17,Completed,Marketplace,36.28,0.03,Europe,France
ORD-02114,CUST-0012,2020-09-12,Refunded,Phone,28.79,0.17,Europe,Netherlands
ORD-02115,CUST-0090,12 December 2022,Cancelled,Marketplace,20.02,1.15,Apac,India
ORD-02116,CUST-0036,01/01/2022,Cancelled,Website,18.92,0.12,Latin America,Colombia
ORD-02117,CUST-0325,24/09/2023,Completed,,27.72,0.26,Latin America,Chile
ORD-02118,CUST-0155,2021-05-10,Cancelled,Partner Portal,35.51,0.03,North America,Mexico
ORD-02119,CUST-0308,2021-04-30,Refunded,,20.84,0.33,Europe,Sweden
ORD-02120,CUST-0042,"March 11, 2024",Pending,Phone,8.75,0.25,Africa,Kenya
ORD-02121,CUST-0324,2022-10-04,Refunded,Website,34.11,0.08,Europe,United Kingdom
ORD-02122,CUST-0470,16 December 2022,Completed,Marketplace,38.09,0.31,Asia Pacific,Japan
ORD-02123,CUST-0270,08/09/2023,Pending,Mobile App,37.12,0.1,ME,Qatar
ORD-02124,CUST-0001,2023-12-27,Refunded,Marketplace,3.36,0.01,Latin America,Argentina
ORD-02125,CUST-0200,2022-08-14,Refunded,In-Store,34.59,0.3,North America,United States
ORD-02126,CUST-0023,"June 30, 2022",Completed,Phone,42.14,0.29,Middle East,Saudi Arabia
ORD-02127,CUST-0391,2020-06-11,Completed,Mobile App,$24.11,0.14,asia pacific,South Korea
ORD-02128,CUST-0125,2023-12-06,Refunded,In-Store,10.07,0.27,Africa,Ghana
ORD-02129,CUST-0419,"April 26, 2022",Cancelled,Partner Portal,32.54,0.13,Africa,Ghana
ORD-02130,CUST-0433,2022-10-18,Completed,Partner Portal,14.7,0.01,Latin America,Argentina
ORD-02131,CUST-0241,2022-12-04,Refunded,In-Store,18.18,0.14,Europe,Germany
ORD-02132,CUST-0147,2021-11-25,Cancelled,Marketplace,9.89,0.07,Latin America,Brazil
ORD-02133,CUST-0058,2023-12-31,Cancelled,,6.29,0.3,Asia Pacific,South Korea
ORD-02134,CUST-0477,2020-10-29,Completed,Partner Portal,12.04,0.05,European Region,Germany
ORD-02135,CUST-0465,11 February 2020,Refunded,,27.15,0.33,Asia Pacific,India
ORD-02136,CUST-0355,2024-05-22,Refunded,Partner Portal,28.24,0.02,Africa,Ghana
ORD-02137,CUST-0142,18/02/2020,Completed,Phone,$44.83,0.28,Asia Pacific,Singapore
ORD-02138,CUST-0068,2022-05-12,Completed,Phone,28.83,0,Europe,Sweden
ORD-02139,CUST-0334,2020-05-06,Completed,,4.01,0.09,Asia Pacific,South Korea
ORD-02140,CUST-0258,2020-12-11,Refunded,Partner Portal,11.46,0.18,Asia Pacific,Singapore
ORD-02141,CUST-0014,2023-08-27,refunded,In-Store,28.33,0.34,Africa,South Africa
ORD-02142,CUST-0292,05/08/2020,Refunded,Website,2.79,0.27,Europe,France
ORD-02143,CUST-0006,07/22/2022,Cancelled,Mobile App,$37.51,0.14,Asia Pacific,South Korea
ORD-02144,CUST-0172,02/02/2023,Pending,Partner Portal,39.71,0.02,LatAm,Argentina
ORD-02145,CUST-0049,21/09/2020,Completed,Mobile App,10.85,0.16,Europe ,United Kingdom
ORD-02146,CUST-0190,26/09/2020,Completed,Partner Portal,4.26,0.32,Africa,South Africa
ORD-02147,CUST-0403,2021-09-30,Completed,In-Store,12.36,0.15,Africa,Kenya
ORD-02148,CUST-0062,2024-01-06,Pending,Website,30.17,0.24,North America,Mexico
ORD-02149,CUST-0261,2020-10-29,Refunded,Partner Portal,44.22,0.18,Africa,Ghana
ORD-02150,CUST-0023,31 March 2020,Refunded,Phone,44.58,0.29,Middle East,Saudi Arabia
ORD-02151,CUST-0228,2024-08-31,Completed,Mobile App,31.61,0.22,Europe,Spain
ORD-02152,CUST-0268,"December 1, 2021",Pending,Mobile App,28.64,0.02,Europe,France
ORD-02153,CUST-0075,2022-05-16,Refunded,Mobile App,28.11,0.17,Africa,South Africa
ORD-02154,CUST-0208,10/21/2023,Pending,In-Store,2.81,0.32,Europe,Germany
ORD-02155,CUST-0474,2023-05-09,Refunded,Partner Portal,$34.95,0.13,EUROPE,Germany
ORD-02156,CUST-0174,11 August 2021,Completed,In-Store,38.41,0.07,Europe,Spain
ORD-02157,CUST-0372,2021-01-25,Cancelled,In-Store,33.6,0.12,LATAM,Chile
ORD-02158,CUST-0363,2020-08-31,Completed,Mobile App,29.87,0.12,africa,Kenya
ORD-02159,CUST-0034,02/02/2022,Pending,In-Store,2.23,0.19,Middle East,UAE
ORD-02160,CUST-0068,2021-08-08,Completed,Phone,3.8,0.13,European Region,Sweden
ORD-02161,CUST-0434,2023-07-22,Completed,Phone,34.57,0.34,Europe,Sweden
ORD-02162,CUST-0247,2020-06-20,Cancelled,In-Store,12.21,0.1,Middle East,UAE
ORD-02163,CUST-0118,2020-07-29,Pending,Marketplace,14.21,0.1,Latin America,Brazil
ORD-02164,CUST-0406,2024-04-03,Cancelled,Website,1.04,0.08,NA Region,United States
ORD-02165,CUST-0200,2024-02-04,Cancelled,,11.77,0.27,North america ,United States
ORD-02166,CUST-0138,2023-04-23,Completed,Phone,28.75,0.09,Middle East,UAE
ORD-02167,CUST-0112,2021-08-31,Completed,In-Store,15.8,0.14,African Region,Kenya
ORD-02168,CUST-0366,2021-10-06,Completed,Marketplace,$42.04,0.16,Europe,Spain
ORD-02169,CUST-0019,2023-09-07,Completed,Website,34.74,0.01,Asia Pacific,India
ORD-02170,CUST-0082,2022-11-16,Completed,Marketplace,8.26,0.26,Africa,South Africa
ORD-02171,CUST-0158,2022-10-21,Refunded,Website,20.5,0.29,Middle East,Saudi Arabia
ORD-02172,CUST-0288,2022-04-04,COMPLETED,Marketplace,15.23,0.07,Africa,Kenya
ORD-02173,CUST-0255,"July 31, 2024",Pending,Marketplace,7.05,0.33,Africa,Nigeria
ORD-02174,CUST-0305,2020-12-31,Completed,Phone,2.33,0.01,North America,United States
ORD-02175,CUST-0389,2023-03-17,Completed,Website,17.36,0.15,latin america,Colombia
ORD-02176,CUST-0171,2022-03-05,Cancelled,,4.73,0.15,Europe,Netherlands
ORD-02177,CUST-0419,2021-11-07,Completed,In-Store,38.42,0.28,Africa,Ghana
ORD-02178,CUST-0364,10/05/2022,Completed,Website,22.04,0.29,Africa,Nigeria
ORD-02179,CUST-0462,2020-12-19,Pending,Phone,14.01,0.29,Middle East,Saudi Arabia
ORD-02180,CUST-0232,2022-08-07,Pending,Phone,40.92,0.08,Middle East,Saudi Arabia
ORD-02181,CUST-0157,2023-07-21,Pending,Marketplace,$38.34,0.06,Latin America,Chile
ORD-02182,CUST-0394,2021-09-13,Cancelled,Phone,9.09,0.27,Latin America,Argentina
ORD-02183,CUST-0319,2020-06-23,Completed,Mobile App,9.43,0.02,Middle East,UAE
ORD-02184,CUST-0308,2022-01-29,Completed,Website,5.06,0.06,Europe ,Sweden
ORD-02185,CUST-0442,2023-07-31,Refunded,Mobile App,39.8,0.27,North America,United States
ORD-02186,CUST-0067,"March 10, 2023",completed,Marketplace,39.33,0.14,Africa,Ghana
ORD-02187,CUST-0217,17 August 2022,Cancelled,Partner Portal,40.04,0.17,Middle East,UAE
ORD-02188,CUST-0272,"June 18, 2020",Completed,Phone,15.25,0.12,Africa,South Africa
ORD-02189,CUST-0234,2021-04-18,Completed,Partner Portal,39.7,0.05,Europe,Germany
ORD-02190,CUST-0062,21 August 2023,Refunded,Marketplace,3.81,0.1,North America,Mexico
ORD-02191,CUST-0281,2024-04-11,Completed,Marketplace,$31.05,0.17,Latin America,Colombia
ORD-02192,CUST-0092,2023-03-01,Cancelled,Marketplace,28.69,0.27,Latin America,Brazil
ORD-02193,CUST-0467,"June 2, 2020",Completed,Mobile App,26.08,0.09,ME,Qatar
ORD-02194,CUST-0101,2024-07-06,Completed,Mobile App,4.73,0.11,Middle East,Qatar
ORD-02195,CUST-0001,2021-05-02,Completed,Mobile App,25.84,0.12,Latin America,Argentina
ORD-02196,CUST-0243,2020-05-26,Completed,In-Store,3.2,0.03,Europe,Netherlands
ORD-02197,CUST-0321,2023-08-02,Completed,Marketplace,44.06,0.09,Europe,United Kingdom
ORD-02198,CUST-0245,"March 4, 2020",Pending,Partner Portal,6.29,0.28,Europe,Sweden
ORD-02199,CUST-0015,2022-04-15,Pending,Marketplace,13.29,0.27,Africa,Nigeria
ORD-02200,CUST-0195,"December 8, 2021",Completed,Website,39.9,0.18,Africa,Nigeria
ORD-02201,CUST-0365,08/19/2023,Refunded,Partner Portal,14.25,0,Europe ,United Kingdom
ORD-02202,CUST-0186,01/26/2020,pending,Marketplace,$15.09,0.11,Asia Pacific,Singapore
ORD-02203,CUST-0422,2021-03-11,Pending,Marketplace,31.3,0.17,North America,Canada
ORD-02204,CUST-0399,2020-12-04,Pending,Website,42.32,0.23,Latin America,Chile
ORD-02205,CUST-0284,2020-09-24,Refunded,,38.08,0.15,North America,United States
ORD-02206,CUST-0288,2021-06-16,Pending,Mobile App,35.06,0.23,Africa,Kenya
ORD-02207,CUST-0359,2022-09-24,Completed,Mobile App,12.47,0.12,Europe,Netherlands
ORD-02208,CUST-0120,2021-06-01,Completed,In-Store,39.17,0.23,Middle East,Saudi Arabia
ORD-02209,CUST-0012,2020-01-25,Refunded,Marketplace,28.96,0.32,Europe,Netherlands
ORD-02210,CUST-0018,2022-12-15,Completed,Marketplace,15.77,0.02,Africa,Ghana
ORD-02211,CUST-0077,2024-08-01,Completed,Mobile App,21.3,0.12,Asia Pacific,Australia
ORD-02212,CUST-0445,03/22/2022,Refunded,Website,44.34,0.22,Asia Pacific,India
ORD-02213,CUST-0281,2022-01-23,completed,In-Store,40.82,0.05,Latin America,Colombia
ORD-02214,CUST-0469,"October 9, 2024",Cancelled,Marketplace,19.19,0.31,Africa,Nigeria
ORD-02215,CUST-0434,2022-07-29,Refunded,Phone,10.05,0.04,Europe,Sweden
ORD-02216,CUST-0372,2024-04-08,Cancelled,Marketplace,27.26,0.05,latin america,Chile
ORD-02217,CUST-0386,2023-05-14,CANCELLED,Marketplace,36.82,0.12,Latin America,Chile
ORD-02218,CUST-0187,2023-04-17,Cancelled,Mobile App,38.86,0.34,North America,Canada
ORD-02219,CUST-0098,2021-04-08,Completed,In-Store,32.48,0.19,Middle East,UAE
ORD-02220,CUST-0328,2024-11-14,Completed,In-Store,13.66,0.09,middle east,UAE
ORD-02221,CUST-0367,2023-12-10,Completed,Marketplace,28.31,0.28,Middle East,UAE
ORD-02222,CUST-0115,2022-11-08,Pending,,1.11,0.31,Middle East ,UAE
ORD-02223,CUST-0110,11/28/2020,Pending,Mobile App,39.06,0.32,Middle East,Saudi Arabia
ORD-02224,CUST-0066,"September 30, 2021",Refunded,Phone,38.77,0.28,Asia Pacific,South Korea
ORD-02225,CUST-0435,2024-04-29,Cancelled,Mobile App,3.39,0.19,Asia Pacific,India
ORD-02226,CUST-0169,2022-05-31,Pending,Website,24.52,0.15,Asia Pacific ,South Korea
ORD-02227,CUST-0088,2024-11-02,Completed,Marketplace,23.06,0.2,North America,Canada
ORD-02228,CUST-0139,2024-08-05,Cancelled,In-Store,29.43,0.27,Europe,Netherlands
ORD-02229,CUST-0024,2023-09-13,Completed,Partner Portal,2.9,0.19,Africa,Nigeria
ORD-02230,CUST-0466,2024-12-30,Pending,,33.71,0.25,Europe,Spain
ORD-02231,CUST-0217,2024-09-09,Refunded,In-Store,11.39,0.01,Middle East,UAE
ORD-02232,CUST-0177,2020-02-21,Cancelled,,8.13,1.13,Asia Pacific,India
ORD-02233,CUST-0207,2021-12-01,Pending,Partner Portal,29.57,0.34,Europe,United Kingdom
ORD-02234,CUST-0035,12/06/2022,Completed,In-Store,15.09,0.14,Europe,Spain
ORD-02235,CUST-0355,2022-12-07,Completed,Marketplace,23.55,0.1,Africa,Ghana
ORD-02236,CUST-0109,2022-08-05,Refunded,In-Store,3.45,0.09,Latin America,Chile
ORD-02237,CUST-0024,2024-05-02,Completed,Website,29.64,0.21,Africa,Nigeria
ORD-02238,CUST-0252,2022-01-24,Completed,Website,$38.33,0.24,North America,Mexico
ORD-02239,CUST-0255,2020-02-11,Pending,Website,37.07,0.21,Africa,Nigeria
ORD-02240,CUST-0403,2023-05-24,Refunded,Phone,21.26,0.3,Africa,Kenya
ORD-02241,CUST-0238,2024-07-19,Completed,Website,10.94,0.03,Latin America,Argentina
ORD-02242,CUST-0317,2024-12-28,Completed,Phone,26.24,0.18,middle east,Qatar
ORD-02243,CUST-0261,2024-09-11,Completed,Mobile App,7.1,0.34,African Region,Ghana
ORD-02244,CUST-0437,2022-08-06,Pending,Website,30.09,0.2,North America,Canada
ORD-02245,CUST-0448,05/05/2024,Completed,Mobile App,43.36,0.05,africa,South Africa
ORD-02246,CUST-0415,02/11/2020,COMPLETED,Mobile App,39.93,0.27,Asia Pacific,South Korea
ORD-02247,CUST-0039,2024-10-26,Refunded,Marketplace,28.49,0.06,NA Region,Mexico
ORD-02248,CUST-0021,2021-04-03,Cancelled,,44.9,0.05,Asia Pacific,Australia
ORD-02249,CUST-0118,2023-10-19,Cancelled,In-Store,0.46,0.31,Latin America,Brazil
ORD-02250,CUST-0184,04/02/2024,Refunded,Phone,$15.37,0.19,africa,South Africa
ORD-02251,CUST-0445,2020-10-28,Pending,Marketplace,$9.72,0.31,Asia-Pacific,India
ORD-02252,CUST-0463,2024-05-02,Pending,In-Store,30.8,0.34,Africa,South Africa
ORD-02253,CUST-0112,17 July 2022,Refunded,Marketplace,$40.61,0.27,Africa,Kenya
ORD-02254,CUST-0254,12 June 2022,COMPLETED,In-Store,33.83,1.28,Asia Pacific,Singapore
ORD-02255,CUST-0325,2024-01-13,Pending,Marketplace,39.36,0.11,Latam,Chile
ORD-02256,CUST-0390,2021-03-02,Completed,Marketplace,$16.64,0.02,Middle East,Saudi Arabia
ORD-02257,CUST-0051,23 July 2024,Cancelled,Partner Portal,26.93,0.3,Middle East,Qatar
ORD-02258,CUST-0444,01/03/2021,Completed,Marketplace,22.58,0.25,Asia Pacific,Singapore
ORD-02259,CUST-0201,28 August 2021,Cancelled,Mobile App,$41.63,0.33,Africa,Nigeria
ORD-02260,CUST-0347,2021-01-22,Pending,Mobile App,0.22,0.06,North America,Mexico
ORD-02261,CUST-0125,2023-01-04,Refunded,Marketplace,34.53,0.35,Africa ,Ghana
ORD-02262,CUST-0010,"May 26, 2021",Pending,Partner Portal,40.45,0.24,Latin America,Chile
ORD-02263,CUST-0164,2023-04-10,Completed,Mobile App,41.03,0.2,North America,Mexico
ORD-02264,CUST-0095,2021-10-31,Completed,Partner Portal,39.32,0.06,Africa,Ghana
ORD-02265,CUST-0094,2022-07-19,Pending,Website,11.77,0.22,Europe,Germany
ORD-02266,CUST-0300,21/10/2023,Completed,Partner Portal,11.41,0.27,Africa,Nigeria
ORD-02267,CUST-0455,"December 2, 2023",Pending,,20.56,0.14,Asia Pacific,Australia
ORD-02268,CUST-0395,2020-03-10,Completed,Website,23.7,0.02,Middle East ,Qatar
ORD-02269,CUST-0316,2024-05-29,Refunded,Partner Portal,34.33,0.06,africa,Kenya
ORD-02270,CUST-0271,2024-01-23,Completed,Phone,26.15,0.11,Latin America,Chile
ORD-02271,CUST-0429,2022-12-29,Completed,Mobile App,27.89,0.32,Asia Pacific,India
ORD-02272,CUST-0394,05/08/2020,Completed,In-Store,0.46,0.32,Latin America,Argentina
ORD-02273,CUST-0188,2021-09-09,Cancelled,Marketplace,34.69,0.14,Africa,South Africa
ORD-02274,CUST-0037,2022-10-01,Refunded,,30.68,0.23,North America,Mexico
ORD-02275,CUST-0340,"June 24, 2020",Pending,Mobile App,31.89,0.26,Africa,Ghana
ORD-02276,CUST-0073,28/01/2021,Cancelled,Partner Portal,44.86,0.3,Latin America,Argentina
ORD-02277,CUST-0060,2023-10-20,Cancelled,Mobile App,21.51,0.11,Latin America,Chile
ORD-02278,CUST-0355,2020-06-20,Completed,Partner Portal,21.99,0.05,Africa,Ghana
ORD-02279,CUST-0344,2023-02-20,Completed,Phone,19.41,0.14,Africa,Nigeria
ORD-02280,CUST-0086,6 February 2021,Completed,In-Store,20.09,0.28,Europe ,Spain
ORD-02281,CUST-0238,24 June 2023,Completed,Mobile App,5.71,0.26,Latin America,Argentina
ORD-02282,CUST-0151,2024-05-11,Pending,,$25.91,0.1,Europe,Sweden
ORD-02283,CUST-0107,2022-05-01,Pending,Marketplace,34.4,0.2,Middle East,Saudi Arabia
ORD-02284,CUST-0014,10 February 2023,Refunded,Marketplace,5.85,0.33,Africa,South Africa
ORD-02285,CUST-0237,2021-03-26,Cancelled,Marketplace,42.47,0.17,LatAm,Brazil
ORD-02286,CUST-0354,2024-01-25,Cancelled,Phone,7.15,0.19,Europe,France
ORD-02287,CUST-0215,2024-05-02,Completed,Phone,9.88,0.31,EUROPE,United Kingdom
ORD-02288,CUST-0151,2022-07-02,Completed,Website,19.04,0.27,Europe,Sweden
ORD-02289,CUST-0416,2024-01-08,cancelled,Marketplace,41.23,0.03,Middle East,Saudi Arabia
ORD-02290,CUST-0253,2024-11-09,Pending,,36.76,0.23,Africa,Nigeria
ORD-02291,CUST-0431,2021-05-10,Completed,Website,36.82,0.3,Asia Pacific,Singapore
ORD-02292,CUST-0266,2023-12-07,completed,Partner Portal,25.34,0.22,Asia Pacific,Japan
ORD-02293,CUST-0082,2021-03-24,Completed,Phone,26.43,0.2,Africa,South Africa
ORD-02294,CUST-0008,2024-03-26,Pending,Website,$24.10,0.03,Latin America,Chile
ORD-02295,CUST-0397,2023-04-19,Pending,Website,37.97,0.04,Latin America,Argentina
ORD-02296,CUST-0198,2024-11-16,Completed,Mobile App,4.72,0.22,North America,United States
ORD-02297,CUST-0128,"May 12, 2020",Completed,Mobile App,39.65,0.27,North America,United States
ORD-02298,CUST-0170,2020-01-20,Cancelled,,26.53,0.22,north america,Mexico
ORD-02299,CUST-0366,"January 18, 2024",Pending,Website,27.86,0.23,Europe,Spain
ORD-02300,CUST-0096,2021-09-08,Pending,,32.49,0.11,Middle East,UAE
ORD-02301,CUST-0144,2020-04-26,Refunded,Mobile App,2.07,0.13,Asia Pacific,Japan
ORD-02302,CUST-0381,2022-12-25,Refunded,Marketplace,13.26,0.1,Middle East,UAE
ORD-02303,CUST-0077,2020-03-18,Cancelled,Marketplace,5.61,0.07,Asia Pacific,Australia
ORD-02304,CUST-0326,"September 20, 2024",Completed,Partner Portal,$36.35,0.33,Europe,Netherlands
ORD-02305,CUST-0156,2020-09-26,cancelled,In-Store,23.21,0.35,Africa,Nigeria
ORD-02306,CUST-0289,2022-04-09,Completed,Marketplace,0.03,0.02,Europe,Netherlands
ORD-02307,CUST-0384,17/02/2022,Completed,Mobile App,8.79,0.12,Middle East,Qatar
ORD-02308,CUST-0388,2021-03-10,Pending,Marketplace,5.9,0.17,Asia Pacific,South Korea
ORD-02309,CUST-0367,2022-11-24,Completed,Mobile App,38.68,0.06,Middle East,UAE
ORD-02310,CUST-0383,2020-08-13,Cancelled,Marketplace,$24.63,0.1,Africa,Ghana
ORD-02311,CUST-0314,2022-08-24,Completed,Partner Portal,$40.84,0.15,North America,United States
ORD-02312,CUST-0144,2020-03-29,Cancelled,Mobile App,3.32,0.33,Asia Pacific,Japan
ORD-02313,CUST-0349,2024-12-23,Completed,Partner Portal,19.17,0.25,Asia Pacific,South Korea
ORD-02314,CUST-0397,2020-09-09,REFUNDED,,1.54,0,Latin America,Argentina
ORD-02315,CUST-0427,"February 24, 2020",Refunded,Website,16.49,0.33,Europe,United Kingdom
ORD-02316,CUST-0479,2022-04-01,Refunded,Phone,19.39,0.29,Latin America,Argentina
ORD-02317,CUST-0072,2023-03-18,Cancelled,Mobile App,13.09,0.06,Latin America,Colombia
ORD-02318,CUST-0144,2020-10-17,Pending,Website,27.11,0.31,Asia Pacific,Japan
ORD-02319,CUST-0082,2024-08-15,Completed,Mobile App,18.04,0.27,AFRICA,South Africa
ORD-02320,CUST-0272,2021-10-09,Pending,Mobile App,$35.16,0.19,Africa ,South Africa
ORD-02321,CUST-0287,2023-02-28,Refunded,Website,4.75,0.26,NA Region,Canada
ORD-02322,CUST-0019,14/09/2024,Cancelled,Mobile App,0.45,0.09,Asia Pacific,India
ORD-02323,CUST-0120,11/12/2022,Completed,Phone,6.21,0.18,Middle East,Saudi Arabia
ORD-02324,CUST-0427,2024-04-05,Refunded,Partner Portal,43.29,0.11,Eur,United Kingdom
ORD-02325,CUST-0218,2021-03-13,Refunded,Marketplace,38.28,0.28,Africa,South Africa
ORD-02326,CUST-0094,2023-07-02,Completed,Website,40.28,1.19,Eur,Germany
ORD-02327,CUST-0082,2023-12-16,Refunded,Website,25.18,0.1,Africa,South Africa
ORD-02328,CUST-0379,2022-04-16,CANCELLED,Marketplace,29.95,0.16,Europe,United Kingdom
ORD-02329,CUST-0307,2022-11-15,Completed,Partner Portal,9.19,0.35,North America,Canada
ORD-02330,CUST-0250,2023-05-05,Cancelled,Phone,11.52,0.33,Europe,Sweden
ORD-02331,CUST-0406,2022-02-07,Completed,Partner Portal,2.52,0.33,North America,United States
ORD-02332,CUST-0259,2024-03-03,Refunded,In-Store,35.85,0.19,North America,Mexico
ORD-02333,CUST-0243,2023-04-22,Refunded,Marketplace,21.64,0.15,Europe,Netherlands
ORD-02334,CUST-0036,2023-12-31,Completed,Website,19.64,0.1,Latin America ,Colombia
ORD-02335,CUST-0322,2020-03-25,COMPLETED,Partner Portal,3,0.18,Africa ,Ghana
ORD-02336,CUST-0309,2024-04-08,Completed,Marketplace,21.68,0.24,Africa,South Africa
ORD-02337,CUST-0004,2024-04-27,Completed,Marketplace,27.2,0.34,Latin America,Colombia
ORD-02338,CUST-0107,2022-06-26,Pending,,24.53,0.25,Middle East,Saudi Arabia
ORD-02339,CUST-0354,13/04/2021,Cancelled,Phone,26.72,0.34,Europe,France
ORD-02340,CUST-0100,2020-08-26,Cancelled,Mobile App,$10.99,0.33,Europe,United Kingdom
ORD-02341,CUST-0079,2023-02-25,Cancelled,Phone,23.49,0.13,Africa,South Africa
ORD-02342,CUST-0294,2023-09-10,Pending,Phone,36.11,0.19,Africa,Nigeria
ORD-02343,CUST-0373,2022-03-12,Cancelled,Mobile App,37.75,0.09,Europe,France
ORD-02344,CUST-0378,2021-04-27,Completed,Phone,$36.46,0.17,Middle East,Saudi Arabia
ORD-02345,CUST-0465,2020-02-21,Completed,Phone,12.61,0.21,Asia Pacific,India
ORD-02346,CUST-0112,2021-06-25,Refunded,Marketplace,25.11,0.24,Africa,Kenya
ORD-02347,CUST-0344,01/25/2024,Completed,Phone,4.47,0.17,Africa,Nigeria
ORD-02348,CUST-0029,2023-08-11,Completed,Website,2.96,0.05,Middle East ,Saudi Arabia
ORD-02349,CUST-0054,"January 27, 2023",Completed,In-Store,10.67,0.18,Africa,Ghana
ORD-02350,CUST-0457,2024-08-04,Completed,Phone,39.57,0.1,North America,Mexico
ORD-02351,CUST-0081,2020-01-09,Refunded,,8.75,0.2,North America,Mexico
ORD-02352,CUST-0306,2024-06-08,Completed,Mobile App,31.23,0.11,Europe,Spain
ORD-02353,CUST-0221,24 February 2022,Cancelled,In-Store,37.58,0.05,Apac,Japan
ORD-02354,CUST-0392,10 April 2023,Pending,Website,24.26,0.31,Asia Pacific,Singapore
ORD-02355,CUST-0434,2022-04-06,Cancelled,Mobile App,4.67,0.04,Europe,Sweden
ORD-02356,CUST-0074,2020-06-26,Completed,Marketplace,$2.59,0.28,Africa,Nigeria
ORD-02357,CUST-0286,2021-07-15,Cancelled,Website,35.64,1.31,Africa,South Africa
ORD-02358,CUST-0445,"April 26, 2020",CANCELLED,Partner Portal,20.78,1.48,APAC,India
ORD-02359,CUST-0104,2022-12-07,Completed,Website,1.2,0.24,North America,Canada
ORD-02360,CUST-0211,2021-04-12,Completed,In-Store,$8.06,0.02,Middle East,UAE
ORD-02361,CUST-0452,2023-08-08,Refunded,,33.71,0.06,LATAM,Brazil
ORD-02362,CUST-0239,2024-05-21,Completed,Mobile App,$17.66,0.07,Africa,Kenya
ORD-02363,CUST-0239,2022-03-11,Cancelled,Partner Portal,1.69,0.26,Africa,Kenya
ORD-02364,CUST-0180,2024-06-01,Refunded,Phone,2.42,0.19,North America,Mexico
ORD-02365,CUST-0101,2022-02-04,Pending,Marketplace,10.13,0.08,middle east,Qatar
ORD-02366,CUST-0145,2021-08-26,Completed,Mobile App,23.41,0.3,EUROPE,Germany
ORD-02367,CUST-0372,2023-05-23,Completed,Partner Portal,39.6,0.12,Latin America,Chile
ORD-02368,CUST-0258,2022-12-30,Completed,Partner Portal,9.61,0.22,Asia Pacific,Singapore
ORD-02369,CUST-0245,2023-09-27,Completed,Phone,32.02,0.17,Europe,Sweden
ORD-02370,CUST-0090,2020-09-09,Completed,Phone,36.5,0.01,Asia Pacific,India
ORD-02371,CUST-0144,2022-04-10,Refunded,Mobile App,16.77,0.33,Asia Pacific,Japan
ORD-02372,CUST-0187,2022-02-26,Refunded,Partner Portal,$43.48,0.3,North America,Canada
ORD-02373,CUST-0333,2021-10-03,COMPLETED,Partner Portal,19.02,0.21,Asia Pacific,Singapore
ORD-02374,CUST-0450,2024-09-13,Cancelled,Mobile App,19.7,0.12,Europe,France
ORD-02375,CUST-0012,2021-01-14,Completed,Marketplace,21.6,0.33,Europe,Netherlands
ORD-02376,CUST-0157,2022-01-28,Completed,Mobile App,$14.12,0.32,Latin America,Chile
ORD-02377,CUST-0078,2023-09-03,Completed,Marketplace,27.41,0.34,Europe ,United Kingdom
ORD-02378,CUST-0260,2022-04-15,PENDING,Phone,23.2,0.02,Latin America,Argentina
ORD-02379,CUST-0171,2023-01-15,Pending,Website,1.8,0.02,Europe,Netherlands
ORD-02380,CUST-0259,03/14/2022,Completed,Mobile App,35.44,0.27,north america,Mexico
ORD-02381,CUST-0038,2022-10-10,Completed,In-Store,19.68,0.32,Africa,South Africa
ORD-02382,CUST-0465,2022-11-08,Completed,Mobile App,39.35,0.17,Asia Pacific,India
ORD-02383,CUST-0361,2020-07-30,refunded,Partner Portal,$7.32,0.05,Latin America,Brazil
ORD-02384,CUST-0133,2022-09-02,Completed,Partner Portal,1.43,0.13,Africa,Ghana
ORD-02385,CUST-0385,2024-08-02,Cancelled,Mobile App,44.23,0.17,Middle East,Saudi Arabia
ORD-02386,CUST-0156,2024-01-20,refunded,Marketplace,16.67,0.14,AFRICA,Nigeria
ORD-02387,CUST-0430,2020-04-26,Completed,Mobile App,41.35,0.04,Middle East,Saudi Arabia
ORD-02388,CUST-0212,15/05/2024,Completed,Partner Portal,24.48,0.13,Middle East,Saudi Arabia
ORD-02389,CUST-0142,2024-05-01,Pending,Partner Portal,37.14,0.23,Asia Pacific,Singapore
ORD-02390,CUST-0320,2021-11-17,completed,Phone,$44.94,0.16,Middle East,UAE
ORD-02391,CUST-0321,2023-08-10,Cancelled,Mobile App,8.72,0.02,Eur,United Kingdom
ORD-02392,CUST-0041,02/05/2024,Cancelled,Phone,15.4,0.31,Europe,Netherlands
ORD-02393,CUST-0004,2020-01-28,Completed,Mobile App,0.55,0.03,Latin America,Colombia
ORD-02394,CUST-0353,"May 30, 2023",Cancelled,Partner Portal,7.89,0.06,Europe,France
ORD-02395,CUST-0057,2024-06-30,Completed,Marketplace,$22.46,0.29,Africa,Ghana
ORD-02396,CUST-0094,2022-11-11,Pending,Marketplace,1.68,0.13,Europe,Germany
ORD-02397,CUST-0362,"April 23, 2023",Completed,,5.39,0.04,Asia Pacific,India
ORD-02398,CUST-0193,2023-07-10,Completed,In-Store,$36.23,0.12,North America,Canada
ORD-02399,CUST-0079,2020-12-28,Cancelled,,17.59,0.07,Africa,South Africa
ORD-02400,CUST-0256,"September 22, 2023",Completed,Mobile App,25.86,0.25,Europe,Netherlands
ORD-02401,CUST-0114,2020-10-24,Cancelled,In-Store,11.18,0.15,Europe,United Kingdom
ORD-02402,CUST-0029,"July 11, 2020",Cancelled,Phone,$28.86,0.01,Middle East,Saudi Arabia
ORD-02403,CUST-0357,2022-12-26,Cancelled,In-Store,30.09,0.32,North America,Mexico
ORD-02404,CUST-0049,02/01/2021,Completed,Marketplace,10.71,0.28,Europe,United Kingdom
ORD-02405,CUST-0359,2021-01-08,Pending,Marketplace,17.83,0.17,Europe,Netherlands
ORD-02406,CUST-0385,2024-02-08,Completed,Mobile App,16.8,0.29,Middle East,Saudi Arabia
ORD-02407,CUST-0037,2022-03-18,pending,In-Store,44.81,0.2,North America,Mexico
ORD-02408,CUST-0022,23/05/2024,Refunded,Website,9.75,0.04,North America,United States
ORD-02409,CUST-0320,2021-06-07,Completed,Website,39.28,0.19,Middle East,UAE
ORD-02410,CUST-0107,2023-08-04,Completed,Mobile App,5.02,0.15,Middle East,Saudi Arabia
ORD-02411,CUST-0132,2022-03-09,Refunded,Mobile App,1.93,0.15,Africa,South Africa
ORD-02412,CUST-0344,2023-09-22,Completed,Mobile App,23.3,0.21,Africa,Nigeria
ORD-02413,CUST-0078,2024-06-23,Completed,,16.47,0.16,Europe,United Kingdom
ORD-02414,CUST-0379,2022-03-25,Refunded,,18.44,0.32,Europe,United Kingdom
ORD-02415,CUST-0211,2023-09-30,Cancelled,Phone,$21.89,0.32,Middle East,UAE
ORD-02416,CUST-0278,07/31/2024,Completed,Partner Portal,27.97,0.23,North America,United States
ORD-02417,CUST-0257,2021-07-28,Completed,Phone,8.7,0.2,Europe,France
ORD-02418,CUST-0206,2023-02-10,completed,,36.85,0.12,Europe,Netherlands
ORD-02419,CUST-0087,2024-07-07,Pending,Mobile App,$11.64,0.14,Asia Pacific,Australia
ORD-02420,CUST-0418,2021-09-05,Completed,Website,9.26,0.06,Asia Pacific,Singapore
ORD-02421,CUST-0318,23 May 2022,Refunded,In-Store,16.82,0.04,Asia Pacific,South Korea
ORD-02422,CUST-0093,2022-01-11,Refunded,Partner Portal,19.94,0.23,North America,Canada
ORD-02423,CUST-0146,"February 3, 2021",Pending,Marketplace,$2.29,0.04,Africa,Kenya
ORD-02424,CUST-0249,05/06/2023,Completed,Mobile App,$36.70,0.28,Africa,Kenya
ORD-02425,CUST-0009,2022-07-02,Completed,Partner Portal,34.24,0.08,Europe,United Kingdom
ORD-02426,CUST-0228,2023-08-03,Completed,,31.42,0.21,Europe,Spain
ORD-02427,CUST-0379,2023-06-05,Refunded,Mobile App,35.43,0.06,Europe,United Kingdom
ORD-02428,CUST-0394,2021-08-04,Refunded,Phone,42.82,0.35,Latin America,Argentina
ORD-02429,CUST-0207,2023-07-30,Pending,In-Store,$15.65,0.01,Europe,United Kingdom
ORD-02430,CUST-0181,2021-02-25,Pending,In-Store,35.98,0,North America,Mexico
ORD-02431,CUST-0260,2021-07-16,Completed,,7.35,0.33,Latin America,Argentina
ORD-02432,CUST-0258,2024-10-16,Completed,Phone,23.73,0.13,asia pacific,Singapore
ORD-02433,CUST-0324,"March 29, 2020",COMPLETED,Mobile App,16.72,0.08,Europe,United Kingdom
ORD-02434,CUST-0403,23/01/2020,Refunded,Marketplace,42.3,0.14,Africa,Kenya
ORD-02435,CUST-0258,2020-05-26,Cancelled,Partner Portal,24.55,0.32,Asia Pacific,Singapore
ORD-02436,CUST-0204,2022-08-02,completed,Phone,$24.70,0.21,Africa,South Africa
ORD-02437,CUST-0372,2022-04-29,Refunded,Partner Portal,37.76,0.13,Latin America,Chile
ORD-02438,CUST-0351,2020-07-03,Cancelled,Phone,35.52,0.06,Europe,Spain
ORD-02439,CUST-0167,2021-12-28,Completed,Marketplace,29.54,0.34,North America,United States
ORD-02440,CUST-0405,2024-07-16,Cancelled,In-Store,$11.12,0.16,Asia Pacific,Japan
ORD-02441,CUST-0311,2021-11-22,Completed,Website,39.22,0.34,Asia Pacific,Japan
ORD-02442,CUST-0146,2020-11-04,Completed,Partner Portal,$39.77,0.29,Africa,Kenya
ORD-02443,CUST-0180,2022-10-23,Completed,Phone,36.24,0.26,North America,Mexico
ORD-02444,CUST-0309,2020-11-21,Refunded,Partner Portal,23.3,0.13,Africa,South Africa
ORD-02445,CUST-0019,18 October 2023,Refunded,Website,25.22,0.13,Asia Pacific,India
ORD-02446,CUST-0156,2020-10-18,Refunded,Mobile App,31.11,0.13,Africa,Nigeria
ORD-02447,CUST-0400,2021-12-08,Completed,Phone,32.21,0.2,Asia Pacific,Australia
ORD-02448,CUST-0381,2022-01-02,Cancelled,In-Store,42.04,0.16,Middle East,UAE
ORD-02449,CUST-0372,2022-02-07,Refunded,Marketplace,21.34,0.22,Latin America,Chile
ORD-02450,CUST-0021,2020-02-02,Refunded,Mobile App,26.06,0.16,Asia Pacific,Australia
ORD-02451,CUST-0183,2023-12-15,Refunded,Mobile App,2.04,0.25,Latin America,Chile
ORD-02452,CUST-0010,2021-06-17,Cancelled,Mobile App,35.33,0.31,Latin America,Chile
ORD-02453,CUST-0303,2021-02-27,Refunded,Marketplace,10.46,0.24,Middle East,Qatar
ORD-02454,CUST-0281,2022-08-04,Pending,Partner Portal,30.02,0.15,Latin America,Colombia
ORD-02455,CUST-0291,03/01/2024,Completed,Partner Portal,40.63,0.07,Middle East,UAE
ORD-02456,CUST-0346,2022-08-14,Completed,In-Store,4.06,0.02,North America,Canada
ORD-02457,CUST-0346,2024-09-13,Cancelled,In-Store,8.1,0.13,North America,Canada
ORD-02458,CUST-0197,2021-11-16,Completed,Website,$35.11,0.32,Latin America,Colombia
ORD-02459,CUST-0049,2023-10-18,Completed,,21.74,0.27,Europe,United Kingdom
ORD-02460,CUST-0333,12/01/2020,Refunded,Partner Portal,5.18,0.29,Asia Pacific,Singapore
ORD-02461,CUST-0298,2022-01-26,Cancelled,Website,1.51,0.09,Africa,South Africa
ORD-02462,CUST-0330,2023-12-21,Completed,In-Store,38.39,0.19,North America,United States
ORD-02463,CUST-0180,2024-11-10,CANCELLED,Marketplace,13.11,0.19,North America,Mexico
ORD-02464,CUST-0099,2024-06-25,Completed,In-Store,8.87,0.14,Latin America,Chile
ORD-02465,CUST-0258,2020-11-21,Completed,Mobile App,1.56,0.18,asia pacific,Singapore
ORD-02466,CUST-0330,2024-02-25,Refunded,Website,$41.76,0.16,North America,United States
ORD-02467,CUST-0212,2021-06-06,Refunded,In-Store,24.67,0.27,Middle East,Saudi Arabia
ORD-02468,CUST-0248,2020-12-19,Pending,Mobile App,4.84,0.06,Europe ,Netherlands
ORD-02469,CUST-0224,2024-10-07,Pending,Partner Portal,14.23,0.18,Europe,Germany
ORD-02470,CUST-0115,2021-11-25,Completed,Marketplace,22.86,0,Middle East,UAE
ORD-02471,CUST-0404,"January 11, 2020",Cancelled,Marketplace,41.58,0.15,Latin America,Colombia
ORD-02472,CUST-0113,2020-12-26,Refunded,Partner Portal,33.85,0.2,North America,United States
ORD-02473,CUST-0453,2021-10-23,completed,In-Store,25.15,0.15,Latin America,Argentina
ORD-02474,CUST-0408,2021-04-19,Completed,Marketplace,28.61,0.15,Latin America,Colombia
ORD-02475,CUST-0193,"October 9, 2020",Completed,Partner Portal,35.65,0.28,North America,Canada
ORD-02476,CUST-0095,2024-11-11,Cancelled,Marketplace,22.13,0.17,Africa,Ghana
ORD-02477,CUST-0349,2021-05-17,Completed,Phone,7.38,0.02,Asia Pacific,South Korea
ORD-02478,CUST-0100,2023-07-21,Refunded,Phone,27.81,0.18,Europe,United Kingdom
ORD-02479,CUST-0263,2024-06-19,refunded,Mobile App,22.46,0.16,Asia Pacific,Singapore
ORD-02480,CUST-0061,2021-05-31,Completed,Mobile App,29.68,0.1,African Region,Ghana
ORD-02481,CUST-0119,2020-04-02,Completed,Partner Portal,16.43,0.25,North America,Canada
ORD-02482,CUST-0017,2020-09-23,Cancelled,,42.03,0.12,Middle East,Saudi Arabia
ORD-02483,CUST-0292,2022-08-29,Completed,Website,16.48,0.2,Europe,France
ORD-02484,CUST-0251,2023-03-19,Cancelled,,0.19,0.27,North america ,Canada
ORD-02485,CUST-0210,2023-01-18,Completed,Partner Portal,31.11,0.1,Europe,Germany
ORD-02486,CUST-0189,2023-07-29,Completed,In-Store,27.68,0.02,AFRICA,Nigeria
ORD-02487,CUST-0428,06/06/2020,Cancelled,Mobile App,30.53,0.01,africa,Kenya
ORD-02488,CUST-0109,2021-06-28,Completed,Phone,29.28,0.08,Latin America,Chile
ORD-02489,CUST-0362,2022-06-21,Completed,In-Store,20.31,0.35,Asia Pacific,India
ORD-02490,CUST-0343,2022-03-05,Completed,Phone,33.19,0.12,Europe,France
ORD-02491,CUST-0202,2022-04-16,Pending,Partner Portal,$9.77,0.15,Middle East,UAE
ORD-02492,CUST-0140,5 May 2020,Pending,Website,36.91,0.31,Latin America,Brazil
ORD-02493,CUST-0102,2023-07-21,Cancelled,Marketplace,3.23,0.04,Latin America,Chile
ORD-02494,CUST-0069,05/18/2024,Cancelled,In-Store,11.52,0.35,LATAM,Argentina
ORD-02495,CUST-0460,2024-10-09,COMPLETED,In-Store,44.82,0.34,Europe,Netherlands
ORD-02496,CUST-0356,"June 6, 2021",Completed,In-Store,$36.30,0.14,Europe,Sweden
ORD-02497,CUST-0407,2024-10-28,Completed,Mobile App,34.48,0.27,Middle East,Qatar
ORD-02498,CUST-0054,2023-01-19,Refunded,Phone,11.29,0.21,Africa,Ghana
ORD-02499,CUST-0084,19/01/2020,Cancelled,Website,15.06,0.03,North America,United States
ORD-02500,CUST-0314,2024-12-11,Completed,Mobile App,8.72,0.21,North America,United States
ORD-02501,CUST-0166,2021-12-27,Completed,Mobile App,27.52,0.24,Latin America,Argentina
ORD-02502,CUST-0351,2024-08-04,Completed,,15.21,0.32,Europe ,Spain
ORD-02503,CUST-0082,2024-03-14,Completed,In-Store,12.85,0.07,Africa,South Africa
ORD-02504,CUST-0404,19 October 2023,Cancelled,Marketplace,28.14,0.13,Latin America,Colombia
ORD-02505,CUST-0245,2024-04-23,Refunded,Phone,4.03,0.09,Europe,Sweden
ORD-02506,CUST-0189,2 March 2023,Completed,Marketplace,5.41,0.17,Africa,Nigeria
ORD-02507,CUST-0203,2 March 2020,Completed,Website,28.29,0.34,North America,Mexico
ORD-02508,CUST-0235,2021-03-13,Cancelled,In-Store,28.59,0.27,Middle East,UAE
ORD-02509,CUST-0409,11/17/2024,Cancelled,Partner Portal,$20.90,0.31,North America,United States
ORD-02510,CUST-0046,2021-05-25,Pending,,5.29,0.11,Asia Pacific,Japan
ORD-02511,CUST-0220,2024-07-04,Completed,Website,10.71,0.15,North America,United States
ORD-02512,CUST-0067,2023-01-29,pending,Website,10.78,0.33,Africa,Ghana
ORD-02513,CUST-0430,2021-07-04,Cancelled,In-Store,43.94,0.18,Middle East,Saudi Arabia
ORD-02514,CUST-0304,2023-01-12,Completed,Marketplace,20.74,0.13,North America,Mexico
ORD-02515,CUST-0390,2020-06-20,Refunded,In-Store,8.57,0.03,Middle East,Saudi Arabia
ORD-02516,CUST-0456,2024-05-14,Completed,Mobile App,39.23,0.18,Europe,Sweden
ORD-02517,CUST-0446,17/11/2021,Refunded,Phone,7.84,0,North America,Mexico
ORD-02518,CUST-0003,2020-01-25,Refunded,Marketplace,3.15,0.26,Latin America,Colombia
ORD-02519,CUST-0062,2022-07-21,Cancelled,Website,5.86,0.16,North America,Mexico
ORD-02520,CUST-0476,2023-08-17,Completed,In-Store,$3.79,0.25,Africa,Kenya
ORD-02521,CUST-0360,2024-06-10,REFUNDED,,3.71,0.2,Europe,Netherlands
ORD-02522,CUST-0373,2021-01-14,Cancelled,Mobile App,25.01,0.25,Europe,France
ORD-02523,CUST-0189,2022-08-10,Completed,Partner Portal,3.14,0.08,African Region,Nigeria
ORD-02524,CUST-0451,2021-12-05,Completed,Marketplace,4.08,0.08,Middle East,Qatar
ORD-02525,CUST-0371,2021-06-30,Refunded,Website,$34.39,0.11,North America,United States
ORD-02526,CUST-0260,2021-03-05,Pending,In-Store,3.57,0.32,LatAm,Argentina
ORD-02527,CUST-0036,2021-01-30,Completed,Website,9.84,0.28,Latin America,Colombia
ORD-02528,CUST-0326,2022-01-25,Pending,Marketplace,4.3,0.02,Europe,Netherlands
ORD-02529,CUST-0258,2023-09-30,refunded,In-Store,43.62,0.06,Asia Pacific,Singapore
ORD-02530,CUST-0350,10/02/2024,Completed,Mobile App,6.08,0.24,Africa,Ghana
ORD-02531,CUST-0001,05/12/2023,Refunded,Phone,39.62,0.07,LatAm,Argentina
ORD-02532,CUST-0186,2024-12-12,Cancelled,Website,11.86,0.07,Asia Pacific,Singapore
ORD-02533,CUST-0058,2024-09-01,Pending,Mobile App,34.12,0.14,Asia Pacific,South Korea
ORD-02534,CUST-0227,2024-01-15,Completed,Website,27.17,0.17,NA Region,Mexico
ORD-02535,CUST-0332,2021-03-14,Pending,Phone,31.67,0.31,Africa,Nigeria
ORD-02536,CUST-0377,2022-05-23,Cancelled,In-Store,$5.65,0.25,Mid East,Qatar
ORD-02537,CUST-0163,2021-11-01,Refunded,,22.81,0.24,Asia Pacific,Singapore
ORD-02538,CUST-0432,16 February 2022,Cancelled,Marketplace,44.76,0.02,North America,United States
ORD-02539,CUST-0403,2024-05-08,Completed,Phone,31.5,0.29,Africa,Kenya
ORD-02540,CUST-0072,2022-05-18,COMPLETED,Phone,36.17,0.33,Latin America,Colombia
ORD-02541,CUST-0359,2022-08-25,Completed,Partner Portal,29.37,0.23,Europe,Netherlands
ORD-02542,CUST-0393,2022-12-04,Completed,In-Store,34.99,0.16,middle east,UAE
ORD-02543,CUST-0304,2022-07-26,Pending,Partner Portal,10.5,0.2,North America,Mexico
ORD-02544,CUST-0049,2022-07-08,PENDING,In-Store,12.33,0.28,Europe,United Kingdom
ORD-02545,CUST-0057,2021-05-29,COMPLETED,Mobile App,24.31,0.28,Africa,Ghana
ORD-02546,CUST-0445,2022-12-13,Refunded,Website,32.08,0.23,asia pacific,India
ORD-02547,CUST-0206,2023-11-30,Pending,In-Store,34.57,0.35,Europe,Netherlands
ORD-02548,CUST-0172,2021-05-29,Completed,Partner Portal,9.41,0.29,Latin America,Argentina
ORD-02549,CUST-0221,2020-06-03,Refunded,Website,28.78,0.03,Asia Pacific,Japan
ORD-02550,CUST-0320,2020-03-11,Refunded,Marketplace,18.3,0.05,Middle East,UAE
ORD-02551,CUST-0348,2020-03-22,Completed,Marketplace,18.16,0.1,Mid East,UAE
ORD-02552,CUST-0037,2020-07-12,COMPLETED,In-Store,$13.67,0.2,North America,Mexico
ORD-02553,CUST-0192,2022-10-03,refunded,Phone,38.99,0.11,Latin America,Argentina
ORD-02554,CUST-0078,2020-01-16,COMPLETED,Mobile App,35.03,0.13,Europe,United Kingdom
ORD-02555,CUST-0354,2021-04-25,Completed,Marketplace,27.16,0.05,Europe ,France
ORD-02556,CUST-0030,13 February 2020,Completed,Marketplace,14.43,0.09,Asia Pacific,India
ORD-02557,CUST-0360,2021-04-23,Cancelled,Phone,$2.33,0.06,Europe,Netherlands
ORD-02558,CUST-0334,2020-02-23,COMPLETED,Phone,2.44,0.09,Asia Pacific,South Korea
ORD-02559,CUST-0442,2020-12-03,Completed,Website,11.6,0.03,North america ,United States
ORD-02560,CUST-0234,"June 27, 2024",Completed,Partner Portal,1.94,0.3,Europe,Germany
ORD-02561,CUST-0118,2021-11-01,Completed,Website,10.16,0.2,Latin America,Brazil
ORD-02562,CUST-0315,2020-05-19,Completed,Mobile App,$19.73,0.15,AFRICA,Nigeria
ORD-02563,CUST-0258,"May 2, 2022",Completed,Mobile App,15.37,0.12,Asia Pacific,Singapore
ORD-02564,CUST-0425,02/06/2021,Refunded,Phone,38.2,0.35,North America,Canada
ORD-02565,CUST-0436,2023-01-27,Refunded,Website,28.01,0.08,Middle East,Qatar
ORD-02566,CUST-0208,07/02/2020,Pending,Mobile App,12.15,0.11,European Region,Germany
ORD-02567,CUST-0004,2021-06-07,Completed,Mobile App,36.87,0.24,Latin America,Colombia
ORD-02568,CUST-0345,2022-02-07,Completed,In-Store,13.4,0.34,Latin America,Chile
ORD-02569,CUST-0129,2021-08-14,Refunded,Marketplace,5.54,0.27,North America,Mexico
ORD-02570,CUST-0392,2023-01-02,Cancelled,Mobile App,38.82,1.46,Asia Pacific,Singapore
ORD-02571,CUST-0011,2020-01-05,Pending,,16.02,0.06,North America,Canada
ORD-02572,CUST-0278,2023-09-29,Completed,Partner Portal,9.56,0.17,North America,United States
ORD-02573,CUST-0169,"June 8, 2022",Pending,Partner Portal,28.65,0.22,Asia-Pacific,South Korea
ORD-02574,CUST-0082,2024-04-09,Refunded,In-Store,1.03,0.25,Africa,South Africa
ORD-02575,CUST-0354,2021-11-13,Completed,Partner Portal,14.6,0.13,Europe,France
ORD-02576,CUST-0218,09/06/2021,Refunded,Partner Portal,12.6,0.09,Africa,South Africa
ORD-02577,CUST-0023,2024-06-27,Completed,Website,13.22,0.34,Middle East,Saudi Arabia
ORD-02578,CUST-0354,2021-11-14,Refunded,Mobile App,13.38,0.06,Europe,France
ORD-02579,CUST-0323,2020-10-15,Refunded,Marketplace,31.24,0.32,Europe,Spain
ORD-02580,CUST-0189,2021-10-24,Completed,Marketplace,22.45,0.25,Africa,Nigeria
ORD-02581,CUST-0384,12/18/2022,Completed,,12.64,0.08,Middle East,Qatar
ORD-02582,CUST-0146,7 December 2020,Cancelled,Marketplace,39.51,0.22,Africa,Kenya
ORD-02583,CUST-0019,2021-11-25,Completed,Website,11.11,0.03,Asia Pacific,India
ORD-02584,CUST-0148,2023-06-02,Completed,Partner Portal,15.38,1.18,Middle East,UAE
ORD-02585,CUST-0002,2023-11-27,Completed,Marketplace,35.94,0.35,Middle East,Qatar
ORD-02586,CUST-0438,2024-01-17,Completed,In-Store,23.47,0.27,Europe,Sweden
ORD-02587,CUST-0316,2020-01-11,Completed,,28.77,0.16,Africa,Kenya
ORD-02588,CUST-0352,08/31/2020,Cancelled,Partner Portal,$19.40,0.19,Europe,France
ORD-02589,CUST-0154,2024-05-10,Pending,Website,$3.74,0.1,Africa,Nigeria
ORD-02590,CUST-0190,2020-07-30,Refunded,Phone,30.43,1.48,Africa,South Africa
ORD-02591,CUST-0347,"January 8, 2022",Completed,Partner Portal,34.1,0.09,North America,Mexico
ORD-02592,CUST-0082,"October 13, 2021",Completed,Mobile App,$35.89,0.16,African Region,South Africa
ORD-02593,CUST-0472,2023-03-16,Completed,Website,30.08,0.17,EUROPE,Netherlands
ORD-02594,CUST-0341,2024-11-03,Completed,Phone,36.88,0.32,Middle East,UAE
ORD-02595,CUST-0321,2022-05-24,Completed,Partner Portal,8.87,1.47,Europe,United Kingdom
ORD-02596,CUST-0143,2023-10-22,Completed,Phone,38.26,0.22,Europe,Spain
ORD-02597,CUST-0306,2024-12-30,Cancelled,In-Store,9.11,0.31,Europe,Spain
ORD-02598,CUST-0146,2022-11-10,Pending,Partner Portal,20.16,0.25,Africa,Kenya
ORD-02599,CUST-0157,2022-04-01,Completed,Mobile App,25.7,0.18,Latin America,Chile
ORD-02600,CUST-0077,2021-08-14,Pending,Website,20.94,0.25,Asia Pacific,Australia
ORD-02601,CUST-0285,2024-04-18,Completed,Phone,25.06,0.28,Middle East,UAE
ORD-02602,CUST-0076,2022-04-26,Completed,Website,4.4,0.12,Africa,Ghana
ORD-02603,CUST-0226,2024-04-15,Completed,Partner Portal,15.23,0.07,African Region,Nigeria
ORD-02604,CUST-0291,07/08/2024,Refunded,Partner Portal,44.11,0.24,Middle East,UAE
ORD-02605,CUST-0339,2024-09-11,Completed,Mobile App,25.78,0.21,Africa ,South Africa
ORD-02606,CUST-0210,2022-07-27,Completed,Website,28.69,0.11,Europe,Germany
ORD-02607,CUST-0264,2024-09-30,Completed,Website,$12.38,0.09,Europe,United Kingdom
ORD-02608,CUST-0100,2021-08-15,Refunded,Website,9.99,0.08,Europe,United Kingdom
ORD-02609,CUST-0053,2021-10-11,Completed,Marketplace,34.02,0.32,Latin America,Argentina
ORD-02610,CUST-0084,2023-01-20,Cancelled,Phone,30.73,0.18,North America,United States
ORD-02611,CUST-0175,2020-06-20,Completed,In-Store,29.69,0.2,Africa,Ghana
ORD-02612,CUST-0229,2023-01-21,Refunded,Marketplace,26.39,0.17,Middle East,Qatar
ORD-02613,CUST-0004,2023-04-06,Completed,In-Store,8.8,0.29,Latin America,Colombia
ORD-02614,CUST-0251,2023-11-27,Completed,Partner Portal,12.92,0.17,North America,Canada
ORD-02615,CUST-0088,2023-01-01,Refunded,Partner Portal,35.6,0.13,North America,Canada
ORD-02616,CUST-0386,2022-01-06,Cancelled,Partner Portal,39.18,0.17,Latin America,Chile
ORD-02617,CUST-0205,2020-06-10,Refunded,In-Store,24.5,0.02,EUROPE,Spain
ORD-02618,CUST-0448,2021-03-25,Pending,,8.32,0.35,Africa,South Africa
ORD-02619,CUST-0390,2024-08-27,Pending,In-Store,42.85,0.07,Middle East,Saudi Arabia
ORD-02620,CUST-0456,2023-06-06,Completed,Partner Portal,43.27,0.19,Europe,Sweden
ORD-02621,CUST-0026,2022-07-26,Completed,Mobile App,$41.97,0.03,Africa,South Africa
ORD-02622,CUST-0411,2024-02-22,Completed,In-Store,3.52,0.11,Asia Pacific,Singapore
ORD-02623,CUST-0279,2021-10-27,Refunded,Marketplace,11.44,0.29,Latin America,Chile
ORD-02624,CUST-0050,2023-02-25,Completed,Partner Portal,34.42,0.22,Latin America,Chile
ORD-02625,CUST-0137,2021-03-06,Completed,Phone,6.64,0.28,Latin America,Colombia
ORD-02626,CUST-0253,09/02/2023,Completed,Mobile App,40.41,0.01,Africa,Nigeria
ORD-02627,CUST-0190,2023-06-19,Completed,Mobile App,4.28,0.12,Africa,South Africa
ORD-02628,CUST-0185,03/11/2021,Pending,Website,27.71,0.32,europe,Netherlands
ORD-02629,CUST-0465,2023-09-09,COMPLETED,Partner Portal,13.35,0.19,Asia Pacific,India
ORD-02630,CUST-0048,09/05/2022,Cancelled,Marketplace,19.13,0.09,North America,Canada
ORD-02631,CUST-0192,2022-07-19,Completed,Partner Portal,2.1,0.33,latin america,Argentina
ORD-02632,CUST-0092,2023-04-15,Completed,Marketplace,$5.15,0.22,Latin America,Brazil
ORD-02633,CUST-0186,2022-09-29,Completed,Website,20.28,1.25,Asia Pacific,Singapore
ORD-02634,CUST-0332,2022-05-16,Pending,In-Store,35.15,0.18,Africa,Nigeria
ORD-02635,CUST-0051,12/03/2021,Cancelled,Marketplace,$11.85,0.31,Middle East,Qatar
ORD-02636,CUST-0352,2024-01-25,Completed,Mobile App,3.17,0.17,Europe,France
ORD-02637,CUST-0189,2024-01-31,Pending,In-Store,31.75,0.08,Africa,Nigeria
ORD-02638,CUST-0202,2020-01-04,Completed,In-Store,40.93,0.29,Middle East,UAE
ORD-02639,CUST-0394,2021-12-01,COMPLETED,Partner Portal,3.09,1.21,Latin America,Argentina
ORD-02640,CUST-0325,2022-10-22,Completed,Partner Portal,8.82,0.11,Latin America,Chile
ORD-02641,CUST-0017,2021-11-19,Cancelled,,19.46,0.3,Middle East,Saudi Arabia
ORD-02642,CUST-0339,2024-03-24,Completed,Phone,4.04,0.2,Africa,South Africa
ORD-02643,CUST-0084,12/08/2021,completed,,15.41,0.14,North America,United States
ORD-02644,CUST-0433,2021-12-07,completed,Phone,41.93,0.15,Latin America,Argentina
ORD-02645,CUST-0420,2023-07-02,Pending,Phone,31.16,0.31,Europe,France
ORD-02646,CUST-0406,30/07/2020,Refunded,Website,36.78,0.28,North America,United States
ORD-02647,CUST-0319,2023-01-24,PENDING,,$38.41,0.1,Middle East,UAE
ORD-02648,CUST-0391,2023-12-02,Cancelled,Partner Portal,15.59,0.28,Asia Pacific,South Korea
ORD-02649,CUST-0191,2023-11-02,Refunded,Marketplace,29.5,0.07,North America,Canada
ORD-02650,CUST-0050,2023-12-04,Completed,Website,27.94,0.02,Latin America,Chile
ORD-02651,CUST-0397,2023-01-09,COMPLETED,,34.58,0.03,Latin America,Argentina
ORD-02652,CUST-0047,2024-07-22,Completed,In-Store,3.21,0.3,Asia Pacific,India
ORD-02653,CUST-0023,2024-03-11,Refunded,In-Store,$25.53,0.01,Middle East,Saudi Arabia
ORD-02654,CUST-0032,2022-04-17,Completed,Website,11.92,0.22,Europe,Netherlands
ORD-02655,CUST-0350,5 June 2024,Refunded,Phone,$8.40,0.24,Africa,Ghana
ORD-02656,CUST-0054,2023-08-28,Completed,Phone,$24.85,0.04,Africa,Ghana
ORD-02657,CUST-0443,26 September 2021,Refunded,In-Store,20.08,0.22,Asia Pacific,Australia
ORD-02658,CUST-0078,2024-11-17,Completed,Partner Portal,4.67,0.17,Europe,United Kingdom
ORD-02659,CUST-0132,16/06/2023,Completed,Marketplace,15.02,0.34,Africa,South Africa
ORD-02660,CUST-0425,2022-02-18,Completed,Mobile App,30.88,0.16,North America,Canada
ORD-02661,CUST-0066,2021-07-16,Completed,Marketplace,41.5,0.22,Asia Pacific,South Korea
ORD-02662,CUST-0181,12/08/2021,Cancelled,Mobile App,4.67,0.12,North America,Mexico
ORD-02663,CUST-0331,2020-10-01,Refunded,In-Store,24.19,0.21,Africa,Kenya
ORD-02664,CUST-0063,2020-08-06,Pending,Website,31.55,0.25,Middle East,Saudi Arabia
ORD-02665,CUST-0372,2024-05-27,Refunded,In-Store,19.56,0.06,Latin America,Chile
ORD-02666,CUST-0477,2020-01-10,Cancelled,Mobile App,22.41,0.04,EUROPE,Germany
ORD-02667,CUST-0090,2024-12-23,Completed,Marketplace,12.75,0.15,Asia Pacific,India
ORD-02668,CUST-0332,2023-02-11,Completed,Marketplace,11.41,0.28,Africa,Nigeria
ORD-02669,CUST-0273,2023-03-27,COMPLETED,Partner Portal,37.34,0.29,Latin America,Brazil
ORD-02670,CUST-0463,2022-08-19,Completed,Mobile App,$10.03,0.17,Africa,South Africa
ORD-02671,CUST-0405,2022-05-20,Completed,Website,13.08,0.19,APAC,Japan
ORD-02672,CUST-0328,2021-08-04,Cancelled,Phone,5.03,0.13,Middle East,UAE
ORD-02673,CUST-0097,2022-07-25,Completed,Partner Portal,19.45,0.04,Europe,Netherlands
ORD-02674,CUST-0374,2021-02-08,Pending,Mobile App,38.88,0.02,Europe,France
ORD-02675,CUST-0137,2021-10-30,COMPLETED,Partner Portal,37.75,0.04,Latin America,Colombia
ORD-02676,CUST-0456,10/01/2023,Completed,,34.36,0.29,European Region,Sweden
ORD-02677,CUST-0102,2023-12-21,Completed,Mobile App,4.09,0.27,Latin America,Chile
ORD-02678,CUST-0328,2021-03-08,Cancelled,Phone,12.32,0.16,Middle East,UAE
ORD-02679,CUST-0191,2020-03-02,Cancelled,Phone,30.32,0.06,North America,Canada
ORD-02680,CUST-0001,2021-01-27,Pending,,24.48,0.28,Latin America,Argentina
ORD-02681,CUST-0033,2024-10-13,Completed,In-Store,$4.45,0.32,Middle East,Qatar
ORD-02682,CUST-0114,2022-04-19,COMPLETED,In-Store,35.06,0.29,Europe,United Kingdom
ORD-02683,CUST-0044,2022-11-19,Completed,In-Store,36.69,0.27,African Region,South Africa
ORD-02684,CUST-0183,2023-06-23,Completed,Phone,0.73,0.32,Latin America,Chile
ORD-02685,CUST-0431,2020-12-01,Completed,Phone,16.81,0.3,APAC,Singapore
ORD-02686,CUST-0134,2022-08-16,Completed,Mobile App,37.19,0.27,north america,United States
ORD-02687,CUST-0019,2022-02-25,Completed,Partner Portal,44.45,0.03,Asia Pacific,India
ORD-02688,CUST-0383,2024-07-30,Cancelled,Phone,2.31,0.09,AFRICA,Ghana
ORD-02689,CUST-0447,2023-01-05,Completed,Website,26.74,0.24,Middle East,UAE
ORD-02690,CUST-0329,05/25/2024,Completed,Marketplace,$14.69,0.34,Latin America,Colombia
ORD-02691,CUST-0291,2022-10-16,Refunded,In-Store,18.72,0.03,Middle East,UAE
ORD-02692,CUST-0275,2020-01-15,Completed,In-Store,16.99,0.22,Africa,South Africa
ORD-02693,CUST-0182,2024-01-30,completed,Phone,16.54,0.03,Latin America,Colombia
ORD-02694,CUST-0120,2024-07-04,Completed,Partner Portal,15.52,0.02,Middle East,Saudi Arabia
ORD-02695,CUST-0212,"June 19, 2021",Completed,In-Store,24.74,0.01,Mid East,Saudi Arabia
ORD-02696,CUST-0088,2024-05-01,Completed,Mobile App,37.33,0.34,North America,Canada
ORD-02697,CUST-0092,2023-06-27,Completed,Phone,$21.32,0.27,Latin America,Brazil
ORD-02698,CUST-0400,2022-01-19,Completed,Website,29.63,0,Asia Pacific,Australia
ORD-02699,CUST-0372,"May 29, 2024",Completed,Mobile App,18.33,0,Latin America,Chile
ORD-02700,CUST-0112,"April 4, 2020",Completed,Website,30.83,0.17,Africa,Kenya
ORD-02701,CUST-0251,2020-09-20,Pending,In-Store,1.77,0.2,North America,Canada
ORD-02702,CUST-0465,2024-08-30,REFUNDED,Phone,$10.07,0.22,Asia Pacific,India
ORD-02703,CUST-0391,2020-01-14,Refunded,Website,21.27,0.21,Asia Pacific,South Korea
ORD-02704,CUST-0478,2020-04-22,Pending,Partner Portal,40.08,0.11,North America,Mexico
ORD-02705,CUST-0342,31 December 2021,Cancelled,Marketplace,0.98,0.13,Africa,South Africa
ORD-02706,CUST-0214,2023-05-11,completed,In-Store,35.74,1.35,Middle East,UAE
ORD-02707,CUST-0220,2024-10-29,Cancelled,Partner Portal,1.27,0.05,North America,United States
ORD-02708,CUST-0123,2020-02-18,Cancelled,Phone,28.18,0.2,Asia Pacific,Singapore
ORD-02709,CUST-0150,2020-03-02,Completed,Website,35.69,0.15,North America,Mexico
ORD-02710,CUST-0303,2023-12-29,Cancelled,Website,36.65,0.06,Middle East,Qatar
ORD-02711,CUST-0183,2022-12-02,Completed,In-Store,9.49,0.21,Latin America,Chile
ORD-02712,CUST-0221,02/29/2020,Completed,Partner Portal,43.5,0.2,Asia Pacific ,Japan
ORD-02713,CUST-0352,2023-01-04,Refunded,Marketplace,36.83,0.01,Europe,France
ORD-02714,CUST-0341,30 September 2024,Completed,In-Store,1.3,0.09,Middle East,UAE
ORD-02715,CUST-0420,2022-06-21,Pending,Partner Portal,29.89,0.04,Europe,France
ORD-02716,CUST-0228,2024-07-01,Completed,Marketplace,6.62,0.04,Europe,Spain
ORD-02717,CUST-0275,7 November 2021,Cancelled,In-Store,21.83,0.33,Africa,South Africa
ORD-02718,CUST-0059,08/21/2023,REFUNDED,Partner Portal,16.29,0.17,N. America,Mexico
ORD-02719,CUST-0336,2022-01-09,Completed,Phone,31.81,0.28,Latin America,Chile
ORD-02720,CUST-0275,2022-11-01,Completed,Mobile App,0.73,0.24,African Region,South Africa
ORD-02721,CUST-0261,21 April 2023,Cancelled,Marketplace,4.37,0.26,African Region,Ghana
ORD-02722,CUST-0037,2020-12-26,Cancelled,,36.79,0.1,North America,Mexico
ORD-02723,CUST-0217,2021-06-15,Refunded,In-Store,0.74,0.26,Middle East,UAE
ORD-02724,CUST-0365,2022-02-17,Refunded,,38.75,0.21,Europe,United Kingdom
ORD-02725,CUST-0397,2 August 2021,Cancelled,Marketplace,$20.98,0.26,Latin America,Argentina
ORD-02726,CUST-0454,2023-12-08,Cancelled,Phone,36.7,0.07,Europe,Germany
ORD-02727,CUST-0383,2022-05-19,Pending,Partner Portal,30.8,0.04,Africa,Ghana
ORD-02728,CUST-0266,2023-12-18,Completed,Phone,0.59,0.21,Asia Pacific,Japan
ORD-02729,CUST-0335,"August 8, 2022",Completed,In-Store,42.9,0.13,Europe,Germany
ORD-02730,CUST-0233,2021-10-21,Completed,Partner Portal,29.25,0.19,Europe,Germany
ORD-02731,CUST-0213,2020-02-15,Pending,Website,$33.59,0.13,Middle East,Qatar
ORD-02732,CUST-0478,2021-07-27,Completed,Partner Portal,30.32,0.1,North America,Mexico
ORD-02733,CUST-0108,2021-11-22,Refunded,Mobile App,37.47,0.11,north america,United States
ORD-02734,CUST-0449,2022-04-14,Completed,,2.54,0,Europe,United Kingdom
ORD-02735,CUST-0448,2024-02-11,Completed,Website,$29.21,0.2,Africa ,South Africa
ORD-02736,CUST-0393,2023-03-07,Refunded,Marketplace,21.65,0.21,Middle East,UAE
ORD-02737,CUST-0142,2020-11-20,Pending,,31.41,0.17,Asia Pacific,Singapore
ORD-02738,CUST-0065,2023-10-24,Completed,In-Store,37.93,0.08,Middle East,UAE
ORD-02739,CUST-0019,2021-12-30,COMPLETED,In-Store,5.67,0.33,Asia Pacific,India
ORD-02740,CUST-0245,2021-09-02,cancelled,Partner Portal,11.85,0.26,Europe,Sweden
ORD-02741,CUST-0100,25/08/2020,Completed,Partner Portal,22.41,0.05,Europe,United Kingdom
ORD-02742,CUST-0321,1 June 2024,Completed,Phone,$11.68,1.4,Europe,United Kingdom
ORD-02743,CUST-0270,"July 11, 2021",COMPLETED,,14.47,0.05,Middle East,Qatar
ORD-02744,CUST-0053,2020-03-20,Completed,,32.31,0.11,Latin America,Argentina
ORD-02745,CUST-0477,2023-08-03,Cancelled,Website,26.66,0.34,Europe ,Germany
ORD-02746,CUST-0459,02/01/2024,Cancelled,In-Store,$36.10,0.32,EUROPE,Spain
ORD-02747,CUST-0012,2021-08-19,Refunded,Phone,$17.14,0.26,Europe,Netherlands
ORD-02748,CUST-0109,31 July 2022,Cancelled,Phone,25.97,0.12,Latin America,Chile
ORD-02749,CUST-0298,2024-09-12,Refunded,Website,35.46,0.05,Africa,South Africa
ORD-02750,CUST-0021,2022-11-16,Completed,Marketplace,38.75,0.05,Asia Pacific,Australia
ORD-02751,CUST-0253,2024-01-20,Completed,Mobile App,37.65,0.18,Africa,Nigeria
ORD-02752,CUST-0152,2020-09-13,Refunded,Mobile App,30.02,0.03,Middle East,Saudi Arabia
ORD-02753,CUST-0283,2024-03-12,Completed,Website,2.13,0.11,Middle East,Saudi Arabia
ORD-02754,CUST-0043,2024-09-11,Refunded,,25.07,0.04,Middle East,UAE
ORD-02755,CUST-0130,2021-11-08,Cancelled,In-Store,5.45,0.27,Middle East,UAE
ORD-02756,CUST-0059,2022-06-28,Pending,Phone,18.93,0.06,North America,Mexico
ORD-02757,CUST-0258,2024-11-29,Pending,In-Store,16.45,0.21,Asia Pacific,Singapore
ORD-02758,CUST-0431,2023-11-10,Cancelled,Marketplace,1.77,0.34,Asia Pacific,Singapore
ORD-02759,CUST-0196,2023-10-10,Completed,,24.48,0.15,Africa,Ghana
ORD-02760,CUST-0105,08/04/2024,Completed,Marketplace,$33.34,0.16,N. America,Canada
ORD-02761,CUST-0150,2020-11-24,Completed,Mobile App,8.8,0.33,North America,Mexico
ORD-02762,CUST-0308,2021-07-31,Cancelled,Website,18.22,0.34,europe,Sweden
ORD-02763,CUST-0152,2021-02-28,Cancelled,Mobile App,2.38,0.02,Middle East,Saudi Arabia
ORD-02764,CUST-0303,2022-07-12,Refunded,Mobile App,6.88,0.09,Middle East,Qatar
ORD-02765,CUST-0031,2023-09-20,Pending,Mobile App,31.24,0.33,North America,Mexico
ORD-02766,CUST-0460,2023-05-31,Refunded,Website,2.85,0.09,Europe,Netherlands
ORD-02767,CUST-0412,2020-01-30,Completed,Marketplace,23.11,1.19,Africa,South Africa
ORD-02768,CUST-0124,2024-02-17,Refunded,Phone,34.79,0.1,Latin America,Argentina
ORD-02769,CUST-0029,15/02/2022,Refunded,,33.81,0.09,Middle East ,Saudi Arabia
ORD-02770,CUST-0218,24/08/2020,Completed,Partner Portal,29.88,0.09,Africa,South Africa
ORD-02771,CUST-0343,2023-01-22,Completed,Mobile App,6.6,0.19,Europe,France
ORD-02772,CUST-0046,2020-11-18,Completed,,$4.33,0.15,Apac,Japan
ORD-02773,CUST-0289,12/13/2020,Completed,Website,21.81,0.32,Europe,Netherlands
ORD-02774,CUST-0049,2021-02-15,Pending,,2.54,0.12,Europe,United Kingdom
ORD-02775,CUST-0478,2024-08-06,Completed,Website,32.54,0.1,North America,Mexico
ORD-02776,CUST-0262,2023-02-20,Completed,Website,10.46,0.14,NA Region,Canada
ORD-02777,CUST-0081,23/01/2021,Completed,Phone,3.01,0.13,North America,Mexico
ORD-02778,CUST-0142,2020-06-08,Completed,Website,5.27,0.27,Asia Pacific,Singapore
ORD-02779,CUST-0105,2021-08-20,Completed,Phone,44.66,0.18,North America,Canada
ORD-02780,CUST-0087,2021-10-17,Completed,Website,12.68,0.1,Asia Pacific,Australia
ORD-02781,CUST-0126,2023-08-27,Pending,Partner Portal,37.33,0.12,Latin America,Argentina
ORD-02782,CUST-0372,2023-11-26,Completed,Marketplace,41.78,0.33,LatAm,Chile
ORD-02783,CUST-0339,29 December 2024,completed,Marketplace,37.08,0.08,Africa,South Africa
ORD-02784,CUST-0200,02/08/2024,Completed,Website,9.69,0.03,North America,United States
ORD-02785,CUST-0272,2022-01-04,Completed,In-Store,$7.29,0.02,Africa,South Africa
ORD-02786,CUST-0479,30/08/2022,Completed,Partner Portal,44.89,0.09,LATAM,Argentina
ORD-02787,CUST-0165,2021-12-21,Completed,Partner Portal,3.39,0.15,Europe,Germany
ORD-02788,CUST-0158,16 August 2021,cancelled,In-Store,31.92,0.13,Middle East,Saudi Arabia
ORD-02789,CUST-0370,04/10/2022,Pending,In-Store,$16.12,0.27,North America,United States
ORD-02790,CUST-0275,2020-06-14,Pending,In-Store,27.24,0.15,Africa,South Africa
ORD-02791,CUST-0165,2021-05-18,Pending,Partner Portal,27.79,0.02,Europe,Germany
ORD-02792,CUST-0261,2023-04-15,Pending,,19.6,0.26,AFRICA,Ghana
ORD-02793,CUST-0369,2020-11-17,Completed,Mobile App,11.18,0.19,middle east,Qatar
ORD-02794,CUST-0029,2022-02-08,Completed,Mobile App,38.42,0.2,Middle East,Saudi Arabia
ORD-02795,CUST-0114,2020-08-22,Cancelled,Partner Portal,9.67,0.26,Europe,United Kingdom
ORD-02796,CUST-0348,2023-03-02,Completed,Partner Portal,0.2,0.24,Middle East,UAE
ORD-02797,CUST-0386,2024-11-18,Refunded,Phone,1.71,0.27,Latin America,Chile
ORD-02798,CUST-0376,19/01/2022,Pending,In-Store,41.06,0,Latin America,Brazil
ORD-02799,CUST-0323,11/10/2021,Pending,Mobile App,19.22,0.26,Europe,Spain
ORD-02800,CUST-0378,2023-03-06,Cancelled,In-Store,35.7,0.04,Middle East,Saudi Arabia
ORD-02801,CUST-0090,2024-10-17,Completed,Partner Portal,14.22,0.24,Asia Pacific,India
ORD-02802,CUST-0175,2021-02-13,PENDING,In-Store,28.63,0.2,Africa,Ghana
ORD-02803,CUST-0026,2024-11-04,Completed,Partner Portal,13.47,0.07,Africa,South Africa
ORD-02804,CUST-0044,2021-05-18,Cancelled,Website,24.43,0,Africa,South Africa
ORD-02805,CUST-0163,2022-05-15,Completed,Marketplace,$40.12,0.06,Asia Pacific,Singapore
ORD-02806,CUST-0295,2022-03-06,Cancelled,Website,38.27,0.08,Europe,France
ORD-02807,CUST-0384,2023-01-17,Cancelled,Partner Portal,0.1,0.21,Middle East,Qatar
ORD-02808,CUST-0263,2020-08-08,Completed,Mobile App,9.39,0.33,Asia Pacific,Singapore
ORD-02809,CUST-0436,18 April 2024,Completed,Marketplace,14.02,1.38,Middle East,Qatar
ORD-02810,CUST-0124,"February 20, 2024",Completed,Marketplace,1.75,0.25,Latin America,Argentina
ORD-02811,CUST-0258,2024-02-21,Completed,Marketplace,10.12,0.04,Asia Pacific,Singapore
ORD-02812,CUST-0313,2021-01-28,Cancelled,,41.97,0.15,AFRICA,Kenya
ORD-02813,CUST-0427,2020-02-24,Refunded,Marketplace,41.77,0.02,Europe,United Kingdom
ORD-02814,CUST-0072,2024-09-11,Refunded,Phone,$13.85,0.34,LatAm,Colombia
ORD-02815,CUST-0214,2021-05-08,Completed,Mobile App,30.61,0.13,Middle East,UAE
ORD-02816,CUST-0169,2023-07-03,Completed,In-Store,26.65,0.23,Asia Pacific,South Korea
ORD-02817,CUST-0103,2021-12-01,Completed,Partner Portal,23.34,0.26,North America,Canada
ORD-02818,CUST-0145,2020-05-23,Pending,Website,$39.48,0.21,Europe,Germany
ORD-02819,CUST-0125,2023-11-04,Pending,In-Store,28.58,0.2,Africa,Ghana
ORD-02820,CUST-0316,"January 7, 2024",Completed,Marketplace,31.21,0.31,Africa,Kenya
ORD-02821,CUST-0215,2020-12-23,Refunded,Website,42.53,0.27,Europe,United Kingdom
ORD-02822,CUST-0308,2024-06-28,COMPLETED,Phone,21.3,0.05,Europe,Sweden
ORD-02823,CUST-0434,2020-11-16,Completed,Marketplace,4.04,0.22,Europe,Sweden
ORD-02824,CUST-0015,2024-06-27,Pending,Marketplace,23.69,0.19,Africa,Nigeria
ORD-02825,CUST-0456,09/14/2020,Cancelled,,44.59,1.19,Europe ,Sweden
ORD-02826,CUST-0191,2022-07-04,Completed,Marketplace,31.65,0.09,North america ,Canada
ORD-02827,CUST-0479,2022-09-16,Pending,Mobile App,$15.39,0.24,Latin America,Argentina
ORD-02828,CUST-0229,2021-09-23,Pending,,3.67,0.26,middle east,Qatar
ORD-02829,CUST-0103,11/03/2024,Refunded,In-Store,41.9,0.09,North America,Canada
ORD-02830,CUST-0379,2023-05-28,Completed,Website,5.42,0.13,Europe,United Kingdom
ORD-02831,CUST-0005,18 March 2022,Completed,Marketplace,39.08,0.09,Africa,South Africa
ORD-02832,CUST-0222,26 October 2022,Completed,Phone,$29.46,0.23,APAC,India
ORD-02833,CUST-0479,2024-02-06,Completed,Partner Portal,39.39,0.34,Latin America,Argentina
ORD-02834,CUST-0092,2023-09-26,Completed,Mobile App,8.99,0.15,Latin America,Brazil
ORD-02835,CUST-0400,2023-01-21,Completed,Partner Portal,6.26,0.35,Asia Pacific,Australia
ORD-02836,CUST-0337,2021-12-21,Completed,Marketplace,31.68,0.19,Middle East,UAE
ORD-02837,CUST-0034,2024-09-08,Pending,Partner Portal,11.97,0.12,ME,UAE
ORD-02838,CUST-0087,2023-06-18,Pending,Partner Portal,13.15,0.12,Asia Pacific,Australia
ORD-02839,CUST-0445,14 November 2021,Cancelled,Marketplace,29.96,0.32,Asia Pacific,India
ORD-02840,CUST-0107,2024-11-05,Pending,Marketplace,34.33,0.18,Middle East,Saudi Arabia
ORD-02841,CUST-0206,2023-04-26,Refunded,Website,43.08,0.21,Europe,Netherlands
ORD-02842,CUST-0416,2020-01-17,Completed,Mobile App,24.99,1.43,Middle East,Saudi Arabia
ORD-02843,CUST-0184,2022-03-30,Completed,In-Store,42.83,0.12,africa,South Africa
ORD-02844,CUST-0078,2020-07-14,Completed,Marketplace,1.02,0.3,Europe,United Kingdom
ORD-02845,CUST-0304,2024-02-11,Pending,Marketplace,15.81,0.26,North America,Mexico
ORD-02846,CUST-0201,08/01/2024,Completed,In-Store,20.06,0.04,Africa,Nigeria
ORD-02847,CUST-0235,2021-03-16,Completed,Phone,4.44,0.05,Middle East,UAE
ORD-02848,CUST-0005,2020-10-05,Refunded,Mobile App,22.97,0.13,Africa,South Africa
ORD-02849,CUST-0136,2024-11-16,Refunded,Phone,23.92,0.16,EUROPE,Sweden
ORD-02850,CUST-0365,2023-11-07,Pending,Website,42.56,0.1,Europe,United Kingdom
ORD-02851,CUST-0019,2023-02-19,REFUNDED,,38.79,0.14,Asia Pacific,India
ORD-02852,CUST-0147,2024-06-24,Refunded,Website,14.49,0.25,Latin America,Brazil
ORD-02853,CUST-0077,2023-04-30,Completed,,14.72,0.28,Asia Pacific,Australia
ORD-02854,CUST-0186,23/01/2024,Cancelled,Marketplace,42.9,0.25,Asia Pacific,Singapore
ORD-02855,CUST-0422,2021-03-18,Completed,Phone,30.42,0.07,North America,Canada
ORD-02856,CUST-0231,10/22/2022,Completed,Mobile App,42.41,0.02,Asia Pacific,India
ORD-02857,CUST-0103,2024-02-16,Completed,Partner Portal,22.53,0.19,North America,Canada
ORD-02858,CUST-0420,"July 30, 2022",completed,Website,3.27,0.23,Europe,France
ORD-02859,CUST-0425,2022-11-23,Completed,Phone,32.79,0.05,North America,Canada
ORD-02860,CUST-0365,2023-08-17,Cancelled,In-Store,6.3,0.07,Europe,United Kingdom
ORD-02861,CUST-0187,"August 6, 2021",Completed,Marketplace,7.49,0.19,N. America,Canada
ORD-02862,CUST-0124,2021-12-31,Cancelled,Website,36.9,0.25,Latin America,Argentina
ORD-02863,CUST-0240,2022-04-19,Completed,Mobile App,31.53,0.12,Europe,United Kingdom
ORD-02864,CUST-0319,2021-08-24,Refunded,Partner Portal,15.94,0.08,Middle East,UAE
ORD-02865,CUST-0100,2022-03-17,Completed,Phone,10.8,0.15,Europe,United Kingdom
ORD-02866,CUST-0275,"May 21, 2021",Completed,Marketplace,7.73,0.23,africa,South Africa
ORD-02867,CUST-0325,2021-05-01,Cancelled,Website,33.9,0.03,Latin America,Chile
ORD-02868,CUST-0464,2022-04-08,Completed,Partner Portal,14.74,0.09,Europe,Netherlands
ORD-02869,CUST-0332,2022-07-29,Refunded,Mobile App,$19.33,0.14,Africa,Nigeria
ORD-02870,CUST-0478,2024-12-22,COMPLETED,Marketplace,22.8,0.07,North America,Mexico
ORD-02871,CUST-0248,2021-02-13,Refunded,Website,14.81,0.21,Europe,Netherlands
ORD-02872,CUST-0130,"September 2, 2022",Completed,Mobile App,11.83,0.3,Middle East,UAE
ORD-02873,CUST-0239,2020-12-14,Completed,Website,26.16,0.21,Africa,Kenya
ORD-02874,CUST-0229,2020-09-10,Pending,Phone,$41.68,0.33,Middle East,Qatar
ORD-02875,CUST-0453,2024-11-20,Completed,In-Store,3.23,0.29,Latin America,Argentina
ORD-02876,CUST-0018,2022-08-19,Cancelled,Partner Portal,30.2,0.21,Africa ,Ghana
ORD-02877,CUST-0294,2021-10-26,Cancelled,Website,22.19,0.32,Africa,Nigeria
ORD-02878,CUST-0090,2020-08-06,Completed,Marketplace,6.97,0.03,Asia Pacific,India
ORD-02879,CUST-0103,28/01/2022,Completed,Phone,39.04,0.32,North America,Canada
ORD-02880,CUST-0422,12 November 2023,Refunded,Phone,23.19,0.32,North America,Canada
ORD-02881,CUST-0143,2022-10-26,pending,Website,16.15,0.09,Europe,Spain
ORD-02882,CUST-0121,2020-11-30,Cancelled,Mobile App,32.57,0.06,Europe,Germany
ORD-02883,CUST-0089,2020-11-08,Completed,Partner Portal,36.36,0.19,europe,Sweden
ORD-02884,CUST-0010,2022-01-27,Completed,In-Store,36.97,0.21,Latin America,Chile
ORD-02885,CUST-0308,"June 8, 2023",Cancelled,In-Store,0.45,0.04,Europe,Sweden
ORD-02886,CUST-0177,2021-07-19,Refunded,Partner Portal,22.87,0.07,Asia-Pacific,India
ORD-02887,CUST-0317,07/04/2023,Pending,Website,7.4,0.32,ME,Qatar
ORD-02888,CUST-0262,2021-02-20,Completed,Marketplace,5.71,0.29,North America,Canada
ORD-02889,CUST-0467,2022-05-21,Pending,In-Store,37.71,0.27,Middle East,Qatar
ORD-02890,CUST-0150,2023-07-29,Refunded,In-Store,$42.60,0.15,north america,Mexico
ORD-02891,CUST-0339,20 February 2023,Cancelled,Website,44.5,1.32,Africa,South Africa
ORD-02892,CUST-0085,2021-01-16,Completed,Phone,22.86,0.34,Middle East,UAE
ORD-02893,CUST-0048,2021-05-05,Cancelled,In-Store,22.91,0.29,North America,Canada
ORD-02894,CUST-0256,"February 19, 2024",Completed,Marketplace,21.68,0.25,Europe,Netherlands
ORD-02895,CUST-0215,2023-06-06,Completed,In-Store,28.76,0.28,Europe,United Kingdom
ORD-02896,CUST-0107,2021-12-06,Completed,In-Store,34.19,0.24,Middle East,Saudi Arabia
ORD-02897,CUST-0264,2023-08-21,Completed,Marketplace,$10.50,0.26,Europe,United Kingdom
ORD-02898,CUST-0011,2024-12-21,Completed,Mobile App,12.35,0.2,N. America,Canada
ORD-02899,CUST-0161,2021-08-09,Cancelled,Phone,2.76,0.24,North America,Mexico
ORD-02900,CUST-0137,18 January 2023,Pending,,25.8,0.07,Latin America,Colombia
ORD-02901,CUST-0027,2023-04-01,Completed,Phone,44.42,0.17,Africa,South Africa
ORD-02902,CUST-0119,2023-11-20,Completed,Mobile App,3.3,0.11,N. America,Canada
ORD-02903,CUST-0080,2020-07-16,Pending,Phone,34.96,0.1,European Region,United Kingdom
ORD-02904,CUST-0416,2024-11-24,Cancelled,Marketplace,7.94,0.32,Middle East,Saudi Arabia
ORD-02905,CUST-0418,2021-11-17,Pending,Phone,18.36,0.06,Asia Pacific,Singapore
ORD-02906,CUST-0378,"June 7, 2022",Cancelled,Marketplace,41.32,0.1,Middle East,Saudi Arabia
ORD-02907,CUST-0185,17/10/2024,Refunded,Website,28.86,0.04,Europe,Netherlands
ORD-02908,CUST-0144,2022-02-20,Refunded,Partner Portal,25.55,0.14,Asia Pacific,Japan
ORD-02909,CUST-0248,2022-02-02,Completed,Marketplace,$0.36,0.07,Europe ,Netherlands
ORD-02910,CUST-0087,2021-06-23,Completed,Phone,$5.60,0.22,Asia Pacific,Australia
ORD-02911,CUST-0226,2024-05-12,Completed,Website,2.41,0.3,Africa,Nigeria
ORD-02912,CUST-0068,2022-10-24,Completed,Mobile App,$15.35,0.21,Europe,Sweden
ORD-02913,CUST-0157,2021-05-02,Pending,Website,24.58,0.29,Latam,Chile
ORD-02914,CUST-0057,2023-01-15,Refunded,,16.74,0.03,African Region,Ghana
ORD-02915,CUST-0441,2024-06-21,Pending,Marketplace,10.67,0.19,LATAM,Argentina
ORD-02916,CUST-0118,31/10/2024,Refunded,In-Store,$3.91,0.13,Latin America,Brazil
ORD-02917,CUST-0241,03/06/2021,COMPLETED,,$25.89,0.3,Europe,Germany
ORD-02918,CUST-0088,"May 7, 2022",Completed,Partner Portal,34.9,0.3,North America,Canada
ORD-02919,CUST-0149,2024-11-27,Refunded,Mobile App,24.21,0.01,Europe,Germany
ORD-02920,CUST-0336,2021-09-10,Pending,Marketplace,31.77,0.13,Latin America,Chile
ORD-02921,CUST-0332,2020-04-04,Refunded,In-Store,35.77,0.06,Africa,Nigeria
ORD-02922,CUST-0019,2023-11-18,Completed,Partner Portal,$24.80,0.1,Asia Pacific,India
ORD-02923,CUST-0001,2020-01-12,Completed,Mobile App,13.42,0.3,Latin America,Argentina
ORD-02924,CUST-0106,2021-08-07,Completed,Phone,6.39,0.31,Latin America,Chile
ORD-02925,CUST-0324,2023-05-20,Completed,In-Store,41.91,0.01,europe,United Kingdom
ORD-02926,CUST-0431,29/03/2022,Completed,In-Store,43.38,0.32,Asia Pacific,Singapore
ORD-02927,CUST-0366,2020-01-13,Cancelled,In-Store,11.92,0.2,Europe,Spain
ORD-02928,CUST-0212,2020-02-26,Pending,Partner Portal,4.23,0.14,Middle East,Saudi Arabia
ORD-02929,CUST-0229,2024-01-15,Pending,Website,1.53,0.15,Middle East,Qatar
ORD-02930,CUST-0222,2024-03-07,refunded,Website,30.6,0.15,Apac,India
ORD-02931,CUST-0308,2023-11-21,Pending,Partner Portal,44.78,0.04,Europe,Sweden
ORD-02932,CUST-0230,2021-02-18,Completed,Website,21.22,0.14,Latin America,Colombia
ORD-02933,CUST-0201,2024-01-13,Refunded,Phone,0.51,0.19,Africa,Nigeria
ORD-02934,CUST-0176,2021-05-16,Completed,Partner Portal,11.32,0.09,Europe,Spain
ORD-02935,CUST-0130,2021-08-24,Pending,In-Store,37.19,0.19,Middle East,UAE
ORD-02936,CUST-0425,13 October 2021,Completed,In-Store,15.4,0.05,North America,Canada
ORD-02937,CUST-0409,2024-11-10,Pending,Partner Portal,11.01,0.05,North America,United States
ORD-02938,CUST-0017,2024-07-31,Cancelled,Website,37.46,0.15,Middle East,Saudi Arabia
ORD-02939,CUST-0027,2020-10-14,Cancelled,Marketplace,6.92,0.35,Africa,South Africa
ORD-02940,CUST-0084,2024-09-05,Cancelled,Partner Portal,5.98,0.25,North America,United States
ORD-02941,CUST-0108,2021-04-27,Completed,In-Store,31.94,0.23,North America,United States
ORD-02942,CUST-0092,2021-07-24,Completed,Partner Portal,38.06,0,Latin America,Brazil
ORD-02943,CUST-0412,2020-03-23,Completed,,30.46,0.21,Africa,South Africa
ORD-02944,CUST-0155,1 January 2022,Completed,,44.43,0.14,North America,Mexico
ORD-02945,CUST-0278,2020-03-20,Completed,Partner Portal,5.06,0.1,North America,United States
ORD-02946,CUST-0019,2020-03-24,Pending,Marketplace,$39.03,0.18,Asia Pacific,India
ORD-02947,CUST-0294,14 September 2023,Completed,In-Store,24.95,0.06,Africa,Nigeria
ORD-02948,CUST-0114,2024-10-09,refunded,In-Store,12.56,0.05,Europe,United Kingdom
ORD-02949,CUST-0421,2024-07-14,Pending,Phone,28.09,0.34,North America,Canada
ORD-02950,CUST-0339,2021-08-22,Completed,Mobile App,38.75,0,Africa,South Africa
ORD-02951,CUST-0033,2020-11-29,Completed,Partner Portal,8.98,0.17,Middle East,Qatar
ORD-02952,CUST-0009,2020-12-19,Cancelled,Marketplace,31.78,0.01,Europe,United Kingdom
ORD-02953,CUST-0072,2020-04-20,Completed,Website,19.33,0.33,Latin America,Colombia
ORD-02954,CUST-0361,02/01/2024,Pending,In-Store,29.82,0.24,Latin America,Brazil
ORD-02955,CUST-0092,"July 24, 2021",Completed,Marketplace,27.22,0.28,Latin America,Brazil
ORD-02956,CUST-0383,2024-04-16,Refunded,Marketplace,39.45,0.19,Africa,Ghana
ORD-02957,CUST-0456,2024-11-13,Completed,Marketplace,12.21,0.27,European Region,Sweden
ORD-02958,CUST-0420,2021-04-22,Refunded,Phone,16.7,0.26,Europe,France
ORD-02959,CUST-0283,2023-04-29,Pending,,13.41,0.08,Middle East,Saudi Arabia
ORD-02960,CUST-0469,2022-02-11,refunded,In-Store,42.12,1.45,Africa,Nigeria
ORD-02961,CUST-0095,2022-10-25,Pending,In-Store,38.15,0.17,Africa,Ghana
ORD-02962,CUST-0473,2024-07-17,Completed,Website,26.52,0.21,europe,France
ORD-02963,CUST-0032,2022-09-14,Refunded,Website,7.81,0.23,Europe,Netherlands
ORD-02964,CUST-0297,2020-10-29,Refunded,Website,3.14,0.01,Middle East,Qatar
ORD-02965,CUST-0021,2024-02-01,Completed,Marketplace,26.66,0.09,Asia Pacific,Australia
ORD-02966,CUST-0023,2022-04-24,Completed,Partner Portal,1.34,0.3,Middle East,Saudi Arabia
ORD-02967,CUST-0290,2023-06-09,Completed,Phone,12.62,0.11,Europe,Netherlands
ORD-02968,CUST-0426,05/15/2021,Cancelled,In-Store,39.23,0.07,Africa,Ghana
ORD-02969,CUST-0465,2020-09-12,Refunded,,21.47,0.21,Asia Pacific,India
ORD-02970,CUST-0142,2022-11-20,Pending,Partner Portal,22.52,0.26,Asia Pacific,Singapore
ORD-02971,CUST-0177,2023-05-14,Completed,Phone,$22.13,0.12,Asia Pacific,India
ORD-02972,CUST-0197,10/29/2022,Completed,In-Store,25.84,0.25,Latin America,Colombia
ORD-02973,CUST-0469,2024-12-12,Refunded,In-Store,35.84,0.28,Africa,Nigeria
ORD-02974,CUST-0430,2022-06-15,Completed,Marketplace,11.13,0.26,Mid East,Saudi Arabia
ORD-02975,CUST-0366,"June 29, 2022",Pending,Partner Portal,24.72,0.3,Eur,Spain
ORD-02976,CUST-0210,2021-07-14,Pending,Marketplace,39.85,0.24,Europe,Germany
ORD-02977,CUST-0374,2023-11-13,Refunded,Partner Portal,13.55,0.12,Europe,France
ORD-02978,CUST-0411,2021-12-30,Completed,Mobile App,13.69,1.27,Asia Pacific,Singapore
ORD-02979,CUST-0422,2021-07-08,Completed,Website,38.93,0.06,NA Region,Canada
ORD-02980,CUST-0063,2022-04-05,Refunded,,25.66,0.13,Middle East,Saudi Arabia
ORD-02981,CUST-0061,2023-01-21,Completed,Website,33.48,1.3,Africa,Ghana
ORD-02982,CUST-0165,2020-01-14,Completed,Mobile App,26.99,0.21,Europe,Germany
ORD-02983,CUST-0442,2021-07-27,Completed,Mobile App,13.91,0.27,North America,United States
ORD-02984,CUST-0310,2020-09-01,Cancelled,In-Store,3.78,0.25,Latin America,Chile
ORD-02985,CUST-0078,21 April 2022,Pending,In-Store,30.72,0.31,Europe,United Kingdom
ORD-02986,CUST-0154,2023-05-27,Refunded,In-Store,4.92,0.3,Africa,Nigeria
ORD-02987,CUST-0042,3 December 2024,Completed,Marketplace,22.92,0.04,Africa,Kenya
ORD-02988,CUST-0348,2022-05-22,Completed,Marketplace,12.71,0.02,Middle East,UAE
ORD-02989,CUST-0260,2022-02-08,Cancelled,Website,2.96,0.34,Latin America,Argentina
ORD-02990,CUST-0469,01/17/2023,Cancelled,In-Store,20.87,0.19,Africa,Nigeria
ORD-02991,CUST-0124,01/24/2024,Cancelled,Partner Portal,37.8,0.17,Latin America,Argentina
ORD-02992,CUST-0052,27/10/2022,Completed,Phone,17.21,0.25,North America,Canada
ORD-02993,CUST-0380,2020-10-21,Cancelled,Phone,35.73,0.24,Asia Pacific,Singapore
ORD-02994,CUST-0039,2021-02-09,Completed,Website,13.93,0.01,north america,Mexico
ORD-02995,CUST-0323,"May 31, 2020",Cancelled,,17.64,0.23,Europe,Spain
ORD-02996,CUST-0125,2020-10-14,Completed,,18.08,0.33,Africa,Ghana
ORD-02997,CUST-0411,2020-07-25,Completed,Partner Portal,11.12,0.03,Asia-Pacific,Singapore
ORD-02998,CUST-0059,2023-02-04,Cancelled,Website,38,0,North America,Mexico
ORD-02999,CUST-0277,2022-03-26,Cancelled,Phone,27.31,0.2,Middle East ,Saudi Arabia
ORD-03000,CUST-0127,2023-04-29,Completed,Mobile App,38.11,0.24,North America,United States
ORD-03001,CUST-0051,2023-11-23,Completed,Phone,23.33,0.35,Middle East,Qatar
ORD-03002,CUST-0416,2023-12-20,Completed,Website,12.19,0.27,Middle East,Saudi Arabia
ORD-03003,CUST-0040,08/03/2022,Completed,Mobile App,$15.84,0.32,Asia Pacific,Singapore
ORD-03004,CUST-0397,01/27/2021,Completed,In-Store,12.29,0.14,Latin America,Argentina
ORD-03005,CUST-0190,2022-09-06,Completed,Marketplace,12.22,0.21,Africa,South Africa
ORD-03006,CUST-0370,2020-01-26,Refunded,In-Store,9.69,0.17,North America,United States
ORD-03007,CUST-0032,2021-09-25,Completed,Partner Portal,21,0.25,EUROPE,Netherlands
ORD-03008,CUST-0002,2023-11-26,Completed,Website,16.62,0.23,Middle East,Qatar
ORD-03009,CUST-0042,2021-04-15,Refunded,Marketplace,33.43,0.32,Africa,Kenya
ORD-03010,CUST-0306,2021-03-17,Completed,Mobile App,27.26,0.03,Europe,Spain
ORD-03011,CUST-0393,2022-11-18,Pending,Partner Portal,40.43,0.06,Middle East,UAE
ORD-03012,CUST-0422,2024-09-15,Refunded,Mobile App,34.41,0.23,north america,Canada
ORD-03013,CUST-0351,2023-03-24,Refunded,Partner Portal,16.77,0.07,EUROPE,Spain
ORD-03014,CUST-0019,2020-12-26,Completed,Marketplace,41.26,0.09,Apac,India
ORD-03015,CUST-0354,2023-11-02,Completed,Partner Portal,31.13,0.13,europe,France
ORD-03016,CUST-0412,2024-06-21,Completed,Mobile App,0.41,0.12,Africa,South Africa
ORD-03017,CUST-0323,2023-01-22,Pending,Website,$11.24,0.09,Europe,Spain
ORD-03018,CUST-0337,2023-11-09,Completed,Phone,37.05,0.14,Middle East,UAE
ORD-03019,CUST-0116,07/18/2022,Refunded,Mobile App,$5.52,0.19,Latin America,Chile
ORD-03020,CUST-0041,8 June 2022,Completed,Mobile App,8.61,0.14,Europe,Netherlands
ORD-03021,CUST-0170,2020-08-05,Completed,Website,30.75,0.2,North America,Mexico
ORD-03022,CUST-0002,2024-11-10,Completed,In-Store,43.58,0.09,ME,Qatar
ORD-03023,CUST-0320,2023-12-05,Cancelled,,41.15,0.18,Middle East,UAE
ORD-03024,CUST-0108,12/07/2023,Refunded,Phone,8.71,0.29,North America,United States
ORD-03025,CUST-0287,2022-01-22,Cancelled,Mobile App,36.82,0.1,North America,Canada
ORD-03026,CUST-0133,2022-03-19,Completed,Website,8.94,0.32,Africa,Ghana
ORD-03027,CUST-0442,2024-04-06,Completed,In-Store,$2.04,0,North America,United States
ORD-03028,CUST-0303,2022-12-18,Completed,Partner Portal,$26.51,0.17,Middle East,Qatar
ORD-03029,CUST-0437,2023-07-20,Refunded,Partner Portal,6.97,0.1,North America,Canada
ORD-03030,CUST-0425,2022-02-19,Completed,Website,19.31,0.13,North America,Canada
ORD-03031,CUST-0022,2022-05-11,Refunded,Phone,11.94,0.08,NA Region,United States
ORD-03032,CUST-0199,2020-12-19,Completed,In-Store,30.62,1.11,Europe,United Kingdom
ORD-03033,CUST-0108,2021-04-19,Completed,Website,20.19,0.17,North America,United States
ORD-03034,CUST-0369,2020-06-23,Completed,Marketplace,14.56,1.15,Middle East,Qatar
ORD-03035,CUST-0084,2023-03-09,Cancelled,In-Store,16.39,0.07,North America,United States
ORD-03036,CUST-0216,2024-07-24,Completed,Partner Portal,4.52,0.05,Africa,Kenya
ORD-03037,CUST-0329,2023-02-22,Cancelled,Website,$26.00,0.29,Latin America,Colombia
ORD-03038,CUST-0384,2020-11-10,Pending,In-Store,9.06,1.15,Middle East,Qatar
ORD-03039,CUST-0090,2020-08-03,Completed,Mobile App,3.08,0.05,Asia Pacific,India
ORD-03040,CUST-0321,2024-12-28,Pending,Mobile App,$35.46,0.24,European Region,United Kingdom
ORD-03041,CUST-0199,2024-02-09,Pending,Mobile App,5.76,0.25,Europe,United Kingdom
ORD-03042,CUST-0366,2024-11-30,Cancelled,In-Store,44.14,0.3,Europe,Spain
ORD-03043,CUST-0242,2022-04-18,Completed,Marketplace,32.38,0.05,Asia Pacific,India
ORD-03044,CUST-0230,2023-03-13,Cancelled,Marketplace,41.37,0.27,Latin America,Colombia
ORD-03045,CUST-0285,"November 9, 2020",Completed,Partner Portal,4.95,0.02,Middle East,UAE
ORD-03046,CUST-0470,2021-02-26,Refunded,Mobile App,3.98,0.05,Asia Pacific,Japan
ORD-03047,CUST-0038,2021-11-10,Completed,Website,29.6,0.27,Africa,South Africa
ORD-03048,CUST-0058,2022-07-24,Completed,Website,37.03,0.2,Asia Pacific,South Korea
ORD-03049,CUST-0441,2020-07-06,Refunded,Phone,18.89,0.24,Latin America,Argentina
ORD-03050,CUST-0252,"January 28, 2020",Cancelled,In-Store,8.61,0.04,North America,Mexico
ORD-03051,CUST-0229,2024-11-22,Refunded,,2.1,0.29,Middle East,Qatar
ORD-03052,CUST-0181,2020-09-25,Completed,Phone,38.67,0.24,North America,Mexico
ORD-03053,CUST-0459,2024-05-03,Pending,Website,$5.53,0.32,Europe,Spain
ORD-03054,CUST-0070,2023-02-08,Completed,Website,$12.90,0.13,Middle East,Qatar
ORD-03055,CUST-0409,2020-03-21,Completed,Partner Portal,5.1,0.22,North America,United States
ORD-03056,CUST-0391,2024-02-10,Completed,Mobile App,18.43,0.3,Asia Pacific,South Korea
ORD-03057,CUST-0329,2023-04-17,Completed,Partner Portal,19.97,0.26,Latin America,Colombia
ORD-03058,CUST-0132,2024-05-22,Completed,Marketplace,28.01,0.14,Africa,South Africa
ORD-03059,CUST-0468,2020-06-30,Pending,In-Store,10.56,0.05,North America,Canada
ORD-03060,CUST-0199,2020-08-03,Cancelled,Marketplace,30.8,0.31,Europe,United Kingdom
ORD-03061,CUST-0334,2023-12-13,Pending,Mobile App,10.54,0.23,Asia Pacific,South Korea
ORD-03062,CUST-0121,2021-12-05,Refunded,Marketplace,43.09,0.32,Europe,Germany
ORD-03063,CUST-0050,2024-11-27,Pending,Partner Portal,21.69,0.01,Latin America,Chile
ORD-03064,CUST-0314,01/07/2022,Refunded,Marketplace,10.81,0.25,North America,United States
ORD-03065,CUST-0223,2021-12-23,Pending,Marketplace,2.81,0.15,Asia Pacific,South Korea
ORD-03066,CUST-0218,2021-01-29,Cancelled,Mobile App,39.21,0.12,Africa,South Africa
ORD-03067,CUST-0320,2021-01-17,Completed,Phone,32.04,0.15,Middle East,UAE
ORD-03068,CUST-0226,2022-10-25,Cancelled,,37.92,0.11,Africa,Nigeria
ORD-03069,CUST-0397,2024-08-14,Refunded,Marketplace,$5.35,0.23,Latin America,Argentina
ORD-03070,CUST-0288,2021-08-23,Completed,In-Store,$9.76,0.26,Africa,Kenya
ORD-03071,CUST-0016,2022-06-30,Completed,Mobile App,33.76,0.07,North America,Mexico
ORD-03072,CUST-0125,2021-05-20,Completed,Website,20.22,0.16,Africa,Ghana
ORD-03073,CUST-0132,18/01/2021,Pending,Marketplace,41.93,0.21,Africa,South Africa
ORD-03074,CUST-0012,2021-01-14,Pending,Partner Portal,7.85,0.05,Europe,Netherlands
ORD-03075,CUST-0221,2024-03-08,Refunded,Marketplace,8.61,0.06,Asia Pacific,Japan
ORD-03076,CUST-0076,2022-03-15,Completed,Marketplace,39.48,0.21,Africa ,Ghana
ORD-03077,CUST-0006,2023-04-29,Pending,Partner Portal,23.83,0.28,Asia Pacific,South Korea
ORD-03078,CUST-0128,2020-09-22,Cancelled,Marketplace,10.47,0.1,North America,United States
ORD-03079,CUST-0435,2024-04-14,Completed,,22.88,0.18,Asia Pacific,India
ORD-03080,CUST-0468,2021-01-31,Pending,In-Store,$12.19,0.07,North America,Canada
ORD-03081,CUST-0170,2024-11-09,Pending,Marketplace,22.89,0.17,North America,Mexico
ORD-03082,CUST-0054,27/12/2024,Cancelled,In-Store,7.1,0.15,Africa,Ghana
ORD-03083,CUST-0123,2024-04-05,Refunded,Phone,$41.04,1.2,Asia Pacific,Singapore
ORD-03084,CUST-0181,2024-10-19,Completed,In-Store,25.64,0.07,North America,Mexico
ORD-03085,CUST-0212,2020-06-14,Refunded,Phone,20.1,0.04,Middle East,Saudi Arabia
ORD-03086,CUST-0062,2023-05-02,Refunded,In-Store,6.75,0.3,North america ,Mexico
ORD-03087,CUST-0346,"April 24, 2022",Completed,Marketplace,9.32,0.21,North America,Canada
ORD-03088,CUST-0306,2023-07-26,Cancelled,Marketplace,31,0,Europe,Spain
ORD-03089,CUST-0239,2021-08-23,Pending,In-Store,9.14,0.15,African Region,Kenya
ORD-03090,CUST-0294,2020-01-12,Completed,Partner Portal,27.31,0.31,Africa,Nigeria
ORD-03091,CUST-0418,2020-06-14,completed,Website,32.71,1.36,Asia Pacific,Singapore
ORD-03092,CUST-0292,2024-11-04,Completed,Partner Portal,0.29,0.33,Europe,France
ORD-03093,CUST-0397,2020-04-08,Refunded,Partner Portal,4.7,0,Latin America,Argentina
ORD-03094,CUST-0383,2024-12-07,cancelled,Mobile App,4.1,0.14,Africa,Ghana
ORD-03095,CUST-0091,2024-11-20,Pending,Website,36.67,0.25,Africa,Ghana
ORD-03096,CUST-0174,2020-12-02,Completed,In-Store,23.76,0.16,Eur,Spain
ORD-03097,CUST-0074,2021-12-21,Cancelled,Mobile App,29.42,0.02,Africa,Nigeria
ORD-03098,CUST-0291,19 April 2023,Completed,Mobile App,44.99,0.07,Middle East,UAE
ORD-03099,CUST-0107,2020-08-03,Completed,Marketplace,10.55,0.24,Middle East,Saudi Arabia
ORD-03100,CUST-0303,05/23/2022,Completed,Phone,44.27,0.22,Middle East,Qatar
ORD-03101,CUST-0243,2020-10-11,Completed,Partner Portal,1.13,0.16,Europe,Netherlands
ORD-03102,CUST-0088,2021-06-30,Completed,Mobile App,28.27,0.07,North America,Canada
ORD-03103,CUST-0315,2021-11-19,Refunded,Partner Portal,27.88,0.1,Africa,Nigeria
ORD-03104,CUST-0132,2023-02-21,Completed,Phone,27.87,0.04,Africa,South Africa
ORD-03105,CUST-0146,2022-10-01,Pending,Phone,31.04,0.13,Africa,Kenya
ORD-03106,CUST-0213,2020-08-15,Completed,Marketplace,4.31,0.05,Middle East,Qatar
ORD-03107,CUST-0383,2020-10-23,Completed,Phone,$35.49,0.15,Africa,Ghana
ORD-03108,CUST-0351,2023-03-21,COMPLETED,Phone,29.16,0.24,Europe,Spain
ORD-03109,CUST-0337,2021-12-11,Completed,In-Store,27.41,0.2,ME,UAE
ORD-03110,CUST-0473,2024-10-26,Completed,In-Store,19.04,0.07,Europe,France
ORD-03111,CUST-0264,2024-09-04,Cancelled,Phone,24.81,0.26,Europe,United Kingdom
ORD-03112,CUST-0003,2022-03-24,Completed,Partner Portal,8.74,0.17,Latin America,Colombia
ORD-03113,CUST-0292,2020-10-30,Completed,Phone,43.17,0.27,europe,France
ORD-03114,CUST-0212,2022-07-29,Cancelled,In-Store,26.65,0.07,Middle East,Saudi Arabia
ORD-03115,CUST-0343,2024-07-17,Completed,Mobile App,41.37,0.01,European Region,France
ORD-03116,CUST-0319,2020-03-23,Completed,,22.63,0.19,Middle East,UAE
ORD-03117,CUST-0227,2021-01-31,Refunded,Website,27.49,0.09,North america ,Mexico
ORD-03118,CUST-0371,"October 2, 2021",Completed,Partner Portal,16.12,0.19,North America,United States
ORD-03119,CUST-0241,2021-08-17,Completed,Partner Portal,39.98,0.13,Europe,Germany
ORD-03120,CUST-0331,2022-12-11,Completed,Mobile App,40.17,0,Africa,Kenya
ORD-03121,CUST-0398,2024-03-14,Cancelled,In-Store,12.95,0.07,Latin America,Brazil
ORD-03122,CUST-0238,07/12/2020,Completed,Partner Portal,35.24,0.13,Latin America ,Argentina
ORD-03123,CUST-0259,2020-11-09,Pending,Marketplace,41.45,0.09,North America,Mexico
ORD-03124,CUST-0118,20/06/2020,Completed,Phone,34,0.3,Latin America,Brazil
ORD-03125,CUST-0223,"October 22, 2021",Completed,Marketplace,$12.22,0.22,Asia Pacific,South Korea
ORD-03126,CUST-0399,24 April 2024,Cancelled,In-Store,40.75,0.09,Latin America,Chile
ORD-03127,CUST-0096,2020-07-11,Completed,Phone,24.31,1.41,Middle East,UAE
ORD-03128,CUST-0406,2023-06-21,Completed,In-Store,23.85,0.27,North America,United States
ORD-03129,CUST-0293,2020-10-23,Refunded,Phone,20.24,0.11,Europe,Spain
ORD-03130,CUST-0142,2021-10-21,Pending,In-Store,5.34,0.31,Asia Pacific,Singapore
ORD-03131,CUST-0445,06/04/2024,Pending,Partner Portal,22.4,0.31,Asia Pacific,India
ORD-03132,CUST-0098,2020-11-23,Completed,Marketplace,1.01,0.06,Middle East,UAE
ORD-03133,CUST-0104,2022-06-18,Pending,Mobile App,16,0.07,North America,Canada
ORD-03134,CUST-0303,09/16/2020,Refunded,,32.5,0.17,middle east,Qatar
ORD-03135,CUST-0308,2022-08-01,Completed,Website,6.54,0.04,Europe,Sweden
ORD-03136,CUST-0419,2023-09-13,Completed,Website,14.93,0.33,Africa,Ghana
ORD-03137,CUST-0185,04/25/2022,Completed,Phone,$25.48,0.2,Europe,Netherlands
ORD-03138,CUST-0161,2020-07-17,Cancelled,Phone,40.61,0.33,North America,Mexico
ORD-03139,CUST-0361,2022-07-01,Refunded,,$4.36,0.01,Latin America,Brazil
ORD-03140,CUST-0159,2022-08-08,PENDING,Mobile App,3.16,0.08,North America,Mexico
ORD-03141,CUST-0020,2021-01-27,Completed,Phone,34.08,0.21,Latin America,Brazil
ORD-03142,CUST-0071,2024-12-16,Completed,Partner Portal,7.27,0.1,LatAm,Argentina
ORD-03143,CUST-0128,01/31/2023,Pending,In-Store,32.4,0.26,North America,United States
ORD-03144,CUST-0034,10/27/2021,Cancelled,Partner Portal,18.19,0.11,Middle East,UAE
ORD-03145,CUST-0189,24/03/2020,Completed,Marketplace,38.24,0.35,Africa,Nigeria
ORD-03146,CUST-0314,2021-11-16,Pending,Marketplace,42.56,0.21,North America,United States
ORD-03147,CUST-0366,2022-06-22,Pending,Partner Portal,17.34,0.16,Europe,Spain
ORD-03148,CUST-0203,2024-04-05,Completed,Marketplace,44.31,0.16,north america,Mexico
ORD-03149,CUST-0012,2023-06-17,Cancelled,Marketplace,4.23,0.13,Europe,Netherlands
ORD-03150,CUST-0416,2020-08-04,Refunded,In-Store,31.02,0.28,Middle East,Saudi Arabia
ORD-03151,CUST-0338,2020-08-19,Refunded,Website,36.81,0.18,Europe ,Sweden
ORD-03152,CUST-0285,2022-12-22,Refunded,Website,9.33,0.21,Middle East,UAE
ORD-03153,CUST-0024,2020-05-27,Completed,Partner Portal,1.31,0.09,Africa,Nigeria
ORD-03154,CUST-0286,2023-12-18,Pending,Partner Portal,37.14,0.28,Africa,South Africa
ORD-03155,CUST-0039,2024-09-15,Completed,,17.46,0.11,North America,Mexico
ORD-03156,CUST-0174,2021-01-26,Completed,Partner Portal,12.3,0.26,Europe,Spain
ORD-03157,CUST-0479,"March 21, 2024",Cancelled,Phone,27.22,0.32,Latin America,Argentina
ORD-03158,CUST-0425,2020-06-19,Completed,In-Store,3.47,0.23,North America,Canada
ORD-03159,CUST-0283,2020-12-07,Refunded,In-Store,20.14,0.19,Middle East,Saudi Arabia
ORD-03160,CUST-0056,23 June 2023,Completed,Phone,30.54,0.07,Asia Pacific,Singapore
ORD-03161,CUST-0301,2022-04-16,Completed,Website,16.34,0.15,North America,United States
ORD-03162,CUST-0342,2020-01-17,Cancelled,Marketplace,10.84,0.29,Africa,South Africa
ORD-03163,CUST-0236,2022-01-01,Cancelled,Partner Portal,24.5,0.04,ME,Qatar
ORD-03164,CUST-0271,2022-02-27,Pending,Mobile App,39.45,0.02,Latin America ,Chile
ORD-03165,CUST-0146,2022-04-13,Pending,Mobile App,$1.91,0.28,Africa,Kenya
ORD-03166,CUST-0327,2023-01-22,Completed,In-Store,24.84,0.15,Middle East,Saudi Arabia
ORD-03167,CUST-0072,2023-09-10,Cancelled,In-Store,$16.65,0.03,Latin America,Colombia
ORD-03168,CUST-0340,2021-07-24,Completed,Website,35.99,0.13,Africa,Ghana
ORD-03169,CUST-0456,2023-12-29,Cancelled,Website,12.27,0.35,Europe,Sweden
ORD-03170,CUST-0185,7 January 2022,Completed,Marketplace,36.32,0.03,Europe,Netherlands
ORD-03171,CUST-0184,2022-05-08,Refunded,Mobile App,36.35,0.33,Africa,South Africa
ORD-03172,CUST-0423,2022-03-24,Completed,Website,25.2,0.17,Latin America,Colombia
ORD-03173,CUST-0418,2023-05-18,Completed,Website,35.73,0.12,Asia Pacific,Singapore
ORD-03174,CUST-0086,2020-04-24,completed,Partner Portal,23.65,0.01,Europe,Spain
ORD-03175,CUST-0175,2020-01-07,completed,Partner Portal,28.33,0.15,Africa,Ghana
ORD-03176,CUST-0332,13 January 2022,Completed,Marketplace,43.84,0.12,Africa,Nigeria
ORD-03177,CUST-0240,2024-06-26,Cancelled,Website,22.87,0.35,Europe,United Kingdom
ORD-03178,CUST-0296,"June 11, 2020",Completed,Phone,7.22,0.1,Europe,Germany
ORD-03179,CUST-0361,2022-06-27,Completed,Website,39.87,0.1,LatAm,Brazil
ORD-03180,CUST-0126,2022-02-05,Completed,Website,24.97,0.29,Latin America,Argentina
ORD-03181,CUST-0171,9 July 2022,Cancelled,Partner Portal,21.66,0.15,Europe,Netherlands
ORD-03182,CUST-0283,2020-07-10,Pending,Phone,15.9,0.12,Middle East,Saudi Arabia
ORD-03183,CUST-0210,2024-12-19,cancelled,Partner Portal,23.64,0.34,Europe,Germany
ORD-03184,CUST-0458,2020-04-04,Completed,In-Store,21.4,0.02,Africa,Kenya
ORD-03185,CUST-0291,2020-01-15,Pending,Mobile App,43.29,0.02,middle east,UAE
ORD-03186,CUST-0400,05/01/2022,REFUNDED,Website,4.9,0.23,Asia Pacific,Australia
ORD-03187,CUST-0441,2023-09-28,Completed,Marketplace,34.44,0.01,Latin America,Argentina
ORD-03188,CUST-0125,16 July 2024,Completed,Phone,37.06,0,Africa,Ghana
ORD-03189,CUST-0262,2023-06-19,Completed,Mobile App,9.26,0.16,NA Region,Canada
ORD-03190,CUST-0094,2024-04-12,Cancelled,Mobile App,13.66,0.26,Europe,Germany
ORD-03191,CUST-0063,2020-11-05,Cancelled,Phone,9.34,0.31,Middle East,Saudi Arabia
ORD-03192,CUST-0010,2020-08-04,CANCELLED,Phone,23.24,0.02,Latin America,Chile
ORD-03193,CUST-0411,2024-12-30,Completed,In-Store,23.09,0.24,Asia Pacific,Singapore
ORD-03194,CUST-0003,09/16/2020,Cancelled,In-Store,21.31,0.01,Latin America,Colombia
ORD-03195,CUST-0055,2022-10-23,Pending,Partner Portal,10.72,0.15,North America,Canada
ORD-03196,CUST-0333,2021-05-29,Completed,Marketplace,39.75,0.25,Asia Pacific,Singapore
ORD-03197,CUST-0372,2024-11-15,Completed,Mobile App,10.44,0.06,Latin America ,Chile
ORD-03198,CUST-0466,2022-07-02,Completed,Phone,30.25,0.09,Europe,Spain
ORD-03199,CUST-0351,2024-11-07,Completed,Website,43.36,0.29,Europe,Spain
ORD-03200,CUST-0254,04/03/2021,Refunded,Website,37.23,0.13,Asia Pacific,Singapore
ORD-03201,CUST-0238,2020-06-02,Refunded,Marketplace,27.89,0.22,Latin America,Argentina
ORD-03202,CUST-0425,17/03/2024,Completed,Website,42.36,0.26,North America,Canada
ORD-03203,CUST-0407,2023-11-15,Cancelled,Mobile App,44.26,0.25,Middle East,Qatar
ORD-03204,CUST-0437,2020-08-30,Completed,Partner Portal,9.95,0.1,North America,Canada
ORD-03205,CUST-0186,2021-10-03,Pending,Website,16.8,0.15,Asia Pacific,Singapore
ORD-03206,CUST-0209,2024-06-09,Cancelled,Partner Portal,25.7,0.23,Europe,France
ORD-03207,CUST-0358,2022-03-22,Completed,Mobile App,2.77,0.14,Asia Pacific,India
ORD-03208,CUST-0150,2022-09-11,Refunded,,40.92,0.34,North america ,Mexico
ORD-03209,CUST-0055,07/11/2021,Completed,Mobile App,21.14,0.15,N. America,Canada
ORD-03210,CUST-0115,2020-04-12,Completed,Mobile App,13.59,0.21,Middle East,UAE
ORD-03211,CUST-0321,2023-11-09,Completed,Partner Portal,40.34,0.07,Europe,United Kingdom
ORD-03212,CUST-0442,2020-09-04,Completed,Marketplace,32.59,0.09,N. America,United States
ORD-03213,CUST-0063,2023-06-19,Cancelled,Website,13.92,0.06,Middle East,Saudi Arabia
ORD-03214,CUST-0472,2021-02-08,Refunded,,10.13,0.03,Europe,Netherlands
ORD-03215,CUST-0015,2021-05-02,Completed,Mobile App,3.87,0.35,Africa,Nigeria
ORD-03216,CUST-0027,2022-10-29,Completed,Website,19.07,0.16,Africa,South Africa
ORD-03217,CUST-0213,"September 26, 2022",Cancelled,Phone,27.96,0.08,Middle East,Qatar
ORD-03218,CUST-0008,2024-12-01,Cancelled,Mobile App,20.27,0.29,latin america,Chile
ORD-03219,CUST-0210,2021-05-17,Pending,In-Store,29,0.33,Europe,Germany
ORD-03220,CUST-0137,2023-11-01,Cancelled,In-Store,1.65,0.02,Latin America,Colombia
ORD-03221,CUST-0123,5 October 2021,Pending,In-Store,7.01,0.26,Asia Pacific,Singapore
ORD-03222,CUST-0135,2022-05-03,Cancelled,Mobile App,24.6,0.18,North America,Mexico
ORD-03223,CUST-0027,2021-11-30,Pending,Phone,28.17,0.05,Africa,South Africa
ORD-03224,CUST-0254,9 November 2021,Refunded,,0.86,0.2,Asia Pacific,Singapore
ORD-03225,CUST-0161,2022-04-29,Cancelled,Website,$26.62,0.19,North America,Mexico
ORD-03226,CUST-0426,2021-03-07,Completed,Mobile App,10.68,0.16,Africa,Ghana
ORD-03227,CUST-0443,2020-12-06,Completed,In-Store,10.28,0.03,Asia Pacific,Australia
ORD-03228,CUST-0136,2023-10-13,Completed,Mobile App,$5.32,0.12,europe,Sweden
ORD-03229,CUST-0297,2024-05-12,Completed,Phone,19.06,0.26,Middle East,Qatar
ORD-03230,CUST-0244,2020-05-06,Completed,Partner Portal,2.59,0.05,North America,Mexico
ORD-03231,CUST-0037,2021-12-24,Refunded,In-Store,44.28,0.32,North America,Mexico
ORD-03232,CUST-0410,2022-08-22,Refunded,Marketplace,34.16,0.35,Latin America,Brazil
ORD-03233,CUST-0154,9 December 2021,Cancelled,Marketplace,8.02,0.22,Africa,Nigeria
ORD-03234,CUST-0153,2021-05-04,Completed,Website,2.57,0.27,North America,United States
ORD-03235,CUST-0352,04/30/2020,Refunded,In-Store,17.12,0.1,europe,France
ORD-03236,CUST-0327,2020-05-08,Pending,In-Store,25.41,0.1,Middle East,Saudi Arabia
ORD-03237,CUST-0117,2022-11-25,Refunded,Mobile App,38.73,0.31,European Region,Germany
ORD-03238,CUST-0365,2021-01-30,Refunded,Marketplace,4.82,0.18,Europe,United Kingdom
ORD-03239,CUST-0112,2021-03-14,Completed,Partner Portal,23.23,0.06,AFRICA,Kenya
ORD-03240,CUST-0101,2 August 2024,Completed,Mobile App,$17.97,0.16,Middle East,Qatar
ORD-03241,CUST-0320,2020-11-09,Pending,Marketplace,36.03,0.16,Middle East,UAE
ORD-03242,CUST-0228,2021-06-09,Completed,Phone,6.29,0.13,Europe ,Spain
ORD-03243,CUST-0292,2024-01-31,Completed,Website,5.07,0.21,EUROPE,France
ORD-03244,CUST-0400,2024-05-14,Cancelled,In-Store,$43.37,0.06,Asia-Pacific,Australia
ORD-03245,CUST-0330,"January 5, 2022",Pending,Marketplace,1.6,0.26,North America,United States
ORD-03246,CUST-0128,2021-09-20,Refunded,Partner Portal,34.79,0.13,North America,United States
ORD-03247,CUST-0120,2024-10-11,Pending,In-Store,33.25,0.07,Middle East,Saudi Arabia
ORD-03248,CUST-0420,2020-09-05,COMPLETED,,$21.60,0.04,Europe,France
ORD-03249,CUST-0260,26/02/2020,Completed,Mobile App,2.42,0.19,Latin America,Argentina
ORD-03250,CUST-0202,2024-03-06,Completed,Phone,31.11,0.19,Middle East,UAE
ORD-03251,CUST-0451,2021-08-14,COMPLETED,Partner Portal,30.32,0.12,Middle East,Qatar
ORD-03252,CUST-0307,2024-07-28,Refunded,Phone,21.99,0.02,North America,Canada
ORD-03253,CUST-0390,2022-10-16,Pending,In-Store,10.52,0.24,Middle East ,Saudi Arabia
ORD-03254,CUST-0272,2024-02-28,Cancelled,Website,23.06,0,Africa,South Africa
ORD-03255,CUST-0051,2021-04-10,Cancelled,Phone,18.91,0.24,Middle East,Qatar
ORD-03256,CUST-0395,2023-09-08,Refunded,Mobile App,3.62,0.05,Middle East,Qatar
ORD-03257,CUST-0071,2020-11-14,Completed,,3.73,0.15,Latin America,Argentina
ORD-03258,CUST-0205,2021-05-02,Completed,In-Store,1.54,0.25,Europe,Spain
ORD-03259,CUST-0180,2021-02-13,Cancelled,Phone,4.06,0.3,North america ,Mexico
ORD-03260,CUST-0373,2020-11-29,Completed,Partner Portal,34.93,0.09,Europe,France
ORD-03261,CUST-0399,2024-08-16,Completed,Phone,$43.82,0.29,Latin America,Chile
ORD-03262,CUST-0183,1 September 2022,Completed,,9.91,0.33,Latin America,Chile
ORD-03263,CUST-0093,2023-03-16,Cancelled,Partner Portal,13.45,0.02,North America,Canada
ORD-03264,CUST-0203,2020-11-01,Completed,Partner Portal,2.54,0.24,North America,Mexico
ORD-03265,CUST-0457,2023-03-30,Cancelled,In-Store,23.45,0.01,North America,Mexico
ORD-03266,CUST-0238,2022-05-10,Completed,,1.7,0.01,Latin America,Argentina
ORD-03267,CUST-0312,12/05/2021,Refunded,Marketplace,10.58,0.09,Europe,Spain
ORD-03268,CUST-0002,2020-06-27,Completed,Mobile App,32.26,0.16,Middle East,Qatar
ORD-03269,CUST-0085,2023-08-11,Completed,In-Store,28.96,1.18,Middle East,UAE
ORD-03270,CUST-0459,2022-11-26,Completed,Marketplace,33.12,0.3,Europe,Spain
ORD-03271,CUST-0087,2024-10-01,Refunded,Marketplace,40.99,0.26,Asia Pacific,Australia
ORD-03272,CUST-0338,2022-10-18,Completed,Website,28.08,0.27,Europe,Sweden
ORD-03273,CUST-0268,17 September 2023,Refunded,,34.16,0.18,Europe,France
ORD-03274,CUST-0445,"October 19, 2022",Cancelled,Marketplace,13.19,0.31,Asia Pacific,India
ORD-03275,CUST-0342,2022-01-14,Completed,In-Store,$23.76,0.32,Africa,South Africa
ORD-03276,CUST-0219,09/29/2021,Refunded,Partner Portal,4.81,0.24,Asia Pacific,Australia
ORD-03277,CUST-0281,10 September 2020,Refunded,Marketplace,$14.76,0.28,Latin America,Colombia
ORD-03278,CUST-0179,2022-03-03,Completed,Website,5.02,0.27,Middle East,Qatar
ORD-03279,CUST-0453,2022-12-01,Cancelled,In-Store,31.74,0.28,Latin America ,Argentina
ORD-03280,CUST-0139,2024-01-06,Completed,Marketplace,26.64,0.15,Europe,Netherlands
ORD-03281,CUST-0056,10/19/2021,Completed,Website,20.66,0.21,Asia Pacific,Singapore
ORD-03282,CUST-0119,19/03/2022,Pending,Marketplace,$25.89,0.33,North America,Canada
ORD-03283,CUST-0197,2023-01-03,Completed,Marketplace,21.88,0.31,Latin America ,Colombia
ORD-03284,CUST-0371,2024-05-24,Completed,Mobile App,31.71,0.05,North America,United States
ORD-03285,CUST-0055,2021-05-09,Cancelled,Phone,11.38,0.2,North America,Canada
ORD-03286,CUST-0362,2020-11-15,Completed,Partner Portal,37.29,0.06,Asia Pacific,India
ORD-03287,CUST-0416,08/07/2022,Refunded,Marketplace,10.87,0.25,Middle East,Saudi Arabia
ORD-03288,CUST-0216,2022-01-22,Refunded,Marketplace,25.15,0.05,Africa,Kenya
ORD-03289,CUST-0316,2023-08-16,Completed,Website,4.57,0.31,Africa,Kenya
ORD-03290,CUST-0459,2023-06-22,Cancelled,Mobile App,$23.11,0.28,Europe,Spain
ORD-03291,CUST-0265,2020-05-03,Refunded,Phone,25.97,0.34,North America,United States
ORD-03292,CUST-0222,2024-08-11,Completed,Mobile App,40.56,0.21,Asia Pacific,India
ORD-03293,CUST-0257,"July 13, 2024",Completed,Website,31.32,0.11,Europe,France
ORD-03294,CUST-0310,2023-01-28,Completed,Website,30.16,0.19,Latin America,Chile
ORD-03295,CUST-0448,14 March 2023,Cancelled,In-Store,$6.04,0.28,Africa,South Africa
ORD-03296,CUST-0417,2023-03-30,Refunded,Mobile App,19.47,0.23,Middle East,UAE
ORD-03297,CUST-0013,2021-03-26,Refunded,Partner Portal,17.46,0.04,Latin America,Brazil
ORD-03298,CUST-0056,2022-01-14,Completed,Website,6.02,0.34,Asia Pacific,Singapore
ORD-03299,CUST-0425,15/03/2023,Completed,Marketplace,31.78,0.06,North America,Canada
ORD-03300,CUST-0372,2024-09-06,Refunded,Partner Portal,9.56,0.33,Latin America,Chile
ORD-03301,CUST-0450,2021-08-12,completed,Mobile App,6.93,0.14,Europe,France
ORD-03302,CUST-0156,2024-12-04,Completed,Marketplace,30.81,0.31,Africa,Nigeria
ORD-03303,CUST-0304,06/01/2024,Refunded,,$12.38,0.1,North America,Mexico
ORD-03304,CUST-0088,2022-12-10,Refunded,Mobile App,25.47,0.29,North America,Canada
ORD-03305,CUST-0420,2020-12-18,Completed,Phone,$26.14,0.31,Europe,France
ORD-03306,CUST-0119,2020-03-03,Completed,Mobile App,33.17,0.03,North america ,Canada
ORD-03307,CUST-0328,2020-06-15,Refunded,Partner Portal,9.94,0.34,Middle East,UAE
ORD-03308,CUST-0285,2020-05-05,Refunded,Website,4.56,0.08,Middle East,UAE
ORD-03309,CUST-0225,2020-11-29,Cancelled,In-Store,$19.33,0.22,North America,Canada
ORD-03310,CUST-0360,2022-01-21,COMPLETED,Marketplace,2.58,0.11,Europe,Netherlands
ORD-03311,CUST-0276,12/24/2020,Pending,Partner Portal,34.02,0.15,Asia Pacific,India
ORD-03312,CUST-0063,2021-09-24,Completed,Partner Portal,23.16,0.07,Middle East,Saudi Arabia
ORD-03313,CUST-0292,2022-05-01,Completed,In-Store,21.81,0.23,Europe,France
ORD-03314,CUST-0364,2023-01-04,Completed,Marketplace,29.11,0.17,Africa,Nigeria
ORD-03315,CUST-0134,2022-03-18,Pending,Website,10.44,0.3,N. America,United States
ORD-03316,CUST-0166,2022-02-14,Completed,Website,27.73,0.06,Latin America,Argentina
ORD-03317,CUST-0278,2023-05-03,Completed,Phone,33.67,0.16,North America,United States
ORD-03318,CUST-0047,2021-11-04,completed,Partner Portal,3.86,0.12,Asia Pacific,India
ORD-03319,CUST-0104,2022-02-14,Pending,,16.79,0.3,North America,Canada
ORD-03320,CUST-0116,2023-02-28,Completed,Phone,24.84,0.28,Latin America,Chile
ORD-03321,CUST-0046,26/07/2022,Completed,,23.98,0.29,Asia Pacific ,Japan
ORD-03322,CUST-0259,2024-05-11,Refunded,,34.53,0.06,North America,Mexico
ORD-03323,CUST-0321,2024-12-23,Refunded,Website,19.43,0.3,Europe,United Kingdom
ORD-03324,CUST-0311,2022-10-12,Pending,Partner Portal,37.51,0.05,Asia Pacific,Japan
ORD-03325,CUST-0153,2020-01-21,Completed,Marketplace,0.77,0.29,North America,United States
ORD-03326,CUST-0226,2020-11-07,Refunded,Phone,8.97,0.17,Africa,Nigeria
ORD-03327,CUST-0298,2022-07-19,Cancelled,Phone,32.56,0.34,Africa,South Africa
ORD-03328,CUST-0213,03/11/2020,Refunded,Marketplace,17.99,0.28,Middle East,Qatar
ORD-03329,CUST-0462,2021-02-22,Completed,Website,17.67,0.2,ME,Saudi Arabia
ORD-03330,CUST-0456,2021-03-04,pending,In-Store,34.91,0.05,Europe,Sweden
ORD-03331,CUST-0344,2023-02-07,Cancelled,Website,37.26,0.11,Africa,Nigeria
ORD-03332,CUST-0142,2022-09-13,Cancelled,Mobile App,23.33,0.27,Asia Pacific,Singapore
ORD-03333,CUST-0020,04/01/2022,Completed,Phone,18.35,0.27,Latin America,Brazil
ORD-03334,CUST-0263,2022-09-17,Completed,In-Store,11.24,0.02,Asia Pacific,Singapore
ORD-03335,CUST-0380,2023-07-11,Completed,,9.4,0.34,APAC,Singapore
ORD-03336,CUST-0022,23 August 2020,Pending,In-Store,20.1,0.28,North America,United States
ORD-03337,CUST-0360,"April 19, 2024",Completed,Website,21.86,0.2,Europe,Netherlands
ORD-03338,CUST-0241,2022-07-15,Completed,Phone,40.55,0.24,Europe,Germany
ORD-03339,CUST-0301,2021-02-18,Completed,Mobile App,22.51,0.29,North America,United States
ORD-03340,CUST-0436,2023-10-14,Completed,,25.17,0.3,Middle East,Qatar
ORD-03341,CUST-0392,2024-10-11,Completed,Phone,3.12,0.34,Asia Pacific ,Singapore
ORD-03342,CUST-0088,2020-12-10,Pending,Website,0.39,0.29,North America,Canada
ORD-03343,CUST-0099,2023-08-13,Cancelled,Phone,6.6,0.16,Latin America,Chile
ORD-03344,CUST-0045,2023-06-11,Refunded,Marketplace,38.72,0.06,LatAm,Colombia
ORD-03345,CUST-0155,2024-04-20,Completed,Website,$32.50,0.07,North America,Mexico
ORD-03346,CUST-0453,2020-05-30,Completed,Phone,6.2,1.33,Latin America,Argentina
ORD-03347,CUST-0074,24/01/2021,Refunded,Phone,42.66,0.33,Africa,Nigeria
ORD-03348,CUST-0192,2023-05-26,Pending,Partner Portal,30.69,0.08,Latin America,Argentina
ORD-03349,CUST-0137,2024-07-23,Completed,Partner Portal,38.17,0.22,Latin America,Colombia
ORD-03350,CUST-0227,"December 26, 2020",Pending,In-Store,4.69,0.28,North America,Mexico
ORD-03351,CUST-0474,2021-05-25,Completed,,36.94,0.1,Europe,Germany
ORD-03352,CUST-0319,2022-11-16,Completed,In-Store,$38.96,0.21,Middle East,UAE
ORD-03353,CUST-0053,2021-02-12,Completed,Marketplace,32.13,0.08,LATAM,Argentina
ORD-03354,CUST-0273,2023-09-05,Cancelled,,16.36,0.22,Latin America,Brazil
ORD-03355,CUST-0432,11/17/2022,Cancelled,,12.74,0.2,north america,United States
ORD-03356,CUST-0192,2022-12-25,Completed,Marketplace,21.85,0.21,Latam,Argentina
ORD-03357,CUST-0402,2022-09-12,Completed,In-Store,27.23,0.33,Africa,Nigeria
ORD-03358,CUST-0232,2021-10-09,Completed,,14.88,0.26,Middle East,Saudi Arabia
ORD-03359,CUST-0342,03/06/2020,Completed,Marketplace,1.26,0.1,Africa,South Africa
ORD-03360,CUST-0346,2022-07-24,Refunded,Marketplace,24.2,0.34,North America,Canada
ORD-03361,CUST-0397,2021-02-21,Completed,Partner Portal,6.15,0.11,Latin America,Argentina
ORD-03362,CUST-0074,2022-01-01,Refunded,Mobile App,25.98,0.16,Africa,Nigeria
ORD-03363,CUST-0049,24/07/2024,Completed,Marketplace,10.88,0.26,Europe,United Kingdom
ORD-03364,CUST-0245,2020-03-07,Completed,In-Store,3.98,0.28,Europe,Sweden
ORD-03365,CUST-0005,2023-05-25,Completed,Phone,$25.46,0.35,Africa,South Africa
ORD-03366,CUST-0074,2024-06-09,Completed,Mobile App,37.12,0.11,Africa,Nigeria
ORD-03367,CUST-0121,2023-01-27,Completed,Website,35.99,0.28,Europe,Germany
ORD-03368,CUST-0037,2020-11-18,Refunded,Phone,17.23,0.18,North America,Mexico
ORD-03369,CUST-0431,2020-01-25,Pending,In-Store,7.73,0.15,Asia Pacific,Singapore
ORD-03370,CUST-0059,22 November 2022,Cancelled,Phone,30.88,0.26,North America,Mexico
ORD-03371,CUST-0072,15/06/2022,Completed,In-Store,12.79,0.01,Latin America,Colombia
ORD-03372,CUST-0043,2021-08-14,Refunded,Mobile App,19.9,0.03,Middle East,UAE
ORD-03373,CUST-0344,2020-10-04,Pending,Website,$30.08,0.12,Africa,Nigeria
ORD-03374,CUST-0088,28 January 2020,Completed,In-Store,36.7,0.02,North America,Canada
ORD-03375,CUST-0077,15 January 2022,Pending,Marketplace,$29.37,0.29,Asia Pacific,Australia
ORD-03376,CUST-0001,2024-09-20,Pending,Partner Portal,$13.33,0.04,Latin America,Argentina
ORD-03377,CUST-0414,"March 30, 2022",Refunded,,28.72,0.33,north america,Canada
ORD-03378,CUST-0108,2024-07-20,Cancelled,Partner Portal,$33.89,0.26,North America,United States
ORD-03379,CUST-0132,2020-03-11,Pending,Partner Portal,22.66,0.01,Africa,South Africa
ORD-03380,CUST-0398,2022-10-13,Completed,Marketplace,37.19,0.16,Latin America,Brazil
ORD-03381,CUST-0033,2021-03-03,Cancelled,Phone,6.31,0.22,Middle East,Qatar
ORD-03382,CUST-0092,2020-07-10,Completed,Mobile App,5.75,0.15,Latin America,Brazil
ORD-03383,CUST-0403,2023-07-12,Completed,Partner Portal,3.63,0.21,Africa,Kenya
ORD-03384,CUST-0323,2020-10-20,Completed,In-Store,27.93,0.13,Europe,Spain
ORD-03385,CUST-0475,2024-12-18,Completed,In-Store,10.55,0.2,North America,Mexico
ORD-03386,CUST-0334,2024-08-12,Completed,Marketplace,22.99,0.01,Asia Pacific,South Korea
ORD-03387,CUST-0066,19 December 2020,Pending,Mobile App,$7.98,0.21,Asia Pacific,South Korea
ORD-03388,CUST-0316,2022-01-19,Pending,Mobile App,36.39,0.24,Africa,Kenya
ORD-03389,CUST-0359,2024-11-09,Completed,Mobile App,37.52,1.2,Europe,Netherlands
ORD-03390,CUST-0316,2022-12-01,Completed,Marketplace,30.16,0.25,Africa,Kenya
ORD-03391,CUST-0315,2021-09-23,Completed,Marketplace,4.92,0.27,Africa,Nigeria
ORD-03392,CUST-0394,2022-03-22,Pending,Mobile App,$41.37,0.19,latin america,Argentina
ORD-03393,CUST-0450,2022-10-13,Refunded,,13.47,0.08,European Region,France
ORD-03394,CUST-0347,2022-11-06,Completed,In-Store,9.58,0.34,North America,Mexico
ORD-03395,CUST-0430,2021-06-05,Completed,Mobile App,41.99,0.16,Middle East,Saudi Arabia
ORD-03396,CUST-0306,"February 9, 2021",Refunded,Website,11.01,0.13,Europe,Spain
ORD-03397,CUST-0028,"August 23, 2023",Refunded,Website,20.63,0.12,Middle East,Saudi Arabia
ORD-03398,CUST-0233,2024-02-01,Refunded,Website,31.96,0.12,Europe,Germany
ORD-03399,CUST-0440,2020-03-07,Completed,Partner Portal,29.89,0.03,Asia Pacific,India
ORD-03400,CUST-0332,"July 22, 2023",Completed,Website,4.53,0.31,Africa,Nigeria
ORD-03401,CUST-0043,31/12/2022,Cancelled,In-Store,10.7,0.1,Middle East,UAE
ORD-03402,CUST-0479,2024-02-04,Completed,Marketplace,6.16,0.08,Latin America,Argentina
ORD-03403,CUST-0381,2020-02-04,Pending,Phone,37.91,0.26,Middle East,UAE
ORD-03404,CUST-0288,1 March 2021,Refunded,Mobile App,23.41,0.1,Africa,Kenya
ORD-03405,CUST-0250,2024-04-07,Completed,Partner Portal,23.26,0.18,Europe,Sweden
ORD-03406,CUST-0280,2022-03-19,Completed,In-Store,30.35,0.02,Latin America,Colombia
ORD-03407,CUST-0086,2022-09-02,Cancelled,Partner Portal,13.16,0.13,Europe,Spain
ORD-03408,CUST-0196,2024-03-06,Pending,In-Store,25.89,0.35,Africa,Ghana
ORD-03409,CUST-0343,02/10/2020,Completed,,13.61,0.13,Europe,France
ORD-03410,CUST-0129,2024-07-03,Completed,In-Store,33.28,0.03,North America,Mexico
ORD-03411,CUST-0377,2020-02-08,Cancelled,In-Store,34.96,0.01,Mid East,Qatar
ORD-03412,CUST-0379,2020-04-23,Completed,Marketplace,41.6,0.18,Eur,United Kingdom
ORD-03413,CUST-0169,12 November 2023,Completed,Mobile App,29.78,0.06,Asia Pacific,South Korea
ORD-03414,CUST-0226,2021-03-30,Refunded,Partner Portal,26.04,0.32,Africa,Nigeria
ORD-03415,CUST-0121,"August 23, 2020",Completed,Mobile App,11.26,0.03,Europe,Germany
ORD-03416,CUST-0001,2024-05-15,Pending,In-Store,$31.61,0.03,Latin America,Argentina
ORD-03417,CUST-0366,22/01/2024,Completed,Marketplace,41.38,0.05,Europe,Spain
ORD-03418,CUST-0465,3 June 2023,Completed,Partner Portal,41.84,0.05,Asia Pacific,India
ORD-03419,CUST-0320,2020-05-07,Completed,Website,31.86,0.35,Middle East,UAE
ORD-03420,CUST-0387,2022-10-31,Refunded,Marketplace,35.33,0.21,middle east,Qatar
ORD-03421,CUST-0390,2020-05-22,Refunded,Website,10.39,0.28,Middle East,Saudi Arabia
ORD-03422,CUST-0254,2022-08-12,Refunded,Website,9.72,0.19,Asia Pacific,Singapore
ORD-03423,CUST-0134,2024-08-12,Completed,In-Store,26.44,0.14,North America,United States
ORD-03424,CUST-0452,2023-09-24,Completed,Partner Portal,4.43,0.07,Latin America,Brazil
ORD-03425,CUST-0449,2021-08-10,Completed,Mobile App,12.76,0.23,Europe,United Kingdom
ORD-03426,CUST-0340,2024-11-05,COMPLETED,Partner Portal,7.35,0.33,Africa,Ghana
ORD-03427,CUST-0472,2024-06-27,Cancelled,Mobile App,3.39,0.31,Europe,Netherlands
ORD-03428,CUST-0472,06/12/2020,Cancelled,Website,3.93,0.14,europe,Netherlands
ORD-03429,CUST-0001,26/09/2022,Cancelled,Mobile App,10.76,0,Latin America,Argentina
ORD-03430,CUST-0034,2020-03-31,Completed,Phone,13.76,0.14,Middle East,UAE
ORD-03431,CUST-0291,2021-04-10,Completed,Website,23.4,0.05,ME,UAE
ORD-03432,CUST-0480,2024-03-19,Refunded,Website,$31.99,0.28,North America,Canada
ORD-03433,CUST-0335,2020-05-01,completed,Website,43.59,0.05,Europe,Germany
ORD-03434,CUST-0254,06/01/2023,Refunded,Mobile App,$10.94,0.03,Asia Pacific,Singapore
ORD-03435,CUST-0024,2022-08-07,PENDING,Phone,18.5,0.09,Africa,Nigeria
ORD-03436,CUST-0030,26 December 2023,Completed,Mobile App,44.39,0.33,Asia Pacific,India
ORD-03437,CUST-0321,2022-09-26,Completed,Website,30.46,0.32,Europe ,United Kingdom
ORD-03438,CUST-0250,2023-12-23,Cancelled,Marketplace,23.83,0.15,Europe,Sweden
ORD-03439,CUST-0275,2024-06-09,Completed,Mobile App,19.26,0.35,Africa,South Africa
ORD-03440,CUST-0217,2020-05-09,Cancelled,Partner Portal,$17.48,0.29,Middle East,UAE
ORD-03441,CUST-0036,2024-09-26,Completed,Partner Portal,15.94,0.14,Latin America,Colombia
ORD-03442,CUST-0159,2024-12-07,Refunded,Website,11.57,0.28,North America,Mexico
ORD-03443,CUST-0082,2023-06-14,Completed,Phone,14.02,0,Africa,South Africa
ORD-03444,CUST-0261,2021-09-25,Cancelled,Phone,1.28,0.29,Africa,Ghana
ORD-03445,CUST-0160,2024-06-13,Pending,In-Store,4.01,0.18,Latin America,Colombia
ORD-03446,CUST-0370,2022-03-11,Pending,Phone,11.94,0.27,N. America,United States
ORD-03447,CUST-0309,2022-12-17,Refunded,Partner Portal,20.01,0.19,Africa,South Africa
ORD-03448,CUST-0181,2022-05-02,Pending,Mobile App,$8.38,0.26,North America,Mexico
ORD-03449,CUST-0216,2024-09-05,Pending,,19.47,0.32,AFRICA,Kenya
ORD-03450,CUST-0422,2024-11-25,Completed,Phone,42.98,0.33,North America,Canada
ORD-03451,CUST-0124,2021-11-29,Completed,,30.38,0,Latin America,Argentina
ORD-03452,CUST-0364,2020-04-10,Cancelled,Phone,$35.15,0.35,Africa,Nigeria
ORD-03453,CUST-0131,2022-10-04,Refunded,In-Store,9.46,0.13,North America,Canada
ORD-03454,CUST-0010,2021-11-08,Completed,Website,25.55,0.22,Latin America,Chile
ORD-03455,CUST-0258,2023-02-24,Completed,Partner Portal,25.53,0.05,Asia Pacific,Singapore
ORD-03456,CUST-0184,2020-11-06,Cancelled,Phone,$17.94,0.26,Africa,South Africa
ORD-03457,CUST-0097,2023-12-21,Cancelled,Phone,35.99,0.26,Europe,Netherlands
ORD-03458,CUST-0451,01/10/2022,Completed,In-Store,39.38,0.03,Middle East,Qatar
ORD-03459,CUST-0118,2024-03-14,Refunded,In-Store,34.01,0.3,Latin America,Brazil
ORD-03460,CUST-0204,31 August 2020,cancelled,Marketplace,18.92,0.09,Africa,South Africa
ORD-03461,CUST-0023,2020-02-28,Completed,In-Store,$21.25,0.07,Middle East,Saudi Arabia
ORD-03462,CUST-0416,06/11/2020,Completed,Website,40.01,0.33,Middle East,Saudi Arabia
ORD-03463,CUST-0243,2023-09-01,Completed,In-Store,20.11,0.32,Europe,Netherlands
ORD-03464,CUST-0316,2022-05-21,Refunded,Marketplace,44.68,0.23,Africa,Kenya
ORD-03465,CUST-0225,2022-04-01,Completed,Mobile App,15.33,0.1,North America,Canada
ORD-03466,CUST-0064,2023-12-10,Completed,In-Store,17.55,0.33,North America,Mexico
ORD-03467,CUST-0017,2021-11-30,Completed,Partner Portal,3.21,0.19,Middle East,Saudi Arabia
ORD-03468,CUST-0006,2021-02-02,Cancelled,Mobile App,12.42,0.21,Asia Pacific,South Korea
ORD-03469,CUST-0109,2022-05-10,Completed,Phone,16.68,0.04,Latin America,Chile
ORD-03470,CUST-0251,2022-03-23,Pending,Partner Portal,40.81,0.01,North America,Canada
ORD-03471,CUST-0172,2021-12-05,Completed,,39.52,0.03,Latin America,Argentina
ORD-03472,CUST-0088,2020-10-18,Completed,Partner Portal,19.22,0.05,North America,Canada
ORD-03473,CUST-0058,2024-07-01,Completed,Marketplace,43.11,0.05,Asia Pacific,South Korea
ORD-03474,CUST-0382,2020-08-14,Completed,Marketplace,13.9,0.09,Latin America,Brazil
ORD-03475,CUST-0447,2023-02-08,Completed,Mobile App,$28.37,0.02,Middle East,UAE
ORD-03476,CUST-0277,2022-10-01,Completed,,$40.45,0.01,Middle East,Saudi Arabia
ORD-03477,CUST-0160,2022-04-06,Completed,In-Store,$40.98,0.2,Latin America,Colombia
ORD-03478,CUST-0070,2020-12-11,Pending,In-Store,44.26,0.08,middle east,Qatar
ORD-03479,CUST-0053,2022-01-25,Completed,Phone,40.83,0.29,Latin America,Argentina
ORD-03480,CUST-0450,2023-04-13,Completed,Partner Portal,2.2,0.07,Europe,France
ORD-03481,CUST-0078,2020-05-02,Completed,Mobile App,2.81,0.28,Europe,United Kingdom
ORD-03482,CUST-0318,2022-12-25,Refunded,Phone,$19.92,0.31,Asia Pacific,South Korea
ORD-03483,CUST-0236,13/10/2021,Refunded,Mobile App,41.32,0.17,Middle East,Qatar
ORD-03484,CUST-0293,2023-03-07,Pending,In-Store,38.21,0.04,Europe,Spain
ORD-03485,CUST-0056,01/15/2020,COMPLETED,Partner Portal,13.31,0.12,Asia Pacific,Singapore
ORD-03486,CUST-0380,16/09/2021,Completed,Marketplace,10.52,0.26,Asia Pacific,Singapore
ORD-03487,CUST-0448,2021-06-23,Pending,Phone,14.05,0.05,Africa,South Africa
ORD-03488,CUST-0267,2021-02-09,Completed,Marketplace,9.75,0.29,Europe,Netherlands
ORD-03489,CUST-0030,2020-07-15,Pending,Phone,16.75,0.28,APAC,India
ORD-03490,CUST-0085,08/09/2021,Completed,Phone,5.75,0.16,Middle East,UAE
ORD-03491,CUST-0463,2022-10-21,Pending,,40.16,0.13,Africa,South Africa
ORD-03492,CUST-0364,2024-12-27,Completed,In-Store,$26.65,0.27,Africa,Nigeria
ORD-03493,CUST-0447,2021-04-06,Completed,Partner Portal,23.76,0.3,Middle East,UAE
ORD-03494,CUST-0389,11/07/2021,Completed,In-Store,24.68,0.32,Latin America,Colombia
ORD-03495,CUST-0297,2021-05-03,Completed,,$20.18,0.25,Middle East,Qatar
ORD-03496,CUST-0009,18/07/2021,Refunded,Mobile App,14.86,0.17,Europe,United Kingdom
ORD-03497,CUST-0005,2022-03-31,Pending,Mobile App,$27.73,0.15,Africa,South Africa
ORD-03498,CUST-0421,2020-08-20,Cancelled,Phone,37.75,0.14,North America,Canada
ORD-03499,CUST-0367,2020-11-23,Refunded,Mobile App,23.3,0.3,middle east,UAE
ORD-03500,CUST-0148,2023-10-26,Completed,Phone,7.16,0.23,Middle East,UAE
ORD-03501,CUST-0239,2022-05-11,Completed,,42.25,0.05,Africa,Kenya
ORD-03502,CUST-0050,2023-10-16,Completed,Phone,37.31,0.22,Latin America,Chile
ORD-03503,CUST-0119,2023-10-09,Pending,Website,4.8,0.1,North America,Canada
ORD-03504,CUST-0222,27/06/2021,Completed,Mobile App,8.93,0.14,Asia Pacific,India
ORD-03505,CUST-0179,2021-02-07,Cancelled,In-Store,7.83,0.26,Middle East,Qatar
ORD-03506,CUST-0327,2024-02-25,Cancelled,Phone,16.01,0.31,Middle East,Saudi Arabia
ORD-03507,CUST-0383,2020-12-01,Pending,Mobile App,0.13,0.28,africa,Ghana
ORD-03508,CUST-0464,2024-03-19,Cancelled,In-Store,3.84,0.21,Europe,Netherlands
ORD-03509,CUST-0438,17/08/2020,Completed,Marketplace,25.89,1.44,Europe,Sweden
ORD-03510,CUST-0140,2020-02-22,Completed,,7.11,0.27,LatAm,Brazil
ORD-03511,CUST-0066,2024-10-09,Refunded,Mobile App,$0.66,1.35,Asia Pacific,South Korea
ORD-03512,CUST-0062,2021-05-10,Completed,Marketplace,7.39,0.03,North America,Mexico
ORD-03513,CUST-0006,2021-11-21,Pending,In-Store,$7.16,0.18,Asia Pacific,South Korea
ORD-03514,CUST-0280,"March 26, 2021",Completed,Website,13.93,0.22,Latin America,Colombia
ORD-03515,CUST-0186,2023-11-07,Completed,Website,22.88,0.04,Asia Pacific,Singapore
ORD-03516,CUST-0273,2024-04-28,Completed,Website,41.18,0.04,Latin America,Brazil
ORD-03517,CUST-0273,2021-05-24,Completed,Website,$28.59,0.31,LatAm,Brazil
ORD-03518,CUST-0446,2024-07-24,Cancelled,Partner Portal,44.65,0.15,North America,Mexico
ORD-03519,CUST-0114,03/03/2022,Cancelled,,17.4,0.1,Europe,United Kingdom
ORD-03520,CUST-0351,2021-08-30,Completed,Marketplace,9.35,0.13,Europe,Spain
ORD-03521,CUST-0235,2020-01-01,Completed,Website,13.58,0.25,Middle East,UAE
ORD-03522,CUST-0201,2021-03-22,Completed,In-Store,2.64,0.12,Africa,Nigeria
ORD-03523,CUST-0113,2020-12-11,Pending,In-Store,26.51,0.31,North America,United States
ORD-03524,CUST-0255,2024-04-30,Completed,In-Store,19.36,0.15,AFRICA,Nigeria
ORD-03525,CUST-0385,2020-08-04,Completed,In-Store,14,0.06,Middle East,Saudi Arabia
ORD-03526,CUST-0375,2021-09-24,Completed,Marketplace,6.16,0.28,North America,United States
ORD-03527,CUST-0225,05/08/2024,COMPLETED,Mobile App,40.92,0.28,North America,Canada
ORD-03528,CUST-0469,2023-02-11,Completed,Website,6.84,0.34,Africa,Nigeria
ORD-03529,CUST-0324,2022-02-13,Cancelled,Mobile App,44.96,0.12,Eur,United Kingdom
ORD-03530,CUST-0265,2024-03-09,Completed,Partner Portal,18.13,0.15,North America,United States
ORD-03531,CUST-0236,2023-01-14,Cancelled,Phone,4.96,0.11,middle east,Qatar
ORD-03532,CUST-0103,2024-07-23,Completed,Partner Portal,10.66,0.03,North america ,Canada
ORD-03533,CUST-0005,2022-05-27,Completed,Partner Portal,15.39,0.11,Africa,South Africa
ORD-03534,CUST-0228,2024-11-27,Refunded,Marketplace,38.3,0.04,Europe,Spain
ORD-03535,CUST-0227,2023-08-26,completed,Website,19.13,0.22,north america,Mexico
ORD-03536,CUST-0045,2020-09-12,Completed,Website,17.68,0.26,Latin America,Colombia
ORD-03537,CUST-0410,2021-01-26,Completed,In-Store,2.12,0.19,Latin America,Brazil
ORD-03538,CUST-0051,2023-03-22,Cancelled,Website,37.07,0.12,Middle East,Qatar
ORD-03539,CUST-0423,2020-03-14,Completed,Partner Portal,$21.81,0.24,Latin America,Colombia
ORD-03540,CUST-0079,2023-05-09,Completed,Partner Portal,$36.13,0.31,Africa,South Africa
ORD-03541,CUST-0215,"August 21, 2022",Cancelled,In-Store,38.88,0.19,Europe,United Kingdom
ORD-03542,CUST-0412,2021-04-14,Cancelled,Mobile App,4.79,0.13,Africa,South Africa
ORD-03543,CUST-0178,2024-02-23,Completed,Website,$20.79,0.24,Latin America,Argentina
ORD-03544,CUST-0360,2022-06-11,Pending,Website,24.44,0.12,EUROPE,Netherlands
ORD-03545,CUST-0007,2022-01-19,Completed,Mobile App,10.87,0.12,Middle East,Saudi Arabia
ORD-03546,CUST-0034,2020-09-20,Cancelled,In-Store,10.61,0.02,Middle East,UAE
ORD-03547,CUST-0376,2022-05-05,Cancelled,Mobile App,25.17,0.14,Latin America,Brazil
ORD-03548,CUST-0376,2024-12-26,Pending,Website,23.02,0.19,Latin America,Brazil
ORD-03549,CUST-0429,12/22/2020,Completed,Website,10.42,0.09,Asia Pacific,India
ORD-03550,CUST-0238,2021-03-12,Refunded,Mobile App,19.6,0.02,Latin America,Argentina
ORD-03551,CUST-0114,2023-07-30,Completed,Phone,2.5,0.35,Europe,United Kingdom
ORD-03552,CUST-0163,2020-06-16,Completed,Mobile App,7.53,0.2,Asia Pacific,Singapore
ORD-03553,CUST-0051,2022-07-13,Completed,Marketplace,30.85,0.31,Middle East,Qatar
ORD-03554,CUST-0216,2022-05-27,Pending,In-Store,$0.89,0.02,Africa,Kenya
ORD-03555,CUST-0421,2023-12-06,Completed,Website,20.92,0.12,North America,Canada
ORD-03556,CUST-0164,24 November 2023,Cancelled,Phone,3.97,0.01,N. America,Mexico
ORD-03557,CUST-0300,2021-04-03,Pending,Website,42.6,0.29,Africa,Nigeria
ORD-03558,CUST-0035,23/02/2021,Completed,Marketplace,25.44,0.32,Europe,Spain
ORD-03559,CUST-0336,02/08/2022,Completed,Marketplace,29.58,0.14,Latin America,Chile
ORD-03560,CUST-0369,2021-12-26,Pending,Partner Portal,$7.58,0.14,Middle East,Qatar
ORD-03561,CUST-0263,2024-09-29,Pending,Website,$31.29,0.14,Asia Pacific ,Singapore
ORD-03562,CUST-0429,28/03/2020,Pending,Marketplace,39.33,0.32,Asia Pacific,India
ORD-03563,CUST-0107,2022-04-03,Completed,Mobile App,9.67,0.22,Middle East,Saudi Arabia
ORD-03564,CUST-0009,2020-12-14,Completed,Marketplace,28.16,0.34,Europe,United Kingdom
ORD-03565,CUST-0197,2024-12-28,refunded,Website,11.68,0.32,Latin America,Colombia
ORD-03566,CUST-0415,"July 6, 2021",Completed,Website,9.02,0,Asia Pacific,South Korea
ORD-03567,CUST-0207,"October 12, 2020",Completed,In-Store,7.99,0.06,Europe ,United Kingdom
ORD-03568,CUST-0169,2022-08-18,Pending,Partner Portal,$29.40,0.08,Asia Pacific,South Korea
ORD-03569,CUST-0204,2024-07-03,Completed,Mobile App,21.09,0.21,Africa,South Africa
ORD-03570,CUST-0370,02/12/2021,Completed,Mobile App,34.82,0,North America,United States
ORD-03571,CUST-0383,2021-08-04,Pending,Marketplace,37.21,0.15,Africa,Ghana
ORD-03572,CUST-0402,04/03/2022,Pending,Phone,$35.04,0.25,Africa,Nigeria
ORD-03573,CUST-0477,2022-08-16,Completed,Phone,13.23,0.01,Europe,Germany
ORD-03574,CUST-0242,12 March 2022,Cancelled,,9.64,0.12,Asia Pacific,India
ORD-03575,CUST-0181,2022-02-07,Cancelled,,30.51,0.3,North America,Mexico
ORD-03576,CUST-0177,2023-10-29,Completed,Partner Portal,38.9,0.14,Apac,India
ORD-03577,CUST-0466,2021-02-11,Completed,Partner Portal,19.73,0.22,Europe,Spain
ORD-03578,CUST-0381,2020-12-17,Completed,Mobile App,$32.15,0.1,Middle East,UAE
ORD-03579,CUST-0062,2023-04-10,Completed,Phone,3.01,0.04,North America,Mexico
ORD-03580,CUST-0355,2021-06-18,Completed,Marketplace,3.77,0.13,Africa,Ghana
ORD-03581,CUST-0478,2023-07-16,Completed,Partner Portal,10.84,0.02,North America,Mexico
ORD-03582,CUST-0243,2023-12-11,Cancelled,Marketplace,15.27,0.04,Europe,Netherlands
ORD-03583,CUST-0005,2021-07-30,Completed,In-Store,33.35,0.13,Africa,South Africa
ORD-03584,CUST-0456,2024-02-06,Cancelled,Phone,41.14,0.33,Europe,Sweden
ORD-03585,CUST-0191,2024-08-07,Refunded,Phone,42.72,0.15,North America,Canada
ORD-03586,CUST-0215,07/08/2020,Cancelled,Phone,$27.68,0.2,Europe,United Kingdom
ORD-03587,CUST-0228,2022-01-05,Refunded,Website,26.38,0.16,Europe,Spain
ORD-03588,CUST-0168,2022-06-05,Refunded,Mobile App,16.92,0.06,North America,Canada
ORD-03589,CUST-0075,2022-10-17,refunded,Mobile App,1.54,0.03,Africa ,South Africa
ORD-03590,CUST-0091,2024-06-14,Refunded,Mobile App,24.6,0.08,Africa,Ghana
ORD-03591,CUST-0102,2023-02-08,Refunded,Mobile App,23.83,0.25,Latin America,Chile
ORD-03592,CUST-0044,2024-03-22,Pending,Partner Portal,12.01,0.23,Africa,South Africa
ORD-03593,CUST-0188,26/07/2024,Completed,Marketplace,$29.00,0.26,Africa,South Africa
ORD-03594,CUST-0071,"April 30, 2020",Refunded,Website,42.47,0.34,Latin America,Argentina
ORD-03595,CUST-0090,2024-10-24,Pending,Mobile App,36.94,0.26,Asia Pacific,India
ORD-03596,CUST-0451,2024-09-23,Completed,Phone,$42.47,0.17,Middle East ,Qatar
ORD-03597,CUST-0220,2023-02-19,Completed,Mobile App,15.57,0.28,North America,United States
ORD-03598,CUST-0425,2021-05-08,Completed,Phone,21.09,0.33,North America,Canada
ORD-03599,CUST-0248,2024-01-05,Completed,Phone,19.84,0.06,Europe,Netherlands
ORD-03600,CUST-0396,2023-07-14,Completed,Website,15.36,0.13,Asia Pacific,India
ORD-03601,CUST-0413,2024-10-21,Cancelled,Website,3.87,0.34,European Region,Germany
ORD-03602,CUST-0326,2023-05-25,Pending,Phone,41.02,0.1,Europe,Netherlands
ORD-03603,CUST-0277,2022-03-14,Completed,Phone,24.69,0.08,Middle East,Saudi Arabia
ORD-03604,CUST-0117,2023-10-12,Completed,Mobile App,35.01,0.15,europe,Germany
ORD-03605,CUST-0067,2021-11-03,Refunded,Mobile App,12.84,0.06,Africa,Ghana
ORD-03606,CUST-0093,2021-04-28,Cancelled,Phone,30.14,0.07,North America,Canada
ORD-03607,CUST-0415,2020-05-15,Completed,In-Store,43.52,1.31,Asia Pacific,South Korea
ORD-03608,CUST-0147,2021-11-17,Cancelled,Mobile App,$42.87,0.09,Latin America ,Brazil
ORD-03609,CUST-0041,2020-11-02,Completed,In-Store,35.95,0.19,Europe ,Netherlands
ORD-03610,CUST-0395,2023-10-16,Completed,Partner Portal,32.66,0.07,Middle East,Qatar
ORD-03611,CUST-0416,2023-03-09,Completed,Phone,15.57,0.34,Middle East,Saudi Arabia
ORD-03612,CUST-0108,03/05/2020,Completed,In-Store,$8.37,0.2,North America,United States
ORD-03613,CUST-0381,2021-08-05,pending,Phone,24.96,0.01,Middle East,UAE
ORD-03614,CUST-0232,2024-08-28,Pending,Marketplace,37.88,0.32,Middle East,Saudi Arabia
ORD-03615,CUST-0015,2024-07-23,Pending,Partner Portal,42.43,0.24,Africa,Nigeria
ORD-03616,CUST-0109,2024-08-11,Pending,Phone,12.64,1.43,Latin America,Chile
ORD-03617,CUST-0288,2021-07-24,Completed,Partner Portal,32.8,0.26,Africa,Kenya
ORD-03618,CUST-0263,2024-10-14,Cancelled,Website,23.24,0.07,Asia Pacific,Singapore
ORD-03619,CUST-0478,2022-12-05,Completed,Website,17.01,0.07,North America,Mexico
ORD-03620,CUST-0377,2022-09-22,Completed,Phone,$28.48,0.17,ME,Qatar
ORD-03621,CUST-0019,2020-07-05,Cancelled,In-Store,39.23,0.28,Asia Pacific,India
ORD-03622,CUST-0051,2021-08-16,Completed,Website,12.13,0.28,Middle East,Qatar
ORD-03623,CUST-0133,2023-03-08,REFUNDED,,$42.98,0.18,Africa,Ghana
ORD-03624,CUST-0035,2020-10-26,refunded,In-Store,38.47,0.27,Europe,Spain
ORD-03625,CUST-0338,03/19/2021,Completed,In-Store,7.66,0.21,Europe,Sweden
ORD-03626,CUST-0015,2021-09-04,Completed,In-Store,29.73,0.27,Africa,Nigeria
ORD-03627,CUST-0204,2022-09-15,Cancelled,Phone,2.86,0.21,Africa,South Africa
ORD-03628,CUST-0232,"September 25, 2020",Completed,In-Store,17.32,0.09,Middle East,Saudi Arabia
ORD-03629,CUST-0073,2021-02-26,Cancelled,Marketplace,43.77,0.09,latin america,Argentina
ORD-03630,CUST-0057,"July 20, 2022",Refunded,Mobile App,23.85,0.12,Africa,Ghana
ORD-03631,CUST-0083,3 June 2022,Pending,Mobile App,21.5,0.23,Latin America,Argentina
ORD-03632,CUST-0427,2023-08-17,Refunded,In-Store,$0.91,0.17,Europe,United Kingdom
ORD-03633,CUST-0394,19 October 2020,Completed,Marketplace,31.78,0.03,Latin America,Argentina
ORD-03634,CUST-0057,2021-09-08,Cancelled,Phone,1.54,0.13,Africa,Ghana
ORD-03635,CUST-0221,2022-10-25,CANCELLED,Mobile App,37.51,0.17,Asia Pacific,Japan
ORD-03636,CUST-0306,2023-11-22,Pending,Partner Portal,20.8,0.1,Europe,Spain
ORD-03637,CUST-0357,2024-05-25,Cancelled,Phone,$13.28,0.1,North America,Mexico
ORD-03638,CUST-0317,26 September 2021,Completed,Mobile App,22.43,0.28,Middle East,Qatar
ORD-03639,CUST-0101,2021-08-03,Refunded,Mobile App,19.89,0.04,Mid East,Qatar
ORD-03640,CUST-0471,2022-02-14,Cancelled,In-Store,27.36,0.16,Latin America,Brazil
ORD-03641,CUST-0266,2020-09-28,Completed,Partner Portal,30.68,0.24,Asia Pacific,Japan
ORD-03642,CUST-0050,2021-10-03,Completed,,10.2,0.14,Latin America,Chile
ORD-03643,CUST-0002,"June 26, 2024",Completed,Marketplace,41.77,0.02,middle east,Qatar
ORD-03644,CUST-0072,2022-02-27,Pending,Marketplace,37.85,0.21,Latin America,Colombia
ORD-03645,CUST-0108,2024-06-20,Refunded,In-Store,36.94,0.2,North America,United States
ORD-03646,CUST-0338,2020-02-06,Refunded,Mobile App,21.67,0.14,Europe,Sweden
ORD-03647,CUST-0470,2024-07-14,Completed,Mobile App,23.9,0,Asia Pacific,Japan
ORD-03648,CUST-0219,2024-04-30,Cancelled,Partner Portal,36.24,0.17,Asia Pacific,Australia
ORD-03649,CUST-0307,2023-07-16,Completed,Website,32.93,0.01,North America,Canada
ORD-03650,CUST-0197,26/12/2020,Refunded,Phone,22.3,0.09,Latin America,Colombia
ORD-03651,CUST-0383,2022-07-30,Completed,Partner Portal,39.96,0.22,Africa,Ghana
ORD-03652,CUST-0017,2023-12-05,Completed,Marketplace,28.69,0.34,ME,Saudi Arabia
ORD-03653,CUST-0369,2021-06-16,Refunded,Phone,29.39,0.12,Middle East,Qatar
ORD-03654,CUST-0201,2021-05-21,Completed,In-Store,20.3,0.23,Africa,Nigeria
ORD-03655,CUST-0146,2020-02-03,Pending,Partner Portal,8.36,0.29,Africa,Kenya
ORD-03656,CUST-0081,2022-02-20,Completed,Partner Portal,37.81,0.27,North America,Mexico
ORD-03657,CUST-0369,06/10/2021,Completed,Mobile App,14.32,0.26,Middle East,Qatar
ORD-03658,CUST-0349,2021-01-26,completed,Mobile App,3.28,0.28,Asia Pacific,South Korea
ORD-03659,CUST-0400,2024-05-12,Completed,Phone,$19.31,0.22,Asia Pacific,Australia
ORD-03660,CUST-0279,2023-04-28,Pending,In-Store,8.88,0.04,Latin America,Chile
ORD-03661,CUST-0230,2024-01-03,Completed,Website,40.2,0.01,LATAM,Colombia
ORD-03662,CUST-0428,2020-12-08,Completed,,30.29,0.08,Africa,Kenya
ORD-03663,CUST-0019,2024-07-28,Cancelled,Phone,$30.34,0.16,Asia-Pacific,India
ORD-03664,CUST-0348,2024-09-13,Cancelled,Partner Portal,13.17,0.15,Middle East,UAE
ORD-03665,CUST-0171,2023-08-06,Completed,Mobile App,2.05,0.26,Eur,Netherlands
ORD-03666,CUST-0180,2023-05-16,Completed,Marketplace,6.65,0.01,North America,Mexico
ORD-03667,CUST-0328,"May 14, 2023",Completed,Website,18.73,0.14,Middle East,UAE
ORD-03668,CUST-0169,2024-03-19,Completed,Website,6.14,0.21,Asia Pacific,South Korea
ORD-03669,CUST-0356,2024-02-24,Completed,Phone,13.53,0,Europe,Sweden
ORD-03670,CUST-0053,"March 22, 2021",Refunded,Website,$18.04,0.04,LatAm,Argentina
ORD-03671,CUST-0272,2020-03-13,Cancelled,In-Store,$31.44,0.32,Africa,South Africa
ORD-03672,CUST-0468,2021-04-15,Cancelled,Mobile App,20.57,0.23,North America,Canada
ORD-03673,CUST-0167,2020-04-19,Completed,Phone,24.85,0.13,North America,United States
ORD-03674,CUST-0050,2023-06-20,Completed,,16.63,0.2,Latin America,Chile
ORD-03675,CUST-0377,2020-07-21,Completed,Partner Portal,31.38,0.18,Middle East,Qatar
ORD-03676,CUST-0165,2021-04-04,Completed,Partner Portal,16.48,0.13,Europe,Germany
ORD-03677,CUST-0353,2022-02-02,Completed,In-Store,16.22,0.03,Europe,France
ORD-03678,CUST-0159,2020-11-16,Refunded,,12.77,0.04,North America,Mexico
ORD-03679,CUST-0193,2021-07-25,Pending,Phone,0.89,0.28,North America,Canada
ORD-03680,CUST-0375,"December 31, 2024",Pending,,7.6,0.08,North America,United States
ORD-03681,CUST-0080,2024-06-15,Refunded,Marketplace,0.42,0.24,Europe,United Kingdom
ORD-03682,CUST-0002,2022-03-17,Pending,Mobile App,$16.04,0.21,Middle East,Qatar
ORD-03683,CUST-0328,2024-12-21,Pending,Mobile App,37.83,0.19,Middle East,UAE
ORD-03684,CUST-0269,8 September 2021,Pending,Marketplace,7.36,0.04,Africa,Ghana
ORD-03685,CUST-0363,2023-02-26,Refunded,Phone,30.69,0.24,Africa,Kenya
ORD-03686,CUST-0119,2020-08-01,Completed,Phone,$37.87,0.24,North America,Canada
ORD-03687,CUST-0249,2022-12-14,Completed,,36.66,0.17,africa,Kenya
ORD-03688,CUST-0007,2020-02-09,Cancelled,Partner Portal,7.07,0.28,Middle East,Saudi Arabia
ORD-03689,CUST-0082,2024-06-30,Completed,Mobile App,18.36,0.07,Africa,South Africa
ORD-03690,CUST-0284,"April 24, 2020",Pending,In-Store,10.28,0.32,North America,United States
ORD-03691,CUST-0192,09/27/2020,Cancelled,Website,37.6,0.02,Latin America,Argentina
ORD-03692,CUST-0099,19/03/2022,Pending,Marketplace,23.4,0.15,Latin America,Chile
ORD-03693,CUST-0399,2022-05-17,Cancelled,Marketplace,$10.71,0.07,Latin America,Chile
ORD-03694,CUST-0423,2023-12-18,Cancelled,Marketplace,27.5,0.12,Latam,Colombia
ORD-03695,CUST-0199,06/19/2024,Completed,In-Store,4.54,0.06,europe,United Kingdom
ORD-03696,CUST-0470,2020-05-27,Cancelled,In-Store,$29.67,0,Asia Pacific,Japan
ORD-03697,CUST-0299,2023-03-07,Refunded,Marketplace,29.61,0.16,Latin America,Argentina
ORD-03698,CUST-0349,2024-04-11,Completed,Mobile App,$16.95,0.3,Asia Pacific,South Korea
ORD-03699,CUST-0043,2021-05-28,Pending,In-Store,39.21,0.01,ME,UAE
ORD-03700,CUST-0078,2023-05-01,COMPLETED,Phone,32.67,0.33,Europe,United Kingdom
ORD-03701,CUST-0049,06/07/2020,Pending,Partner Portal,9.35,0.11,Europe,United Kingdom
ORD-03702,CUST-0154,2021-08-31,Pending,In-Store,24.55,0.3,Africa,Nigeria
ORD-03703,CUST-0319,2021-06-16,REFUNDED,Mobile App,41.31,0.03,Middle East,UAE
ORD-03704,CUST-0284,2021-12-02,Pending,Website,37.65,0.2,N. America,United States
ORD-03705,CUST-0478,14 June 2023,Cancelled,Marketplace,2.47,0.19,North America,Mexico
ORD-03706,CUST-0398,2022-03-22,Refunded,Marketplace,21.76,0.18,LatAm,Brazil
ORD-03707,CUST-0249,2020-02-12,Pending,Website,37.03,0.11,Africa,Kenya
ORD-03708,CUST-0113,05/13/2024,Cancelled,Phone,23.17,0.11,North America,United States
ORD-03709,CUST-0311,2023-03-04,COMPLETED,Mobile App,3.41,0.16,Apac,Japan
ORD-03710,CUST-0197,01/18/2021,Completed,Website,31.72,0.2,Latin America,Colombia
ORD-03711,CUST-0469,2022-02-23,Pending,,$36.09,0.12,Africa,Nigeria
ORD-03712,CUST-0170,2021-06-30,Completed,Partner Portal,22.29,0.25,North America,Mexico
ORD-03713,CUST-0097,2020-07-22,Cancelled,Marketplace,5.21,0.29,Europe ,Netherlands
ORD-03714,CUST-0139,2024-10-08,Refunded,Partner Portal,28.27,0.18,Europe,Netherlands
ORD-03715,CUST-0434,2024-08-29,Completed,In-Store,15.4,0.16,EUROPE,Sweden
ORD-03716,CUST-0066,4 November 2024,Completed,Phone,35.09,0.3,Asia-Pacific,South Korea
ORD-03717,CUST-0156,"December 22, 2022",Completed,Phone,4.72,0.05,Africa,Nigeria
ORD-03718,CUST-0351,25 May 2024,Cancelled,Marketplace,32.97,0.22,Eur,Spain
ORD-03719,CUST-0268,01/12/2023,Completed,Partner Portal,13.66,0.17,Europe,France
ORD-03720,CUST-0207,2022-02-07,Completed,Website,35.3,0.06,Europe,United Kingdom
ORD-03721,CUST-0117,"January 21, 2024",Pending,In-Store,37.89,0.02,Eur,Germany
ORD-03722,CUST-0222,2020-01-10,Refunded,Phone,24.85,0.05,Asia Pacific,India
ORD-03723,CUST-0069,08/07/2022,completed,Phone,13.76,0.29,LATAM,Argentina
ORD-03724,CUST-0212,2024-03-28,Completed,In-Store,32.48,0.33,Middle East,Saudi Arabia
ORD-03725,CUST-0273,2024-09-03,Completed,Marketplace,$26.60,0.1,Latin America,Brazil
ORD-03726,CUST-0029,2020-05-28,Pending,Phone,27.03,0.04,Middle East,Saudi Arabia
ORD-03727,CUST-0475,22/05/2021,Refunded,Website,43.01,0.16,North America,Mexico
ORD-03728,CUST-0140,2022-04-21,CANCELLED,,$2.90,0.04,Latin America,Brazil
ORD-03729,CUST-0088,2022-11-14,Completed,In-Store,4.21,0.31,North America,Canada
ORD-03730,CUST-0105,2023-04-20,Refunded,In-Store,$5.23,0.02,North America,Canada
ORD-03731,CUST-0179,2022-04-03,Completed,Website,6.95,0.3,Middle East,Qatar
ORD-03732,CUST-0123,2022-06-18,Completed,Marketplace,28.85,0.31,Asia Pacific,Singapore
ORD-03733,CUST-0051,2021-05-15,Cancelled,Marketplace,21.63,0.02,Middle East,Qatar
ORD-03734,CUST-0453,2024-06-26,Cancelled,Marketplace,39.56,1.37,Latam,Argentina
ORD-03735,CUST-0247,2023-01-12,Completed,Website,3.98,0.13,Middle East,UAE
ORD-03736,CUST-0055,2022-01-24,Pending,,16.29,0.26,North America,Canada
ORD-03737,CUST-0092,2020-11-29,Pending,Mobile App,10.22,0.29,Latin America,Brazil
ORD-03738,CUST-0356,2023-09-20,Completed,In-Store,16.91,0.32,Europe,Sweden
ORD-03739,CUST-0452,"January 14, 2021",Refunded,Website,1.6,0.22,Latin America,Brazil
ORD-03740,CUST-0467,12/03/2021,Refunded,In-Store,32.87,0.08,Middle East,Qatar
ORD-03741,CUST-0023,2020-08-27,Cancelled,Partner Portal,3.02,0.33,Middle East,Saudi Arabia
ORD-03742,CUST-0019,2020-03-02,Completed,Marketplace,9.19,0.17,Asia Pacific,India
ORD-03743,CUST-0033,2022-11-07,Refunded,Website,42.6,0.08,Middle East,Qatar
ORD-03744,CUST-0120,2021-02-17,Completed,In-Store,34.09,0.22,Middle East,Saudi Arabia
ORD-03745,CUST-0196,2021-10-24,Refunded,In-Store,9.87,0.21,Africa,Ghana
ORD-03746,CUST-0390,2023-07-04,Refunded,Partner Portal,0.42,0.25,Middle East,Saudi Arabia
ORD-03747,CUST-0149,2020-06-26,Pending,Mobile App,$8.08,0.15,Europe,Germany
ORD-03748,CUST-0422,2020-03-12,Refunded,Website,39.68,0.02,North America,Canada
ORD-03749,CUST-0449,2024-04-23,Pending,Phone,39.9,0.03,Europe,United Kingdom
ORD-03750,CUST-0417,16/04/2023,Refunded,In-Store,9,0.31,Middle East,UAE
ORD-03751,CUST-0141,2022-03-18,Completed,Website,14.87,0.22,North America,United States
ORD-03752,CUST-0038,2020-04-30,Completed,Mobile App,41.61,0.24,Africa,South Africa
ORD-03753,CUST-0024,2021-11-29,Completed,Mobile App,39,0.15,Africa,Nigeria
ORD-03754,CUST-0119,4 January 2021,Completed,Phone,12.55,0.2,North America,Canada
ORD-03755,CUST-0022,7 June 2020,Cancelled,Phone,$32.55,0.13,North America,United States
ORD-03756,CUST-0364,2023-06-07,Cancelled,Marketplace,29.71,0.14,Africa,Nigeria
ORD-03757,CUST-0321,2021-03-10,Completed,In-Store,21.03,0.23,Europe,United Kingdom
ORD-03758,CUST-0123,2021-07-29,Pending,Phone,3.45,0.35,Asia Pacific,Singapore
ORD-03759,CUST-0465,2022-07-04,Completed,Phone,7.16,0.35,Asia Pacific,India
ORD-03760,CUST-0269,2021-05-27,Completed,Website,7.55,0.26,Africa,Ghana
ORD-03761,CUST-0418,06/04/2023,Completed,Mobile App,11.2,0.29,Asia Pacific,Singapore
ORD-03762,CUST-0033,2024-01-04,Cancelled,Website,27.4,0.17,Middle East,Qatar
ORD-03763,CUST-0287,2023-01-04,Refunded,Mobile App,7.96,0.21,North America,Canada
ORD-03764,CUST-0180,2022-03-23,COMPLETED,,11.09,0.34,North America,Mexico
ORD-03765,CUST-0397,2021-08-16,Completed,Marketplace,39.62,0.16,Latin America,Argentina
ORD-03766,CUST-0007,2023-05-21,Pending,Marketplace,2.11,0.19,Middle East,Saudi Arabia
ORD-03767,CUST-0260,2022-03-01,Pending,Marketplace,20.31,0.29,Latin America,Argentina
ORD-03768,CUST-0370,2021-02-07,Pending,Mobile App,25.65,0.06,NA Region,United States
ORD-03769,CUST-0029,2024-02-07,Pending,Partner Portal,42.32,0.35,Middle East,Saudi Arabia
ORD-03770,CUST-0250,11/18/2022,Completed,Mobile App,16.94,0.17,Europe,Sweden
ORD-03771,CUST-0333,"February 21, 2020",Cancelled,Marketplace,15.15,0.32,APAC,Singapore
ORD-03772,CUST-0310,2022-11-29,Completed,,$9.90,1.47,Latin America,Chile
ORD-03773,CUST-0384,2021-07-11,PENDING,Partner Portal,42.76,0.08,Mid East,Qatar
ORD-03774,CUST-0282,2022-05-04,Completed,In-Store,29.13,0.06,Latin America,Argentina
ORD-03775,CUST-0295,2024-10-01,Cancelled,In-Store,31.89,0.27,Europe,France
ORD-03776,CUST-0413,2021-03-21,Cancelled,Marketplace,$32.24,0.05,Europe,Germany
ORD-03777,CUST-0226,2024-10-02,refunded,Phone,36.77,0.02,Africa,Nigeria
ORD-03778,CUST-0112,2021-06-21,Pending,Phone,33.94,0.26,Africa,Kenya
ORD-03779,CUST-0001,2022-04-14,Completed,Marketplace,21.26,1.42,Latin America,Argentina
ORD-03780,CUST-0231,2023-03-20,Pending,Mobile App,27.72,0.03,Asia Pacific,India
ORD-03781,CUST-0440,2023-11-04,Completed,Mobile App,35.99,0.26,Asia Pacific,India
ORD-03782,CUST-0304,2023-07-10,Completed,In-Store,5.39,0.34,North America,Mexico
ORD-03783,CUST-0349,2024-11-11,Refunded,Partner Portal,$41.46,1.29,Asia Pacific,South Korea
ORD-03784,CUST-0125,2023-01-15,Completed,Website,$40.99,0.2,Africa,Ghana
ORD-03785,CUST-0444,2022-04-26,Completed,In-Store,8.01,0.08,Asia Pacific,Singapore
ORD-03786,CUST-0362,2023-07-03,Completed,Website,42.59,0.25,Asia Pacific,India
ORD-03787,CUST-0312,2020-03-19,Cancelled,Marketplace,23.57,0.02,Europe,Spain
ORD-03788,CUST-0316,2022-11-05,Completed,Phone,13.82,0.11,Africa,Kenya
ORD-03789,CUST-0018,"August 17, 2022",Refunded,Website,43.6,0.17,Africa,Ghana
ORD-03790,CUST-0128,2020-07-05,Refunded,Marketplace,26.25,0.33,North America,United States
ORD-03791,CUST-0297,2023-12-30,Cancelled,Phone,22.22,1.35,Middle East,Qatar
ORD-03792,CUST-0393,"March 17, 2023",Pending,Marketplace,21,0.34,Middle East,UAE
ORD-03793,CUST-0404,"March 25, 2022",Completed,Partner Portal,$36.97,1.48,Latin America,Colombia
ORD-03794,CUST-0191,2020-10-14,Pending,Phone,2.24,0.33,North America,Canada
ORD-03795,CUST-0111,2022-08-19,Refunded,Partner Portal,37.37,0.05,Latin America,Colombia
ORD-03796,CUST-0467,2023-12-19,Refunded,Website,$1.68,0.22,Middle East,Qatar
ORD-03797,CUST-0185,2022-11-30,Pending,Mobile App,7.3,0.04,Europe,Netherlands
ORD-03798,CUST-0350,2022-10-06,Completed,Website,3.74,0.12,Africa,Ghana
ORD-03799,CUST-0435,21 May 2021,Completed,Website,5.4,0.32,APAC,India
ORD-03800,CUST-0300,2023-07-03,REFUNDED,Partner Portal,$14.17,0.26,africa,Nigeria
ORD-03801,CUST-0323,25/03/2020,Pending,Phone,16.11,0.06,Europe,Spain
ORD-03802,CUST-0380,2024-09-04,Pending,Phone,3.76,0.15,Asia Pacific,Singapore
ORD-03803,CUST-0207,5 February 2024,Completed,Partner Portal,0.37,0.09,Europe,United Kingdom
ORD-03804,CUST-0324,2020-12-16,Completed,,$5.79,0.06,Europe,United Kingdom
ORD-03805,CUST-0215,2024-10-24,Completed,Partner Portal,30.72,0.06,EUROPE,United Kingdom
ORD-03806,CUST-0407,3 June 2020,refunded,Mobile App,37.69,0.21,Middle East,Qatar
ORD-03807,CUST-0259,2021-11-24,Cancelled,Marketplace,9.25,0.3,North America,Mexico
ORD-03808,CUST-0037,2020-10-06,Completed,Partner Portal,21.54,0.12,North America,Mexico
ORD-03809,CUST-0083,2020-12-01,Completed,Website,3.33,0.03,Latam,Argentina
ORD-03810,CUST-0121,2020-01-26,Pending,In-Store,4.8,0.16,Europe,Germany
ORD-03811,CUST-0122,2020-03-22,REFUNDED,In-Store,30,0.04,Africa,Nigeria
ORD-03812,CUST-0062,2020-03-10,Completed,Mobile App,$40.17,0.16,North America,Mexico
ORD-03813,CUST-0036,12/16/2021,Refunded,Website,2.71,0.32,Latin America,Colombia
ORD-03814,CUST-0298,07/09/2022,Refunded,Mobile App,25.79,0.16,Africa,South Africa
ORD-03815,CUST-0462,2022-02-12,Completed,In-Store,36.33,0.14,Middle East,Saudi Arabia
ORD-03816,CUST-0385,2023-08-11,Refunded,In-Store,33.69,0.28,Middle East ,Saudi Arabia
ORD-03817,CUST-0125,2023-11-02,Refunded,Website,40.72,0.32,Africa,Ghana
ORD-03818,CUST-0022,28/04/2020,Completed,Phone,40.12,0.14,North America,United States
ORD-03819,CUST-0091,"September 27, 2021",Refunded,,15.88,0.04,Africa,Ghana
ORD-03820,CUST-0315,2022-11-01,completed,Website,28.48,1.39,Africa,Nigeria
ORD-03821,CUST-0067,2022-08-10,Pending,Phone,18.61,0.12,Africa,Ghana
ORD-03822,CUST-0156,2023-07-20,COMPLETED,Mobile App,25.36,0.27,AFRICA,Nigeria
ORD-03823,CUST-0407,2024-02-10,Completed,Partner Portal,$15.35,0.13,Middle East,Qatar
ORD-03824,CUST-0452,30/06/2021,Completed,Marketplace,$39.53,0.11,Latin America,Brazil
ORD-03825,CUST-0478,2020-11-07,Refunded,Partner Portal,$42.08,0.31,North america ,Mexico
ORD-03826,CUST-0137,2024-05-12,Completed,In-Store,2,0.28,Latin America,Colombia
ORD-03827,CUST-0210,2023-03-19,Completed,Phone,25.12,0.13,Europe ,Germany
ORD-03828,CUST-0139,2021-04-10,Pending,Marketplace,40.25,0.22,Europe,Netherlands
ORD-03829,CUST-0449,2022-03-16,Completed,Website,15.86,0.16,Europe,United Kingdom
ORD-03830,CUST-0266,2022-07-11,Pending,Partner Portal,2.56,0.15,Asia Pacific,Japan
ORD-03831,CUST-0365,"February 22, 2021",Pending,Phone,8.03,0.2,Europe,United Kingdom
ORD-03832,CUST-0075,2021-06-16,Completed,Marketplace,4.06,0.33,Africa ,South Africa
ORD-03833,CUST-0324,2023-02-18,Completed,Mobile App,$10.78,0.15,Eur,United Kingdom
ORD-03834,CUST-0247,2023-05-24,Completed,Marketplace,14.02,0.34,Middle East,UAE
ORD-03835,CUST-0262,2021-02-27,Completed,Website,4.82,0.19,North America,Canada
ORD-03836,CUST-0188,"June 24, 2022",Completed,Mobile App,36.39,0.1,africa,South Africa
ORD-03837,CUST-0450,10/02/2024,Completed,Partner Portal,11.59,1.48,EUROPE,France
ORD-03838,CUST-0147,2021-10-14,Pending,Website,22.06,0.07,Latin America,Brazil
ORD-03839,CUST-0242,2024-06-22,Completed,,37.52,0.27,Asia Pacific,India
ORD-03840,CUST-0001,4 May 2024,Pending,Website,33.64,0.05,Latin America,Argentina
ORD-03841,CUST-0383,2020-05-29,Cancelled,Marketplace,37.92,0.25,Africa,Ghana
ORD-03842,CUST-0444,2024-09-16,Completed,In-Store,41.85,1.42,Asia Pacific,Singapore
ORD-03843,CUST-0373,2021-04-08,Pending,Partner Portal,31.53,0.35,Europe,France
ORD-03844,CUST-0072,2020-12-17,Completed,Partner Portal,8.98,0.26,Latin America,Colombia
ORD-03845,CUST-0208,2023-06-20,Completed,Marketplace,17.3,0.07,Europe,Germany
ORD-03846,CUST-0163,"November 15, 2022",Completed,Marketplace,21.95,0.26,Asia Pacific,Singapore
ORD-03847,CUST-0367,2024-11-13,Cancelled,Mobile App,26.06,0.24,Middle East,UAE
ORD-03848,CUST-0006,2020-04-17,Cancelled,Mobile App,32.68,0.35,Asia Pacific,South Korea
ORD-03849,CUST-0379,"April 12, 2024",Cancelled,Mobile App,$17.01,0.06,Europe,United Kingdom
ORD-03850,CUST-0016,2022-08-31,Completed,Partner Portal,$32.38,0.11,North America,Mexico
ORD-03851,CUST-0463,2023-08-11,Cancelled,Website,24.44,0.26,Africa,South Africa
ORD-03852,CUST-0292,2022-12-06,Refunded,In-Store,19.2,0.02,Europe,France
ORD-03853,CUST-0139,2023-09-13,Pending,Phone,23.02,0.18,Europe,Netherlands
ORD-03854,CUST-0415,2022-11-13,Completed,Phone,41.74,0.07,APAC,South Korea
ORD-03855,CUST-0020,2023-01-08,Cancelled,Marketplace,44.14,0.15,latin america,Brazil
ORD-03856,CUST-0444,2020-12-19,Completed,Mobile App,$2.74,0.22,Asia Pacific,Singapore
ORD-03857,CUST-0364,2023-03-17,Completed,Mobile App,11.09,0.03,Africa,Nigeria
ORD-03858,CUST-0309,2020-05-09,Completed,In-Store,1.05,0.29,Africa,South Africa
ORD-03859,CUST-0148,2022-03-23,Refunded,Partner Portal,1.59,0.33,Middle East,UAE
ORD-03860,CUST-0075,2021-02-03,pending,Partner Portal,6.81,0.28,Africa,South Africa
ORD-03861,CUST-0424,2021-10-17,Pending,,28.98,0.03,LATAM,Chile
ORD-03862,CUST-0285,"January 28, 2022",Completed,Phone,22.17,0.22,Middle East,UAE
ORD-03863,CUST-0032,2023-08-24,Completed,Mobile App,35.21,0.22,Europe,Netherlands
ORD-03864,CUST-0315,5 June 2023,Pending,Website,1.68,0.05,Africa,Nigeria
ORD-03865,CUST-0321,01/31/2023,Pending,Website,23.78,0.23,Europe,United Kingdom
ORD-03866,CUST-0355,2020-02-22,REFUNDED,Phone,$20.80,0.3,Africa,Ghana
ORD-03867,CUST-0340,2021-06-29,Pending,Website,2.87,1.42,Africa,Ghana
ORD-03868,CUST-0340,7 October 2022,Cancelled,Marketplace,4.81,0.03,Africa,Ghana
ORD-03869,CUST-0081,2020-11-30,Cancelled,Phone,39.37,0.01,North America,Mexico
ORD-03870,CUST-0340,2023-03-09,Completed,Phone,$22.51,0.3,Africa,Ghana
ORD-03871,CUST-0010,2023-01-04,Refunded,Mobile App,40.86,0.13,Latin America,Chile
ORD-03872,CUST-0401,2022-05-09,Refunded,Website,7.45,0.01,Middle East,Qatar
ORD-03873,CUST-0213,2021-07-10,Completed,Phone,31.78,0.28,Middle East,Qatar
ORD-03874,CUST-0176,2023-10-12,Cancelled,Phone,31.74,0.28,Europe,Spain
ORD-03875,CUST-0103,2023-04-17,Refunded,In-Store,16.41,0.23,North America,Canada
ORD-03876,CUST-0477,2022-08-16,completed,Website,11.28,0.29,Europe,Germany
ORD-03877,CUST-0067,2023-12-07,Completed,In-Store,40.57,0.09,Africa,Ghana
ORD-03878,CUST-0225,2021-11-01,Refunded,Partner Portal,0.3,0.16,North America,Canada
ORD-03879,CUST-0038,2021-12-06,Cancelled,Partner Portal,35.63,0.09,africa,South Africa
ORD-03880,CUST-0185,2021-08-08,Pending,Website,34.24,0.18,Europe,Netherlands
ORD-03881,CUST-0379,2024-01-15,Completed,Website,31.38,0.07,Europe,United Kingdom
ORD-03882,CUST-0182,2024-08-26,Pending,Phone,$29.88,0.24,Latin America,Colombia
ORD-03883,CUST-0213,2020-10-18,Completed,Website,15.91,0.05,Middle East,Qatar
ORD-03884,CUST-0133,2023-04-17,Pending,Marketplace,32.88,0.03,Africa,Ghana
ORD-03885,CUST-0216,2024-12-25,COMPLETED,Website,20.55,0.2,Africa,Kenya
ORD-03886,CUST-0402,2023-12-31,Pending,Mobile App,$15.78,0.2,Africa,Nigeria
ORD-03887,CUST-0002,01/11/2023,Cancelled,In-Store,29.45,0.05,Middle East,Qatar
ORD-03888,CUST-0089,2022-06-11,Refunded,Marketplace,28.16,0.28,Europe,Sweden
ORD-03889,CUST-0026,13 January 2023,Cancelled,Mobile App,22.73,0.11,Africa,South Africa
ORD-03890,CUST-0105,2024-07-26,Refunded,Mobile App,43.8,0.18,North America,Canada
ORD-03891,CUST-0017,2021-10-05,Refunded,Mobile App,6.48,1.22,Middle East,Saudi Arabia
ORD-03892,CUST-0210,2020-06-10,Completed,In-Store,$8.12,0.34,Europe,Germany
ORD-03893,CUST-0297,2021-11-21,Completed,In-Store,22.05,0.31,Middle East,Qatar
ORD-03894,CUST-0207,2021-08-12,Pending,Mobile App,26.39,0.3,Europe,United Kingdom
ORD-03895,CUST-0175,2020-09-16,Cancelled,Website,24.14,0.26,Africa,Ghana
ORD-03896,CUST-0188,12/01/2020,Cancelled,Website,27.76,0.1,Africa,South Africa
ORD-03897,CUST-0452,2020-05-12,Completed,Website,35.7,0,Latin America,Brazil
ORD-03898,CUST-0070,2024-08-13,Refunded,Mobile App,34.01,0.03,Middle East,Qatar
ORD-03899,CUST-0459,"January 25, 2022",CANCELLED,Marketplace,29.09,0.34,Europe,Spain
ORD-03900,CUST-0023,2022-06-15,Cancelled,In-Store,33.49,0.25,Middle East,Saudi Arabia
ORD-03901,CUST-0050,15/08/2022,Completed,Website,38.61,0.3,Latin America,Chile
ORD-03902,CUST-0181,2021-10-03,Cancelled,Website,$6.74,0.09,North America,Mexico
ORD-03903,CUST-0371,2022-08-20,Pending,Website,27.17,0.22,North america ,United States
ORD-03904,CUST-0464,2024-10-17,Completed,,$37.83,0.06,Europe,Netherlands
ORD-03905,CUST-0295,17/08/2024,Pending,Phone,41.22,0.1,Eur,France
ORD-03906,CUST-0015,2020-11-13,Completed,Website,24.75,0.24,Africa,Nigeria
ORD-03907,CUST-0288,2020-10-17,Completed,Phone,26.36,0.09,Africa,Kenya
ORD-03908,CUST-0200,2022-02-06,Pending,Partner Portal,39.99,0.13,north america,United States
ORD-03909,CUST-0254,2020-08-22,Refunded,Partner Portal,44.7,0.1,Asia Pacific,Singapore
ORD-03910,CUST-0114,2022-08-27,Cancelled,Mobile App,36.75,0.06,Europe,United Kingdom
ORD-03911,CUST-0018,2024-06-16,Refunded,Partner Portal,$41.19,0.12,African Region,Ghana
ORD-03912,CUST-0044,2024-07-11,Cancelled,Phone,24,0.28,Africa,South Africa
ORD-03913,CUST-0272,2024-11-12,Pending,Phone,34.36,0.21,Africa,South Africa
ORD-03914,CUST-0085,2023-04-15,Pending,In-Store,21.54,0.31,Middle East,UAE
ORD-03915,CUST-0387,2020-04-02,Pending,Marketplace,30.29,0.26,Middle East,Qatar
ORD-03916,CUST-0009,2023-02-23,Refunded,In-Store,15.06,0.04,Europe,United Kingdom
ORD-03917,CUST-0040,2021-08-14,Completed,Phone,$0.41,0.3,Asia Pacific,Singapore
ORD-03918,CUST-0424,2024-10-24,Pending,Website,9.44,0.27,Latin America,Chile
ORD-03919,CUST-0391,2023-10-19,Cancelled,,2.97,0.06,Asia Pacific,South Korea
ORD-03920,CUST-0097,2022-10-04,Completed,Website,37.14,0.07,europe,Netherlands
ORD-03921,CUST-0028,2022-09-28,Refunded,Phone,$9.28,1.2,Middle East,Saudi Arabia
ORD-03922,CUST-0072,2024-07-27,Completed,Mobile App,33.02,0.26,Latin America,Colombia
ORD-03923,CUST-0245,2021-10-23,Completed,Partner Portal,7.32,0.2,Europe,Sweden
ORD-03924,CUST-0251,2020-03-26,Completed,Phone,34.59,0.08,North America,Canada
ORD-03925,CUST-0419,2022-05-09,Completed,Marketplace,21.78,0.22,Africa,Ghana
ORD-03926,CUST-0149,2024-04-13,Completed,Website,1.34,0.08,Europe,Germany
ORD-03927,CUST-0180,2022-05-24,Completed,In-Store,24.82,0.15,North America,Mexico
ORD-03928,CUST-0247,2021-09-10,Completed,In-Store,42.54,0.17,Middle East,UAE
ORD-03929,CUST-0275,2023-11-08,Cancelled,Mobile App,29.92,0.08,Africa,South Africa
ORD-03930,CUST-0390,2024-08-09,Refunded,Mobile App,3.64,0.29,Middle East,Saudi Arabia
ORD-03931,CUST-0214,2021-04-07,Refunded,Marketplace,20.3,0.15,Middle East,UAE
ORD-03932,CUST-0153,2021-07-01,Cancelled,Phone,23.38,0.11,North America,United States
ORD-03933,CUST-0397,2022-11-15,Completed,Website,39.14,0.08,Latin America,Argentina
ORD-03934,CUST-0359,2020-07-31,Completed,Mobile App,28.41,0.06,Europe,Netherlands
ORD-03935,CUST-0176,2023-03-01,Completed,Marketplace,40.29,0.14,Europe,Spain
ORD-03936,CUST-0164,2020-02-20,Cancelled,Phone,5.23,0.12,North America,Mexico
ORD-03937,CUST-0287,2023-02-11,Refunded,Phone,13.16,0.14,North America,Canada
ORD-03938,CUST-0215,2022-08-03,Refunded,Mobile App,10.01,0.31,Europe,United Kingdom
ORD-03939,CUST-0116,2024-01-21,Cancelled,Partner Portal,8.8,0.05,Latin America,Chile
ORD-03940,CUST-0397,2021-03-28,Cancelled,Marketplace,8.92,0.08,Latin America,Argentina
ORD-03941,CUST-0013,2022-08-25,Completed,Partner Portal,15.06,0.29,Latin America,Brazil
ORD-03942,CUST-0007,2020-05-20,Completed,,15.8,0.18,Middle East,Saudi Arabia
ORD-03943,CUST-0005,2024-10-26,Pending,Website,17.75,0.04,Africa,South Africa
ORD-03944,CUST-0066,2020-08-08,Completed,Partner Portal,6.06,0.28,Apac,South Korea
ORD-03945,CUST-0393,2024-12-15,Refunded,Marketplace,$17.62,0.1,Middle East,UAE
ORD-03946,CUST-0120,2020-02-25,Completed,Marketplace,38.62,0.14,Middle East,Saudi Arabia
ORD-03947,CUST-0389,2020-07-13,Completed,Phone,3.35,0.01,Latin America,Colombia
ORD-03948,CUST-0293,2022-09-20,Cancelled,Partner Portal,29.46,0.03,Europe,Spain
ORD-03949,CUST-0146,2020-09-04,Cancelled,Partner Portal,20.24,0.03,Africa,Kenya
ORD-03950,CUST-0308,2022-11-12,Pending,Phone,$14.09,0.1,European Region,Sweden
ORD-03951,CUST-0359,2023-12-11,Pending,Mobile App,28.22,0.29,Europe,Netherlands
ORD-03952,CUST-0125,2022-05-29,Refunded,Partner Portal,$34.41,0.28,Africa,Ghana
ORD-03953,CUST-0174,2023-05-27,Completed,Partner Portal,42.93,0.25,Europe,Spain
ORD-03954,CUST-0344,2022-03-23,Cancelled,In-Store,16.76,0.27,Africa,Nigeria
ORD-03955,CUST-0336,2022-03-26,Refunded,Partner Portal,$33.67,0.11,Latin America,Chile
ORD-03956,CUST-0285,2024-11-11,Completed,Mobile App,3.52,0.09,Middle East,UAE
ORD-03957,CUST-0297,2023-02-25,REFUNDED,Phone,19.38,0.22,Middle East,Qatar
ORD-03958,CUST-0363,2024-03-11,Completed,In-Store,42.06,0.33,Africa,Kenya
ORD-03959,CUST-0055,2022-06-21,Cancelled,Website,10.38,0.03,North America,Canada
ORD-03960,CUST-0271,2022-08-16,Completed,,11.54,0.08,Latin America,Chile
ORD-03961,CUST-0426,2024-12-29,Completed,Partner Portal,4.55,0.08,Africa,Ghana
ORD-03962,CUST-0419,2021-04-20,Completed,Phone,29.75,0.13,Africa,Ghana
ORD-03963,CUST-0385,2022-09-07,Completed,Partner Portal,3.33,0.22,ME,Saudi Arabia
ORD-03964,CUST-0058,2023-06-05,Completed,Phone,26.01,0.15,Asia Pacific ,South Korea
ORD-03965,CUST-0440,2021-12-17,Pending,Partner Portal,12.74,0.17,Asia Pacific,India
ORD-03966,CUST-0255,2024-06-09,Cancelled,Phone,29.4,0.3,African Region,Nigeria
ORD-03967,CUST-0443,2024-12-19,Completed,Phone,35.33,0.19,Asia Pacific,Australia
ORD-03968,CUST-0010,2021-03-29,Completed,Phone,43.28,0.06,LatAm,Chile
ORD-03969,CUST-0269,2020-09-29,Completed,Phone,24.54,0.33,Africa,Ghana
ORD-03970,CUST-0158,2022-02-09,Completed,Partner Portal,6.11,0.13,Middle East,Saudi Arabia
ORD-03971,CUST-0400,2022-03-21,Cancelled,In-Store,7.45,0.19,Asia Pacific,Australia
ORD-03972,CUST-0074,2022-04-11,Completed,Phone,7.84,0.16,Africa,Nigeria
ORD-03973,CUST-0149,2022-05-01,Cancelled,Mobile App,10.97,0.21,Europe,Germany
ORD-03974,CUST-0305,2023-01-10,Cancelled,Website,$2.83,0.14,North America,United States
ORD-03975,CUST-0189,2022-12-29,Refunded,In-Store,$11.71,0.02,Africa,Nigeria
ORD-03976,CUST-0323,2021-02-03,REFUNDED,In-Store,11.03,0.05,European Region,Spain
ORD-03977,CUST-0365,2021-01-17,Pending,Phone,14.47,0.07,Europe,United Kingdom
ORD-03978,CUST-0294,2021-07-11,Completed,Website,15.38,0.31,Africa,Nigeria
ORD-03979,CUST-0133,2022-02-24,Completed,Mobile App,21.72,0.32,Africa,Ghana
ORD-03980,CUST-0235,2021-11-13,Completed,Website,$34.75,0.33,Middle East,UAE
ORD-03981,CUST-0028,2020-10-04,Refunded,Partner Portal,12.86,0.34,Middle East,Saudi Arabia
ORD-03982,CUST-0092,2023-03-12,Refunded,Marketplace,30.11,0.1,Latin America,Brazil
ORD-03983,CUST-0253,2024-07-18,Completed,Website,7.23,0.26,Africa,Nigeria
ORD-03984,CUST-0397,02/04/2024,Cancelled,Marketplace,11.94,0.12,Latin America,Argentina
ORD-03985,CUST-0027,2024-02-22,Completed,Phone,31.7,0.22,Africa,South Africa
ORD-03986,CUST-0465,2024-10-25,cancelled,In-Store,6.66,0.01,Asia Pacific,India
ORD-03987,CUST-0175,2021-07-28,Completed,Mobile App,0.38,0.31,Africa,Ghana
ORD-03988,CUST-0107,2024-01-14,Pending,Phone,41.78,0.03,Middle East,Saudi Arabia
ORD-03989,CUST-0044,2023-01-07,REFUNDED,Website,3.25,0.01,Africa,South Africa
ORD-03990,CUST-0137,2020-06-13,cancelled,Phone,13.18,0.34,Latin America,Colombia
ORD-03991,CUST-0042,"November 10, 2023",Completed,Mobile App,$22.42,0.01,Africa,Kenya
ORD-03992,CUST-0437,2021-09-03,Completed,Marketplace,30.42,0.21,North America,Canada
ORD-03993,CUST-0117,2021-10-18,Pending,In-Store,17.72,0.27,Europe,Germany
ORD-03994,CUST-0293,2021-01-26,Completed,Marketplace,$33.78,0.11,Eur,Spain
ORD-03995,CUST-0322,2022-12-03,Completed,Marketplace,38.12,0.09,Africa,Ghana
ORD-03996,CUST-0416,2024-08-23,Pending,Partner Portal,26.11,0.15,Middle East,Saudi Arabia
ORD-03997,CUST-0301,2020-10-06,Refunded,Partner Portal,$21.84,0.02,North America,United States
ORD-03998,CUST-0392,10/30/2022,Cancelled,Website,12.65,0.29,Asia Pacific,Singapore
ORD-03999,CUST-0051,2020-02-21,Cancelled,Website,44.21,0.27,Middle East,Qatar
ORD-04000,CUST-0313,2021-04-10,Completed,Marketplace,14.35,0.15,Africa,Kenya
ORD-04001,CUST-0264,2022-07-26,Completed,Phone,0.86,0.31,Europe,United Kingdom
ORD-04002,CUST-0446,2022-05-27,Cancelled,Marketplace,10.58,0.14,North America,Mexico
ORD-04003,CUST-0293,2024-11-03,Completed,Website,7.19,0.16,Europe,Spain
ORD-04004,CUST-0479,2023-06-11,Completed,,35.56,0.2,Latin America,Argentina
ORD-04005,CUST-0109,2024-01-15,Cancelled,Website,$13.60,0.33,Latin America,Chile
ORD-04006,CUST-0447,2021-08-30,pending,Mobile App,27.09,0.18,Middle East,UAE
ORD-04007,CUST-0107,2020-04-06,Completed,In-Store,37.82,0.15,Middle East,Saudi Arabia
ORD-04008,CUST-0369,29 September 2021,Refunded,Phone,40.57,0.3,Middle East,Qatar
ORD-04009,CUST-0208,2021-07-02,Completed,,43.95,0.3,Europe,Germany
ORD-04010,CUST-0239,2022-04-12,Completed,Marketplace,22.94,0.32,Africa,Kenya
ORD-04011,CUST-0267,2020-05-18,Pending,Phone,11.42,0.12,Europe,Netherlands
ORD-04012,CUST-0362,2020-04-07,Completed,In-Store,30.33,0.02,Asia Pacific,India
ORD-04013,CUST-0263,2022-10-04,Refunded,In-Store,38.03,0.29,Asia Pacific,Singapore
ORD-04014,CUST-0311,2023-01-23,Completed,Partner Portal,34.74,0.15,Asia Pacific,Japan
ORD-04015,CUST-0159,2024-03-08,Completed,Website,33.45,0.01,N. America,Mexico
ORD-04016,CUST-0448,7 April 2023,Completed,Phone,21.1,0.02,Africa,South Africa
ORD-04017,CUST-0174,2021-02-21,Completed,Marketplace,1.41,0.32,Europe,Spain
ORD-04018,CUST-0291,2022-06-24,Refunded,Partner Portal,5.33,0.34,Middle East,UAE
ORD-04019,CUST-0107,2021-04-05,Cancelled,Website,43.2,0.21,Middle East,Saudi Arabia
ORD-04020,CUST-0001,2022-01-19,Completed,Phone,25.18,0.35,latin america,Argentina
ORD-04021,CUST-0480,2020-06-27,Completed,Partner Portal,21.48,0.19,North America,Canada
ORD-04022,CUST-0058,2024-01-25,Pending,Partner Portal,13.96,0.04,Asia Pacific,South Korea
ORD-04023,CUST-0092,19/07/2024,Completed,Partner Portal,20.49,0.23,LATAM,Brazil
ORD-04024,CUST-0139,2021-10-19,Completed,Website,18.42,0.27,Europe,Netherlands
ORD-04025,CUST-0038,2020-02-02,Cancelled,Mobile App,22.32,0.2,Africa ,South Africa
ORD-04026,CUST-0119,2023-09-24,Completed,Website,20.23,0.31,North america ,Canada
ORD-04027,CUST-0304,2021-03-30,Pending,In-Store,38.28,0,North America,Mexico
ORD-04028,CUST-0250,03/21/2023,Completed,In-Store,1.66,0.33,Europe,Sweden
ORD-04029,CUST-0415,2024-02-28,Completed,Website,5.11,0.23,Asia Pacific,South Korea
ORD-04030,CUST-0384,2020-08-13,Completed,Mobile App,$25.97,0.12,middle east,Qatar
ORD-04031,CUST-0459,17 October 2022,Refunded,Website,29.41,0.23,Europe,Spain
ORD-04032,CUST-0364,2024-07-22,Refunded,Partner Portal,41.09,0.01,Africa,Nigeria
ORD-04033,CUST-0270,21/05/2021,Completed,Partner Portal,22.82,0.28,Middle East,Qatar
ORD-04034,CUST-0403,2021-07-04,Cancelled,Phone,4.45,0.04,AFRICA,Kenya
ORD-04035,CUST-0200,2020-03-12,Completed,Phone,8.31,0.1,North America,United States
ORD-04036,CUST-0225,2020-06-14,Completed,In-Store,3.49,0.12,North America,Canada
ORD-04037,CUST-0328,2021-03-07,Completed,Marketplace,0.5,0.04,Middle East,UAE
ORD-04038,CUST-0139,2021-12-21,Completed,In-Store,36.25,0.07,Europe,Netherlands
ORD-04039,CUST-0114,2021-10-30,Refunded,Partner Portal,$4.07,0.14,Europe,United Kingdom
ORD-04040,CUST-0004,2023-11-14,Refunded,Marketplace,25.37,0.15,LATAM,Colombia
ORD-04041,CUST-0010,2023-07-24,Completed,Website,28.94,0.25,Latin America,Chile
ORD-04042,CUST-0313,05/24/2020,Pending,Partner Portal,22.05,0.25,Africa,Kenya
ORD-04043,CUST-0089,2020-09-02,Completed,In-Store,18.59,0.22,Europe,Sweden
ORD-04044,CUST-0212,2023-09-28,Cancelled,Website,21.96,0.13,Middle East,Saudi Arabia
ORD-04045,CUST-0036,2020-11-05,Completed,Website,34.79,0.01,Latin America,Colombia
ORD-04046,CUST-0445,2024-10-20,Completed,Partner Portal,20.49,0.32,Apac,India
ORD-04047,CUST-0238,06/04/2023,Completed,Mobile App,19.92,0.11,Latin America,Argentina
ORD-04048,CUST-0186,07/09/2023,Completed,Phone,33.22,0.16,APAC,Singapore
ORD-04049,CUST-0221,2023-03-19,Completed,,18.61,1.24,Asia Pacific,Japan
ORD-04050,CUST-0174,2023-08-12,refunded,Website,39.11,0.29,Europe,Spain
ORD-04051,CUST-0408,03/05/2022,Cancelled,Mobile App,16.08,0.28,Latin America,Colombia
ORD-04052,CUST-0181,2022-08-28,Completed,Mobile App,41.15,0.32,North America,Mexico
ORD-04053,CUST-0291,09/09/2024,Pending,In-Store,22.6,0.2,Middle East,UAE
ORD-04054,CUST-0474,2022-07-27,COMPLETED,,27.58,0.11,Europe ,Germany
ORD-04055,CUST-0320,2024-03-14,Pending,In-Store,1.64,0.26,Middle East,UAE
ORD-04056,CUST-0446,"April 19, 2024",Completed,In-Store,39.26,0.25,North America,Mexico
ORD-04057,CUST-0391,2 November 2023,REFUNDED,,$26.61,0.31,Asia Pacific,South Korea
ORD-04058,CUST-0302,"February 13, 2020",Completed,Website,29.31,0.23,Asia Pacific,Australia
ORD-04059,CUST-0181,2021-11-25,Completed,Partner Portal,$13.44,0.11,North America,Mexico
ORD-04060,CUST-0186,2021-05-27,Pending,Website,15.88,0.13,Asia Pacific,Singapore
ORD-04061,CUST-0202,10/11/2024,Completed,Phone,$37.95,0.01,Middle East,UAE
ORD-04062,CUST-0333,2021-01-24,Completed,Website,21.43,0.35,Asia Pacific,Singapore
ORD-04063,CUST-0060,2024-10-15,Refunded,Website,$20.76,0.3,Latin America,Chile
ORD-04064,CUST-0328,2023-11-03,Pending,Website,6.74,0.11,Middle East,UAE
ORD-04065,CUST-0026,2024-03-05,Refunded,Marketplace,43.43,0.09,Africa,South Africa
ORD-04066,CUST-0429,2021-06-30,Cancelled,Partner Portal,3.74,0.13,Asia Pacific ,India
ORD-04067,CUST-0153,2020-07-01,Completed,Partner Portal,40.57,0.19,North America,United States
ORD-04068,CUST-0021,05/29/2023,Completed,Mobile App,6.53,0.1,Asia Pacific,Australia
ORD-04069,CUST-0320,2020-10-03,Completed,Marketplace,0.33,0.11,Middle East,UAE
ORD-04070,CUST-0319,"May 3, 2023",Completed,In-Store,2.27,0.19,Middle East,UAE
ORD-04071,CUST-0449,2020-12-19,Pending,Phone,$33.60,0.29,Europe,United Kingdom
ORD-04072,CUST-0462,2021-05-14,Completed,Marketplace,$22.03,0.02,Middle East,Saudi Arabia
ORD-04073,CUST-0093,2021-02-10,Cancelled,Website,$22.43,0.03,North America,Canada
ORD-04074,CUST-0004,2023-11-16,Pending,Mobile App,$2.24,0.26,Latin America,Colombia
ORD-04075,CUST-0049,2022-04-09,Completed,In-Store,26.89,0.26,Europe,United Kingdom
ORD-04076,CUST-0480,2023-03-27,Refunded,Website,20.26,0.23,North America,Canada
ORD-04077,CUST-0176,2024-05-09,Completed,Marketplace,26.25,0.34,Europe,Spain
ORD-04078,CUST-0028,2023-11-04,Completed,Partner Portal,44.18,0.01,Middle East,Saudi Arabia
ORD-04079,CUST-0467,2024-05-31,Completed,Mobile App,5.13,0.28,Middle East,Qatar
ORD-04080,CUST-0008,2021-11-12,Cancelled,Phone,16.82,0.2,Latin America,Chile
ORD-04081,CUST-0205,2021-11-20,Completed,Partner Portal,35.62,0.25,Europe,Spain
ORD-04082,CUST-0465,2021-03-20,Completed,Website,30.76,0.23,Asia Pacific,India
ORD-04083,CUST-0308,2022-01-08,Completed,Mobile App,35.47,0.28,Eur,Sweden
ORD-04084,CUST-0112,2024-02-23,Completed,Partner Portal,31.26,0.29,Africa,Kenya
ORD-04085,CUST-0059,2022-01-22,Completed,Partner Portal,11.57,0.29,North America,Mexico
ORD-04086,CUST-0454,2020-09-29,Cancelled,Partner Portal,33.58,0.12,Europe,Germany
ORD-04087,CUST-0439,10/26/2020,Cancelled,Marketplace,26.8,0.02,Europe,United Kingdom
ORD-04088,CUST-0005,4 November 2022,Completed,Partner Portal,$6.66,0.24,Africa,South Africa
ORD-04089,CUST-0306,7 November 2023,Completed,Website,30.3,0.09,Europe,Spain
ORD-04090,CUST-0031,2020-03-24,Completed,Partner Portal,$10.98,0.21,North America,Mexico
ORD-04091,CUST-0262,5 November 2022,Pending,Partner Portal,17.39,0.1,North America,Canada
ORD-04092,CUST-0090,2021-05-22,Pending,Marketplace,16.58,0.08,Asia Pacific,India
ORD-04093,CUST-0472,"September 30, 2022",completed,Mobile App,25.68,0.14,Europe,Netherlands
ORD-04094,CUST-0087,2024-07-11,Completed,Partner Portal,29.46,0.17,Asia Pacific,Australia
ORD-04095,CUST-0038,"November 1, 2023",Completed,Website,1.15,0.24,Africa,South Africa
ORD-04096,CUST-0142,2024-04-17,Cancelled,Website,0.13,0,Asia Pacific,Singapore
ORD-04097,CUST-0382,09/17/2023,Completed,Phone,33.68,0.22,Latin America,Brazil
ORD-04098,CUST-0377,2020-03-15,Completed,Marketplace,11.62,1.29,Middle East,Qatar
ORD-04099,CUST-0395,2020-06-19,Cancelled,In-Store,26.88,1.23,Middle East,Qatar
ORD-04100,CUST-0266,2023-12-12,Completed,In-Store,24.24,0.11,Asia Pacific,Japan
ORD-04101,CUST-0392,2020-12-02,Completed,Marketplace,9.59,0.07,Asia Pacific,Singapore
ORD-04102,CUST-0323,"July 1, 2022",Cancelled,,34.2,0.07,Europe,Spain
ORD-04103,CUST-0271,07/23/2022,Refunded,Phone,36.32,0.15,Latin America,Chile
ORD-04104,CUST-0004,2024-05-05,Completed,Marketplace,0.55,0.08,Latin America,Colombia
ORD-04105,CUST-0476,2021-04-03,Cancelled,Website,7.32,0.15,Africa,Kenya
ORD-04106,CUST-0306,2024-06-05,Completed,In-Store,28.89,0.33,Europe,Spain
ORD-04107,CUST-0220,2021-08-26,Completed,Phone,16.16,0.24,North America,United States
ORD-04108,CUST-0296,2023-08-10,Refunded,Mobile App,$1.51,0.19,Europe,Germany
ORD-04109,CUST-0008,"March 17, 2022",Refunded,Phone,0.91,0.16,Latin America,Chile
ORD-04110,CUST-0308,2020-01-08,Completed,,34.79,0.3,European Region,Sweden
ORD-04111,CUST-0205,2022-09-02,Completed,Website,36.61,0.33,europe,Spain
ORD-04112,CUST-0040,2021-09-16,Pending,Marketplace,13.86,0.28,Asia Pacific,Singapore
ORD-04113,CUST-0441,2023-08-25,Refunded,Partner Portal,42.43,0.17,Latin America,Argentina
ORD-04114,CUST-0218,2020-09-07,Refunded,,43.5,0.28,Africa,South Africa
ORD-04115,CUST-0325,2021-01-07,Completed,In-Store,1.96,0.03,Latin America,Chile
ORD-04116,CUST-0329,2023-04-20,Cancelled,Mobile App,17.73,0.22,Latin America,Colombia
ORD-04117,CUST-0022,2020-05-11,Cancelled,,22.01,0.09,North America,United States
ORD-04118,CUST-0073,2022-08-27,Completed,Website,8.9,0.06,Latin America,Argentina
ORD-04119,CUST-0040,2021-09-15,Completed,Website,$2.76,0.15,Asia Pacific,Singapore
ORD-04120,CUST-0142,05/23/2020,Completed,Mobile App,$33.23,0.03,Asia Pacific,Singapore
ORD-04121,CUST-0272,2024-06-26,Completed,In-Store,31.82,0.28,Africa,South Africa
ORD-04122,CUST-0429,2022-05-11,Refunded,In-Store,29.76,0.19,Asia Pacific,India
ORD-04123,CUST-0009,2023-05-17,Pending,In-Store,17.57,0.08,European Region,United Kingdom
ORD-04124,CUST-0306,2024-11-12,Completed,Marketplace,11.16,0.16,Europe,Spain
ORD-04125,CUST-0371,2021-09-23,Completed,Partner Portal,15.4,0.12,North America,United States
ORD-04126,CUST-0427,23/04/2024,Completed,Mobile App,39.71,0.34,Europe,United Kingdom
ORD-04127,CUST-0078,2024-03-16,Completed,In-Store,30.35,0.17,Europe,United Kingdom
ORD-04128,CUST-0364,2023-09-10,completed,Website,42.78,0.2,Africa,Nigeria
ORD-04129,CUST-0133,2022-09-20,Completed,Marketplace,$41.57,0.16,Africa,Ghana
ORD-04130,CUST-0343,2021-04-07,Cancelled,Mobile App,$13.24,0.12,Europe,France
ORD-04131,CUST-0306,2023-11-09,Pending,Phone,35.82,0.23,europe,Spain
ORD-04132,CUST-0065,2022-09-23,Completed,,19.93,0.28,Middle East,UAE
ORD-04133,CUST-0392,2020-05-23,Cancelled,In-Store,11.78,0.14,Asia Pacific,Singapore
ORD-04134,CUST-0082,9 June 2020,Cancelled,Phone,34.91,0.2,African Region,South Africa
ORD-04135,CUST-0471,2023-06-22,Completed,In-Store,3.25,0.24,Latin America,Brazil
ORD-04136,CUST-0178,10/03/2021,Refunded,Website,32.55,0.08,Latin America,Argentina
ORD-04137,CUST-0110,2023-01-29,Pending,Website,35.78,0.15,Middle East,Saudi Arabia
ORD-04138,CUST-0479,2021-01-29,Refunded,,18.72,0.09,Latin America,Argentina
ORD-04139,CUST-0109,2024-06-05,Completed,Partner Portal,1.96,0.02,Latin America,Chile
ORD-04140,CUST-0465,"November 23, 2024",Pending,Marketplace,37.62,0.09,Asia Pacific,India
ORD-04141,CUST-0361,2020-06-13,Completed,Phone,36.98,0.16,Latin America,Brazil
ORD-04142,CUST-0215,2020-04-01,Refunded,Marketplace,11.3,0.21,Europe,United Kingdom
ORD-04143,CUST-0340,"January 26, 2020",Cancelled,Marketplace,2.63,0.1,Africa,Ghana
ORD-04144,CUST-0237,2022-12-10,Pending,In-Store,13.61,0.16,Latam,Brazil
ORD-04145,CUST-0398,2023-12-22,Completed,Mobile App,$5.96,0.16,Latin America,Brazil
ORD-04146,CUST-0135,2021-04-17,Completed,Partner Portal,42.91,0.26,North america ,Mexico
ORD-04147,CUST-0244,2024-05-20,Completed,Website,9.22,0.3,North America,Mexico
ORD-04148,CUST-0452,2024-01-25,Completed,,9.01,0.28,Latin America,Brazil
ORD-04149,CUST-0112,2020-10-27,Completed,Phone,40.04,0.01,Africa,Kenya
ORD-04150,CUST-0183,2022-07-18,Pending,Partner Portal,4.87,0.29,LATAM,Chile
ORD-04151,CUST-0142,2024-03-09,Completed,Phone,$14.79,0.24,Asia Pacific,Singapore
ORD-04152,CUST-0331,2024-03-31,Cancelled,Website,25.14,0.26,Africa,Kenya
ORD-04153,CUST-0339,2021-01-25,Completed,Marketplace,1.91,0.13,AFRICA,South Africa
ORD-04154,CUST-0412,2020-08-23,Refunded,Website,$26.96,0.35,Africa,South Africa
ORD-04155,CUST-0407,7 June 2024,Refunded,Phone,28.99,0.19,Middle East,Qatar
ORD-04156,CUST-0404,24 July 2024,Cancelled,Marketplace,11.14,0.01,LATAM,Colombia
ORD-04157,CUST-0172,2024-02-17,Completed,Marketplace,24.74,0.05,Latin America,Argentina
ORD-04158,CUST-0132,09/23/2022,Cancelled,Website,$17.43,0.23,africa,South Africa
ORD-04159,CUST-0472,2024-11-23,Completed,In-Store,30.41,0.33,Europe,Netherlands
ORD-04160,CUST-0190,2024-09-20,Cancelled,Partner Portal,15.92,0.22,Africa,South Africa
ORD-04161,CUST-0063,15/12/2022,Completed,Marketplace,$16.82,0.26,Middle East,Saudi Arabia
ORD-04162,CUST-0072,2023-05-24,Completed,In-Store,27.6,0.21,LatAm,Colombia
ORD-04163,CUST-0310,2022-01-14,Refunded,Website,23.84,1.13,Latin America,Chile
ORD-04164,CUST-0391,02/13/2020,Refunded,In-Store,17.47,0.33,Asia-Pacific,South Korea
ORD-04165,CUST-0262,2023-10-16,Pending,Mobile App,$35.76,0.02,North America,Canada
ORD-04166,CUST-0332,2024-09-01,Refunded,Phone,40.56,0.09,Africa,Nigeria
ORD-04167,CUST-0124,2021-06-06,Completed,In-Store,44.46,0.26,Latin America,Argentina
ORD-04168,CUST-0329,08/18/2022,Cancelled,Mobile App,35.86,0.34,Latam,Colombia
ORD-04169,CUST-0402,2024-11-22,Completed,Marketplace,31.79,0.08,Africa ,Nigeria
ORD-04170,CUST-0282,2022-03-19,completed,Phone,20.75,0.09,Latin America,Argentina
ORD-04171,CUST-0326,2020-06-24,Completed,Partner Portal,6.8,0.04,European Region,Netherlands
ORD-04172,CUST-0134,9 October 2021,Cancelled,Phone,21.92,0.21,North America,United States
ORD-04173,CUST-0289,08/09/2024,CANCELLED,Website,27.29,0.17,europe,Netherlands
ORD-04174,CUST-0445,2021-05-11,Completed,Phone,38.07,0.11,Asia Pacific,India
ORD-04175,CUST-0007,2021-10-19,Cancelled,In-Store,1.41,0.31,Middle East,Saudi Arabia
ORD-04176,CUST-0315,2021-10-04,REFUNDED,Marketplace,4.91,0.25,Africa,Nigeria
ORD-04177,CUST-0356,03/01/2022,REFUNDED,In-Store,13.13,1.24,Europe,Sweden
ORD-04178,CUST-0144,12/31/2024,Pending,Partner Portal,2.69,0.17,Asia Pacific,Japan
ORD-04179,CUST-0040,2024-03-23,Completed,Website,38.55,0.05,Asia Pacific,Singapore
ORD-04180,CUST-0258,2024-09-26,Cancelled,In-Store,26.74,0.03,asia pacific,Singapore
ORD-04181,CUST-0427,2021-08-03,Cancelled,Phone,43.53,0.24,European Region,United Kingdom
ORD-04182,CUST-0423,2020-12-25,Completed,Mobile App,34.3,0.2,LatAm,Colombia
ORD-04183,CUST-0138,2024-09-19,Pending,Marketplace,$39.07,0.21,Middle East,UAE
ORD-04184,CUST-0449,2020-02-12,Cancelled,Mobile App,44.21,0.07,Europe,United Kingdom
ORD-04185,CUST-0254,2024-07-13,Completed,Partner Portal,$35.45,0.34,Asia Pacific,Singapore
ORD-04186,CUST-0317,2022-01-30,Refunded,Website,1.56,0.27,Middle East,Qatar
ORD-04187,CUST-0428,2022-08-18,Pending,In-Store,36.1,0.11,African Region,Kenya
ORD-04188,CUST-0116,2024-11-27,Completed,Partner Portal,14.98,0.25,Latin America,Chile
ORD-04189,CUST-0412,2023-01-25,Pending,Website,35.15,0.03,Africa,South Africa
ORD-04190,CUST-0285,2022-12-27,Completed,Marketplace,44.36,0.13,Middle East,UAE
ORD-04191,CUST-0428,2024-02-23,Completed,,28.73,0.01,Africa,Kenya
ORD-04192,CUST-0319,"April 25, 2020",Completed,,38.94,0.33,middle east,UAE
ORD-04193,CUST-0415,"February 6, 2023",Pending,Marketplace,21.35,0.29,asia pacific,South Korea
ORD-04194,CUST-0293,30 April 2020,pending,Phone,15.86,0.34,Europe,Spain
ORD-04195,CUST-0378,2024-12-06,Completed,Mobile App,13.9,0.05,middle east,Saudi Arabia
ORD-04196,CUST-0276,2020-03-07,Pending,,20.63,0.26,Asia Pacific,India
ORD-04197,CUST-0315,2023-12-03,Completed,Partner Portal,$23.35,0.15,AFRICA,Nigeria
ORD-04198,CUST-0207,09/07/2021,Pending,Partner Portal,33.35,0.16,Europe ,United Kingdom
ORD-04199,CUST-0081,2024-06-29,Completed,Mobile App,39.63,0.16,North America,Mexico
ORD-04200,CUST-0437,2023-07-28,Completed,Mobile App,39.33,0.08,North America,Canada
ORD-04201,CUST-0281,2022-07-09,Completed,Marketplace,22.66,0.31,Latam,Colombia
ORD-04202,CUST-0243,2023-03-01,Refunded,Website,22.29,0.27,Europe,Netherlands
ORD-04203,CUST-0193,6 March 2021,Completed,In-Store,31.7,0.33,North America,Canada
ORD-04204,CUST-0146,2020-01-26,Completed,Partner Portal,30.08,0.09,Africa,Kenya
ORD-04205,CUST-0111,03/12/2022,completed,Marketplace,37.33,0.24,Latin America,Colombia
ORD-04206,CUST-0074,2024-07-20,Pending,Website,2.46,0.15,Africa,Nigeria
ORD-04207,CUST-0019,2024-03-25,Cancelled,Website,24.36,0.27,Asia Pacific ,India
ORD-04208,CUST-0055,2020-07-30,Completed,Marketplace,28.46,0.12,North America,Canada
ORD-04209,CUST-0363,19/02/2022,Completed,Website,10.08,0.05,Africa,Kenya
ORD-04210,CUST-0153,2022-12-20,Completed,Website,34.8,0.3,North America,United States
ORD-04211,CUST-0398,2023-09-03,Completed,Phone,31.6,0.15,Latin America,Brazil
ORD-04212,CUST-0159,2020-10-25,Completed,Mobile App,40.83,0.24,North America,Mexico
ORD-04213,CUST-0113,2024-05-26,Refunded,Partner Portal,30.09,0.32,North America,United States
ORD-04214,CUST-0426,05/08/2020,Completed,Mobile App,9.12,1.31,Africa,Ghana
ORD-04215,CUST-0172,09/14/2021,Completed,Marketplace,34.69,0.29,Latin America,Argentina
ORD-04216,CUST-0047,2024-10-01,Refunded,Partner Portal,21.22,0.11,Asia Pacific ,India
ORD-04217,CUST-0339,2020-12-02,Completed,In-Store,41.44,0.34,Africa,South Africa
ORD-04218,CUST-0010,2021-02-28,Refunded,In-Store,31.79,0.09,Latin America,Chile
ORD-04219,CUST-0244,2023-12-13,Cancelled,Marketplace,1.41,0.03,North America,Mexico
ORD-04220,CUST-0207,2020-06-08,Completed,Website,11.49,0.21,Europe,United Kingdom
ORD-04221,CUST-0329,2022-02-21,Cancelled,Mobile App,12.07,0.11,Latin America ,Colombia
ORD-04222,CUST-0094,2023-11-12,Completed,Phone,22.85,0.12,EUROPE,Germany
ORD-04223,CUST-0359,03/24/2020,Completed,Phone,18.12,0.31,Eur,Netherlands
ORD-04224,CUST-0423,2021-04-16,Completed,Marketplace,22.06,0.13,Latin America ,Colombia
ORD-04225,CUST-0255,2021-03-04,Pending,In-Store,28.17,0.17,Africa,Nigeria
ORD-04226,CUST-0015,2023-08-16,Pending,Website,38.8,0.09,Africa,Nigeria
ORD-04227,CUST-0167,2020-02-01,Completed,Mobile App,36.38,0.14,North america ,United States
ORD-04228,CUST-0437,2024-08-24,Refunded,Partner Portal,$37.25,0.19,N. America,Canada
ORD-04229,CUST-0260,2021-12-05,Cancelled,Partner Portal,31.81,0.02,Latin America,Argentina
ORD-04230,CUST-0346,2020-07-14,Cancelled,In-Store,19.57,0.24,North America,Canada
ORD-04231,CUST-0106,2021-06-04,COMPLETED,Partner Portal,6.93,1.15,Latin America,Chile
ORD-04232,CUST-0371,12/28/2023,Cancelled,In-Store,44.52,0.14,North America,United States
ORD-04233,CUST-0447,17 August 2020,REFUNDED,Website,3.82,0.03,Middle East,UAE
ORD-04234,CUST-0412,2024-07-29,Completed,Mobile App,44.64,0.01,Africa,South Africa
ORD-04235,CUST-0158,2023-06-15,Cancelled,,4.17,0.14,Middle East,Saudi Arabia
ORD-04236,CUST-0410,2022-01-28,Completed,Partner Portal,12.53,0.17,Latin America ,Brazil
ORD-04237,CUST-0128,2023-03-22,Completed,In-Store,$1.97,0.25,North America,United States
ORD-04238,CUST-0060,2022-03-06,Completed,Marketplace,32.22,0.09,Latin America,Chile
ORD-04239,CUST-0446,2024-04-05,Completed,Partner Portal,$38.80,0.29,North America,Mexico
ORD-04240,CUST-0237,2021-01-18,Completed,Mobile App,19.3,0.15,Latin America,Brazil
ORD-04241,CUST-0261,2023-05-19,COMPLETED,In-Store,$16.29,0.01,Africa,Ghana
ORD-04242,CUST-0217,11/09/2023,Completed,Partner Portal,$18.72,0.11,Middle East,UAE
ORD-04243,CUST-0209,2022-08-07,Cancelled,In-Store,0.1,0.25,EUROPE,France
ORD-04244,CUST-0138,2024-08-03,Completed,,2.42,0.32,Middle East ,UAE
ORD-04245,CUST-0010,24 December 2022,Completed,Partner Portal,8.13,0.23,Latin America,Chile
ORD-04246,CUST-0336,2024-12-06,Pending,Website,10.09,0.29,Latin America,Chile
ORD-04247,CUST-0045,2020-10-14,Cancelled,Marketplace,29.42,0.23,Latin America,Colombia
ORD-04248,CUST-0284,2024-05-15,Completed,In-Store,6.6,0.24,North America,United States
ORD-04249,CUST-0394,2021-08-15,Completed,Phone,33.1,0.06,Latin America,Argentina
ORD-04250,CUST-0058,12/03/2021,Pending,Phone,16.48,0.1,Asia Pacific,South Korea
ORD-04251,CUST-0224,2020-05-26,Pending,In-Store,35.67,0.18,Europe,Germany
ORD-04252,CUST-0464,08/10/2020,Completed,Marketplace,15.68,0.11,Europe,Netherlands
ORD-04253,CUST-0010,2023-03-18,Refunded,Partner Portal,21.97,0.29,LATAM,Chile
ORD-04254,CUST-0234,2024-12-24,Completed,Website,10.93,0.34,Europe,Germany
ORD-04255,CUST-0098,2020-11-07,Cancelled,Marketplace,30.71,0.12,Middle East,UAE
ORD-04256,CUST-0329,2021-07-10,Completed,Partner Portal,32.81,0.17,Latin America,Colombia
ORD-04257,CUST-0265,2021-12-12,Completed,Mobile App,14.45,0.04,North America,United States
ORD-04258,CUST-0100,2024-01-17,Completed,Phone,35.7,1.41,Europe,United Kingdom
ORD-04259,CUST-0225,"February 1, 2023",Cancelled,In-Store,2.35,0.35,North America,Canada
ORD-04260,CUST-0233,2020-01-05,Cancelled,Mobile App,23.06,0.03,Europe,Germany
ORD-04261,CUST-0049,"December 10, 2024",completed,In-Store,$12.71,0.16,Europe ,United Kingdom
ORD-04262,CUST-0027,2024-10-02,Completed,Website,32.81,0,Africa,South Africa
ORD-04263,CUST-0153,2023-05-10,Cancelled,Website,17.46,0.03,North America,United States
ORD-04264,CUST-0147,2023-02-23,Completed,Marketplace,28.84,0.21,Latin America,Brazil
ORD-04265,CUST-0350,2023-05-23,CANCELLED,Phone,15.21,1.37,AFRICA,Ghana
ORD-04266,CUST-0432,2020-07-16,Refunded,Phone,18.05,0.22,North america ,United States
ORD-04267,CUST-0019,2023-12-14,Completed,Phone,$19.03,0.26,Asia Pacific,India
ORD-04268,CUST-0236,2020-12-27,Cancelled,,1.77,0.28,middle east,Qatar
ORD-04269,CUST-0017,03/14/2023,Refunded,,22.19,0.19,Middle East,Saudi Arabia
ORD-04270,CUST-0387,10/12/2024,Completed,Website,14.96,0.16,Middle East,Qatar
ORD-04271,CUST-0134,2022-06-28,Completed,Marketplace,$26.97,0.15,North America,United States
ORD-04272,CUST-0062,2021-07-19,Completed,Website,42.64,0.26,North America,Mexico
ORD-04273,CUST-0177,2021-10-30,Completed,,44.12,0.1,Asia Pacific,India
ORD-04274,CUST-0268,2021-11-20,Refunded,Phone,14.76,0.3,Europe,France
ORD-04275,CUST-0120,2020-10-10,Cancelled,Mobile App,31.35,0.07,Middle East,Saudi Arabia
ORD-04276,CUST-0286,2023-01-31,Completed,,16.94,0.08,Africa,South Africa
ORD-04277,CUST-0041,27/11/2023,Cancelled,Marketplace,35.94,0.2,Europe,Netherlands
ORD-04278,CUST-0019,01/02/2023,Completed,In-Store,37.52,0.2,Asia Pacific,India
ORD-04279,CUST-0027,2021-01-21,Refunded,Mobile App,32.01,0.19,Africa,South Africa
ORD-04280,CUST-0156,2024-02-12,Completed,Mobile App,22.12,0.02,African Region,Nigeria
ORD-04281,CUST-0363,2020-01-06,Pending,Partner Portal,33.9,0.03,Africa,Kenya
ORD-04282,CUST-0175,2024-03-18,Refunded,Partner Portal,42.65,0.26,Africa,Ghana
ORD-04283,CUST-0231,13/07/2023,Refunded,Mobile App,20.44,0,Asia Pacific,India
ORD-04284,CUST-0178,2022-11-07,Cancelled,,12.38,0.21,Latin America,Argentina
ORD-04285,CUST-0305,2021-01-30,Refunded,Marketplace,$44.91,0.34,North America,United States
ORD-04286,CUST-0195,2022-12-08,Completed,Mobile App,42.41,0.3,Africa,Nigeria
ORD-04287,CUST-0030,2024-06-12,Refunded,Website,30.21,0.08,Apac,India
ORD-04288,CUST-0201,1 April 2022,Pending,Mobile App,36.24,0.32,Africa,Nigeria
ORD-04289,CUST-0207,2020-03-05,Completed,Marketplace,4.78,0.28,Europe,United Kingdom
ORD-04290,CUST-0130,04/09/2023,Completed,Mobile App,28.78,0.23,Middle East,UAE
ORD-04291,CUST-0061,2022-08-14,Cancelled,In-Store,5.22,0.19,Africa,Ghana
ORD-04292,CUST-0067,2023-08-05,Completed,Marketplace,25.13,0.21,Africa,Ghana
ORD-04293,CUST-0153,2020-03-27,Completed,Mobile App,20.4,0.02,N. America,United States
ORD-04294,CUST-0264,22 March 2024,PENDING,Marketplace,$16.39,0.12,Europe,United Kingdom
ORD-04295,CUST-0214,30/05/2022,Refunded,Website,7.29,0.33,Middle East,UAE
ORD-04296,CUST-0168,2023-12-06,Completed,Phone,2.39,0.07,North America,Canada
ORD-04297,CUST-0057,2022-11-25,Completed,Partner Portal,28.48,0.14,Africa,Ghana
ORD-04298,CUST-0041,2020-11-30,Cancelled,In-Store,4.64,0.2,europe,Netherlands
ORD-04299,CUST-0231,2024-04-01,Completed,Mobile App,39.33,0.06,Asia Pacific,India
ORD-04300,CUST-0200,2024-11-24,REFUNDED,Partner Portal,33.7,0.33,North America,United States
ORD-04301,CUST-0321,2020-05-25,Completed,Marketplace,28.59,0.01,Europe,United Kingdom
ORD-04302,CUST-0133,07/03/2022,Pending,Mobile App,40.31,0.3,African Region,Ghana
ORD-04303,CUST-0358,2023-09-07,Cancelled,In-Store,11.45,0.2,Asia Pacific,India
ORD-04304,CUST-0133,2022-04-15,Completed,Mobile App,1.82,0.18,Africa,Ghana
ORD-04305,CUST-0087,"November 24, 2023",Completed,Marketplace,41.78,1.32,Asia Pacific,Australia
ORD-04306,CUST-0303,2024-08-31,Completed,Website,$41.72,0.22,Middle East,Qatar
ORD-04307,CUST-0008,2023-09-23,Completed,Website,17.29,0.22,Latin America,Chile
ORD-04308,CUST-0082,2020-05-12,Completed,Phone,39.33,0.33,Africa,South Africa
ORD-04309,CUST-0377,2023-05-25,Cancelled,Marketplace,21.34,0.07,ME,Qatar
ORD-04310,CUST-0164,9 August 2024,Pending,Partner Portal,24.89,0.29,North America,Mexico
ORD-04311,CUST-0125,2020-11-24,Completed,Partner Portal,8.65,0.05,Africa,Ghana
ORD-04312,CUST-0371,07/29/2020,Completed,Website,8.09,0.07,North America,United States
ORD-04313,CUST-0028,"February 18, 2020",Completed,In-Store,23.12,0.11,Middle East,Saudi Arabia
ORD-04314,CUST-0292,2023-12-10,Completed,Phone,8.15,0.2,Europe,France
ORD-04315,CUST-0187,2024-10-19,Cancelled,Mobile App,40.73,0.25,North America,Canada
ORD-04316,CUST-0262,2024-09-11,Completed,Mobile App,$29.58,0.24,North America,Canada
ORD-04317,CUST-0006,2022-05-12,Completed,Website,7.38,0.23,Asia Pacific,South Korea
ORD-04318,CUST-0467,2024-04-21,Cancelled,Marketplace,$27.06,0.28,Middle East,Qatar
ORD-04319,CUST-0461,2021-12-12,Completed,In-Store,$33.99,0.01,Middle East,Qatar
ORD-04320,CUST-0023,2022-01-03,pending,Partner Portal,3.52,0.23,Middle East,Saudi Arabia
ORD-04321,CUST-0352,2024-12-09,REFUNDED,Mobile App,38.29,0.33,Europe,France
ORD-04322,CUST-0278,2021-09-19,Completed,Partner Portal,11.79,0.09,North America,United States
ORD-04323,CUST-0442,2021-02-20,Pending,Mobile App,39.6,0.16,North America,United States
ORD-04324,CUST-0132,07/17/2024,Completed,Partner Portal,31.56,0.29,African Region,South Africa
ORD-04325,CUST-0364,2023-03-04,Cancelled,Marketplace,$4.18,0.33,Africa,Nigeria
ORD-04326,CUST-0208,2022-09-27,Completed,In-Store,17.12,0.16,Europe,Germany
ORD-04327,CUST-0425,2023-04-02,Refunded,Marketplace,8.98,0.17,North America,Canada
ORD-04328,CUST-0066,01/29/2024,Refunded,Mobile App,6.28,0.08,Asia Pacific,South Korea
ORD-04329,CUST-0144,2020-06-05,pending,Partner Portal,$4.19,0.18,Asia Pacific,Japan
ORD-04330,CUST-0194,2024-01-11,COMPLETED,Marketplace,37.95,0.17,Asia Pacific,Australia
ORD-04331,CUST-0049,2024-06-08,Completed,In-Store,34.9,0.2,Europe,United Kingdom
ORD-04332,CUST-0158,17 May 2023,Refunded,In-Store,29.14,0.04,Middle East,Saudi Arabia
ORD-04333,CUST-0091,15/01/2022,Completed,Website,22.52,0.16,africa,Ghana
ORD-04334,CUST-0152,2022-03-04,PENDING,Website,6.24,0.22,Middle East,Saudi Arabia
ORD-04335,CUST-0096,28 March 2022,Refunded,In-Store,10.23,0.12,Middle East,UAE
ORD-04336,CUST-0337,2023-03-31,Completed,Website,21.7,0.15,Middle East,UAE
ORD-04337,CUST-0179,2020-12-14,Completed,Phone,41.81,0.04,Middle East,Qatar
ORD-04338,CUST-0377,03/05/2020,Completed,Marketplace,$35.82,0.31,Middle East,Qatar
ORD-04339,CUST-0280,2022-02-07,Refunded,Partner Portal,18.72,0.34,Latin America,Colombia
ORD-04340,CUST-0322,2021-08-11,Refunded,Website,29.06,0.07,Africa,Ghana
ORD-04341,CUST-0140,2023-03-12,Completed,Partner Portal,22.52,0.09,LatAm,Brazil
ORD-04342,CUST-0147,08/10/2022,Refunded,Marketplace,16.69,0.13,Latin America,Brazil
ORD-04343,CUST-0092,2024-01-27,Pending,,4.39,0.05,Latin America,Brazil
ORD-04344,CUST-0468,2021-01-26,Pending,In-Store,34.75,0.09,North America,Canada
ORD-04345,CUST-0242,2024-10-13,Completed,In-Store,35.43,0.04,Asia Pacific,India
ORD-04346,CUST-0244,2021-07-01,Completed,In-Store,24.94,1.21,North America,Mexico
ORD-04347,CUST-0243,2020-05-21,Refunded,Website,19.94,0.29,Europe,Netherlands
ORD-04348,CUST-0124,2022-03-20,Completed,Mobile App,5,0.15,Latin America,Argentina
ORD-04349,CUST-0131,13/06/2024,Completed,,9.35,0.29,North America,Canada
ORD-04350,CUST-0013,2024-02-28,Refunded,Partner Portal,$38.49,0.22,Latin America,Brazil
ORD-04351,CUST-0188,2023-09-10,cancelled,Phone,42.53,0.34,Africa,South Africa
ORD-04352,CUST-0067,2023-05-21,Cancelled,Phone,39.32,0.26,Africa,Ghana
ORD-04353,CUST-0082,2022-11-07,Completed,Partner Portal,43.81,0.29,Africa,South Africa
ORD-04354,CUST-0388,2024-05-04,Refunded,Mobile App,22.89,1.12,Asia Pacific,South Korea
ORD-04355,CUST-0294,2022-06-08,Completed,,20.8,0.25,Africa,Nigeria
ORD-04356,CUST-0270,2024-04-25,Refunded,Phone,24.38,0.29,Middle East,Qatar
ORD-04357,CUST-0191,04/05/2022,Completed,Website,23.12,0.34,North America,Canada
ORD-04358,CUST-0478,2023-12-22,Completed,Mobile App,6.01,0.27,North America,Mexico
ORD-04359,CUST-0308,02/11/2023,Refunded,Partner Portal,$16.08,0.2,Europe ,Sweden
ORD-04360,CUST-0074,2023-10-03,Completed,Marketplace,34.09,0.16,Africa,Nigeria
ORD-04361,CUST-0234,2024-03-31,Refunded,Website,36.69,0.1,Europe ,Germany
ORD-04362,CUST-0395,2020-01-17,Cancelled,Partner Portal,35.87,0.35,Middle East,Qatar
ORD-04363,CUST-0387,"March 11, 2020",Completed,Mobile App,$0.21,0.28,Middle East,Qatar
ORD-04364,CUST-0397,"March 1, 2020",Completed,Phone,5.65,0,Latin America,Argentina
ORD-04365,CUST-0128,2 December 2021,Completed,Marketplace,19.52,0.35,North America,United States
ORD-04366,CUST-0303,2021-05-08,Refunded,Marketplace,9.15,0.04,Middle East,Qatar
ORD-04367,CUST-0224,2021-03-21,Completed,,2.53,0.22,Europe,Germany
ORD-04368,CUST-0174,2020-08-28,Completed,Partner Portal,$37.72,0.09,Europe,Spain
ORD-04369,CUST-0470,2022-02-09,Cancelled,Website,3.28,0.27,Asia Pacific,Japan
ORD-04370,CUST-0046,24 February 2024,Completed,Mobile App,41.32,0.07,Asia Pacific,Japan
ORD-04371,CUST-0144,2023-12-19,Cancelled,Marketplace,24.59,0.21,Apac,Japan
ORD-04372,CUST-0473,1 March 2020,Refunded,Phone,37.35,0.11,Europe,France
ORD-04373,CUST-0082,2023-02-01,Completed,Website,34.87,0.35,Africa,South Africa
ORD-04374,CUST-0109,2023-01-14,Completed,Phone,17.61,0.18,Latin America ,Chile
ORD-04375,CUST-0089,2020-01-18,Cancelled,Marketplace,42.62,0.29,Europe,Sweden
ORD-04376,CUST-0211,30/09/2021,Cancelled,In-Store,14.69,0.29,middle east,UAE
ORD-04377,CUST-0199,2024-09-09,Completed,Partner Portal,36.71,0.32,Europe,United Kingdom
ORD-04378,CUST-0091,2020-06-22,Refunded,In-Store,42.24,0.14,africa,Ghana
ORD-04379,CUST-0311,2023-10-10,Completed,Phone,40.72,0.15,Asia Pacific,Japan
ORD-04380,CUST-0297,2024-09-13,Pending,Phone,$18.78,0.31,Middle East,Qatar
ORD-04381,CUST-0033,04/02/2021,Completed,Website,42.07,0.31,Middle East,Qatar
ORD-04382,CUST-0214,2024-04-24,Refunded,Marketplace,15.97,0.01,Middle East,UAE
ORD-04383,CUST-0388,2022-11-26,Cancelled,Website,$13.88,0.3,Asia Pacific,South Korea
ORD-04384,CUST-0217,2024-10-16,Completed,Website,13.45,0.06,Middle East,UAE
ORD-04385,CUST-0086,2022-08-23,Completed,Marketplace,2.03,0.23,Europe,Spain
ORD-04386,CUST-0460,2020-03-10,Completed,Partner Portal,0.54,0.32,Europe,Netherlands
ORD-04387,CUST-0103,2022-05-27,Completed,,4.11,0.01,North America,Canada
ORD-04388,CUST-0220,28 March 2022,Completed,,40.34,0.09,North America,United States
ORD-04389,CUST-0278,04/25/2021,Refunded,In-Store,7.64,0.01,North America,United States
ORD-04390,CUST-0050,2021-09-25,Completed,In-Store,31.81,0.34,Latin America,Chile
ORD-04391,CUST-0212,2022-12-30,Completed,Phone,14.95,0.21,Middle East,Saudi Arabia
ORD-04392,CUST-0226,03/13/2024,Completed,Marketplace,25.74,0.29,Africa,Nigeria
ORD-04393,CUST-0126,04/10/2022,Refunded,Phone,16.5,0.18,Latin America,Argentina
ORD-04394,CUST-0011,09/17/2022,Completed,Marketplace,24.82,0.08,north america,Canada
ORD-04395,CUST-0370,2024-12-22,Pending,,17.06,0.33,North America,United States
ORD-04396,CUST-0116,2021-02-01,Cancelled,Mobile App,$21.93,0.34,Latin America,Chile
ORD-04397,CUST-0105,2021-01-02,Refunded,Phone,11.06,0.28,North America,Canada
ORD-04398,CUST-0182,2023-12-28,refunded,Phone,3.14,1.35,Latin America,Colombia
ORD-04399,CUST-0479,2023-04-26,Completed,In-Store,1.91,0.06,Latin America,Argentina
ORD-04400,CUST-0009,8 July 2020,Pending,Partner Portal,9.51,0.28,Europe,United Kingdom
ORD-04401,CUST-0466,04/12/2021,Completed,Partner Portal,26.33,0.19,Europe,Spain
ORD-04402,CUST-0195,2020-04-02,Completed,Mobile App,15.49,0.01,Africa,Nigeria
ORD-04403,CUST-0414,20/12/2021,Completed,Phone,5.67,0.32,NA Region,Canada
ORD-04404,CUST-0206,2020-08-01,Pending,Marketplace,15.56,0.08,Eur,Netherlands
ORD-04405,CUST-0292,2020-05-01,Completed,In-Store,24.27,0.15,Europe,France
ORD-04406,CUST-0312,29/09/2024,Cancelled,Marketplace,44.01,0.11,Europe,Spain
ORD-04407,CUST-0080,2021-05-08,COMPLETED,Partner Portal,15.57,0.16,Europe,United Kingdom
ORD-04408,CUST-0387,2024-03-18,Cancelled,In-Store,10.44,0.07,Middle East,Qatar
ORD-04409,CUST-0043,2021-10-17,Refunded,In-Store,11.42,0.21,ME,UAE
ORD-04410,CUST-0328,2023-11-25,Refunded,Marketplace,41.31,0.22,Middle East,UAE
ORD-04411,CUST-0273,2020-01-08,Completed,,10.46,0.09,Latin America,Brazil
ORD-04412,CUST-0003,22/01/2023,Completed,In-Store,17.17,0.14,Latin America,Colombia
ORD-04413,CUST-0409,2022-10-31,Completed,,0.89,0.28,North America,United States
ORD-04414,CUST-0234,2021-09-27,Refunded,Partner Portal,26.77,0.07,Europe,Germany
ORD-04415,CUST-0059,2024-04-09,Cancelled,Website,17.73,0.05,north america,Mexico
ORD-04416,CUST-0410,2020-03-08,Completed,Partner Portal,1.65,0.05,Latin America,Brazil
ORD-04417,CUST-0055,2024-06-23,Completed,,$40.64,0.14,North America,Canada
ORD-04418,CUST-0182,2020-08-22,Pending,In-Store,40.59,0.35,Latin America,Colombia
ORD-04419,CUST-0153,2022-06-11,Refunded,Partner Portal,6.07,0.03,North America,United States
ORD-04420,CUST-0239,2022-05-07,Refunded,Marketplace,18.54,0,Africa ,Kenya
ORD-04421,CUST-0244,2023-02-23,Refunded,Mobile App,$30.37,0.07,North America,Mexico
ORD-04422,CUST-0465,2022-08-05,Pending,Mobile App,16.01,0.32,Asia Pacific,India
ORD-04423,CUST-0234,"June 8, 2024",COMPLETED,Partner Portal,37.78,0.02,Europe,Germany
ORD-04424,CUST-0258,2024-08-12,COMPLETED,Marketplace,43.77,0.24,Asia Pacific,Singapore
ORD-04425,CUST-0167,2024-11-02,Cancelled,Phone,6.94,0.24,North America,United States
ORD-04426,CUST-0433,2024-03-10,Completed,Website,3.01,0.32,Latin America,Argentina
ORD-04427,CUST-0258,2024-04-09,Pending,Website,37.46,0.23,Asia-Pacific,Singapore
ORD-04428,CUST-0105,2021-10-24,Completed,Phone,28.77,0.01,North America,Canada
ORD-04429,CUST-0383,2020-12-02,completed,Website,8.96,0.25,Africa,Ghana
ORD-04430,CUST-0442,2022-12-18,Completed,Marketplace,$26.28,0.33,North America,United States
ORD-04431,CUST-0266,2023-12-30,Completed,Marketplace,13.85,0.22,Asia Pacific,Japan
ORD-04432,CUST-0401,2022-03-24,Refunded,Partner Portal,41.61,0.23,Middle East,Qatar
ORD-04433,CUST-0372,2024-10-15,Cancelled,Marketplace,20.46,0.34,Latin America,Chile
ORD-04434,CUST-0167,2020-07-06,Completed,Website,34.22,0.17,North America,United States
ORD-04435,CUST-0084,2024-08-30,Cancelled,Phone,4.97,0.18,North America,United States
ORD-04436,CUST-0432,2022-10-16,Completed,Mobile App,$40.53,0.1,North America,United States
ORD-04437,CUST-0099,2023-05-06,Cancelled,In-Store,18.05,0.2,Latin America,Chile
ORD-04438,CUST-0393,2024-01-18,Completed,Phone,18.4,0.29,ME,UAE
ORD-04439,CUST-0243,2021-12-26,Completed,,19.99,0.34,Europe,Netherlands
ORD-04440,CUST-0220,7 June 2022,Cancelled,Website,34.63,0,North America,United States
ORD-04441,CUST-0316,2022-06-13,Completed,Mobile App,7.42,0.2,Africa,Kenya
ORD-04442,CUST-0358,2022-05-03,Cancelled,Mobile App,24.26,0.32,Asia Pacific,India
ORD-04443,CUST-0386,2022-07-18,Completed,,8.87,0.04,Latin America,Chile
ORD-04444,CUST-0396,2022-02-27,Pending,Mobile App,31.27,0.35,Asia Pacific,India
ORD-04445,CUST-0258,2022-11-13,Completed,Marketplace,37.13,0.2,Asia Pacific,Singapore
ORD-04446,CUST-0321,2024-10-10,Completed,Phone,13.33,0.19,Europe,United Kingdom
ORD-04447,CUST-0379,29 March 2021,Refunded,Website,8.06,0.32,Europe,United Kingdom
ORD-04448,CUST-0418,2024-04-25,Completed,Mobile App,7.58,0.29,Asia Pacific,Singapore
ORD-04449,CUST-0335,2022-10-20,Cancelled,Mobile App,15.55,0.34,Europe,Germany
ORD-04450,CUST-0425,2020-05-06,Cancelled,Partner Portal,6.26,0.26,North America,Canada
ORD-04451,CUST-0136,2020-12-13,Pending,In-Store,$20.32,0.28,Europe,Sweden
ORD-04452,CUST-0029,2020-01-12,Completed,Mobile App,33.27,0.34,Middle East,Saudi Arabia
ORD-04453,CUST-0320,2022-04-22,Completed,Marketplace,17.98,0.14,Middle East,UAE
ORD-04454,CUST-0077,2024-11-28,Completed,In-Store,9.13,1.1,Asia Pacific,Australia
ORD-04455,CUST-0451,2021-06-08,Completed,Phone,31.53,0.05,Middle East,Qatar
ORD-04456,CUST-0261,06/11/2023,Pending,Partner Portal,15.16,0.04,africa,Ghana
ORD-04457,CUST-0107,2021-08-11,Refunded,Partner Portal,36.5,0.33,Middle East,Saudi Arabia
ORD-04458,CUST-0327,2022-02-07,Refunded,Partner Portal,37.61,0.07,Middle East,Saudi Arabia
ORD-04459,CUST-0201,2022-12-31,Refunded,Partner Portal,29.3,0.09,Africa,Nigeria
ORD-04460,CUST-0341,"July 24, 2024",Pending,,38.67,0.35,Middle East,UAE
ORD-04461,CUST-0265,2021-08-09,Pending,In-Store,15.43,0.25,North America,United States
ORD-04462,CUST-0173,2023-12-05,Completed,Partner Portal,17.81,0.28,Europe,United Kingdom
ORD-04463,CUST-0395,2021-03-04,REFUNDED,Marketplace,40.24,0.19,Middle East,Qatar
ORD-04464,CUST-0301,2023-02-22,Refunded,,9.43,0.15,North America,United States
ORD-04465,CUST-0241,2020-10-15,Refunded,Mobile App,$32.58,0.34,Europe,Germany
ORD-04466,CUST-0051,2021-07-16,Completed,Marketplace,21.03,0.05,Middle East,Qatar
ORD-04467,CUST-0374,23 February 2023,Completed,Mobile App,8.91,0.27,Europe,France
ORD-04468,CUST-0144,2024-11-15,Refunded,Phone,30.37,0.11,Asia-Pacific,Japan
ORD-04469,CUST-0387,2021-08-13,Refunded,Website,24.39,0.12,Middle East ,Qatar
ORD-04470,CUST-0222,2022-10-24,Completed,Website,27.45,0.19,Asia-Pacific,India
ORD-04471,CUST-0128,2022-05-04,Pending,Marketplace,28.82,0.22,North America,United States
ORD-04472,CUST-0126,2023-10-11,Pending,In-Store,13.28,0.14,Latin America,Argentina
ORD-04473,CUST-0283,2020-08-14,Completed,Marketplace,26.81,0.02,Middle East,Saudi Arabia
ORD-04474,CUST-0274,19/03/2020,Completed,Mobile App,$10.94,0.15,North America,Canada
ORD-04475,CUST-0289,2024-03-12,Completed,Partner Portal,43.45,0.29,europe,Netherlands
ORD-04476,CUST-0352,2022-07-27,Completed,In-Store,25.5,0.12,Europe,France
ORD-04477,CUST-0253,2024-11-01,Completed,Marketplace,16.46,0.17,Africa,Nigeria
ORD-04478,CUST-0015,2024-11-29,Cancelled,Phone,25.98,0.1,Africa,Nigeria
ORD-04479,CUST-0208,2021-02-21,Refunded,Marketplace,28.04,0.01,Europe,Germany
ORD-04480,CUST-0382,13/08/2020,Completed,Website,13.52,0.15,Latin America,Brazil
ORD-04481,CUST-0363,2024-10-13,Refunded,Mobile App,8.04,0.25,Africa,Kenya
ORD-04482,CUST-0107,2024-07-08,completed,Partner Portal,13.44,0.26,Middle East,Saudi Arabia
ORD-04483,CUST-0015,2023-12-01,Cancelled,Marketplace,2.87,0.33,Africa,Nigeria
ORD-04484,CUST-0117,2020-05-04,Refunded,In-Store,19.29,0.23,europe,Germany
ORD-04485,CUST-0450,2021-11-22,Cancelled,Marketplace,26.15,0,European Region,France
ORD-04486,CUST-0113,2023-10-19,Completed,Marketplace,5.95,1.26,North America,United States
ORD-04487,CUST-0367,2023-04-16,Completed,In-Store,29.75,0.23,Middle East,UAE
ORD-04488,CUST-0378,2024-02-18,Refunded,In-Store,39.82,0.3,Middle East,Saudi Arabia
ORD-04489,CUST-0287,2024-12-07,Completed,Mobile App,30.93,0.04,North america ,Canada
ORD-04490,CUST-0432,2024-11-13,Completed,Marketplace,24.75,0.24,North America,United States
ORD-04491,CUST-0405,06/06/2021,Cancelled,Phone,31.87,0.1,Asia Pacific,Japan
ORD-04492,CUST-0372,03/30/2022,cancelled,Website,31.96,0.06,Latin America,Chile
ORD-04493,CUST-0105,07/28/2020,Completed,In-Store,26.75,0.2,North america ,Canada
ORD-04494,CUST-0320,2023-11-30,Refunded,Mobile App,11.66,0.02,Middle East ,UAE
ORD-04495,CUST-0079,2024-09-17,Completed,Phone,$27.43,0.33,Africa,South Africa
ORD-04496,CUST-0422,08/06/2022,Cancelled,Marketplace,8.1,0.02,North America,Canada
ORD-04497,CUST-0015,2022-01-29,Completed,Website,11.08,0.23,African Region,Nigeria
ORD-04498,CUST-0297,2021-03-03,Refunded,In-Store,33.51,0.15,Middle East,Qatar
ORD-04499,CUST-0206,2020-03-04,Cancelled,In-Store,2.45,1.34,Europe,Netherlands
ORD-04500,CUST-0461,06/07/2022,Completed,,22.32,0.34,Middle East,Qatar
ORD-04501,CUST-0084,2023-11-22,Completed,Partner Portal,$2.38,0.07,North America,United States
ORD-04502,CUST-0291,9 April 2024,Pending,In-Store,11.77,0.25,Middle East,UAE
ORD-04503,CUST-0284,2023-07-27,Pending,Website,37.47,0.17,North America,United States
ORD-04504,CUST-0181,2021-12-20,Completed,,38.2,0,North America,Mexico
ORD-04505,CUST-0016,2022-02-15,Completed,In-Store,27.8,0.29,North America,Mexico
ORD-04506,CUST-0307,03/03/2023,Refunded,Partner Portal,12.52,0.13,North America,Canada
ORD-04507,CUST-0282,2021-06-17,Completed,Website,20.01,0.15,Latin America,Argentina
ORD-04508,CUST-0444,2024-03-22,Pending,Website,23.64,0.03,Asia Pacific,Singapore
ORD-04509,CUST-0349,2020-06-09,Cancelled,Mobile App,25.14,0.17,Asia Pacific,South Korea
ORD-04510,CUST-0361,2021-09-11,Completed,Partner Portal,36.4,0.08,Latin America,Brazil
ORD-04511,CUST-0206,2020-07-20,Completed,Mobile App,24.61,0.03,europe,Netherlands
ORD-04512,CUST-0166,2024-08-11,Pending,In-Store,15.03,0.27,Latin America,Argentina
ORD-04513,CUST-0152,2023-11-08,REFUNDED,In-Store,36.47,0.08,Middle East,Saudi Arabia
ORD-04514,CUST-0068,03/24/2022,Completed,Partner Portal,$26.47,0.25,Europe,Sweden
ORD-04515,CUST-0031,2021-11-23,Completed,,27.68,0.18,NA Region,Mexico
ORD-04516,CUST-0180,2024-09-08,Refunded,Phone,13.57,0.23,North America,Mexico
ORD-04517,CUST-0382,2023-12-14,Completed,In-Store,39.45,0.34,Latin America,Brazil
ORD-04518,CUST-0352,04/21/2024,Refunded,Marketplace,33.71,0.01,Europe,France
ORD-04519,CUST-0056,2023-02-06,Refunded,Marketplace,22.36,1.37,Asia Pacific,Singapore
ORD-04520,CUST-0258,2024-06-21,Completed,Phone,5.63,0.02,Asia Pacific,Singapore
ORD-04521,CUST-0168,2023-11-22,Refunded,Website,35.97,0.03,North America,Canada
ORD-04522,CUST-0003,2022-09-12,Completed,In-Store,9.08,0.09,Latin America,Colombia
ORD-04523,CUST-0329,2024-01-08,Refunded,In-Store,4.29,0.18,Latin America,Colombia
ORD-04524,CUST-0343,19/04/2022,Completed,Mobile App,17.27,0.21,European Region,France
ORD-04525,CUST-0062,2022-09-07,Cancelled,Phone,19.63,0.21,North America,Mexico
ORD-04526,CUST-0184,16 December 2022,Pending,Phone,40.06,0.14,Africa,South Africa
ORD-04527,CUST-0117,07/31/2020,Completed,Phone,35.57,0.04,Europe,Germany
ORD-04528,CUST-0142,2022-01-18,Pending,Mobile App,4.98,0.2,Asia Pacific,Singapore
ORD-04529,CUST-0042,2022-03-24,Cancelled,Marketplace,31.1,0.11,Africa,Kenya
ORD-04530,CUST-0097,2024-09-21,Pending,Phone,39.91,0.03,European Region,Netherlands
ORD-04531,CUST-0329,2023-12-25,Completed,Website,13.1,0.15,Latin America,Colombia
ORD-04532,CUST-0002,2024-05-19,Cancelled,Website,9.09,0.12,Mid East,Qatar
ORD-04533,CUST-0433,2024-09-18,Cancelled,Mobile App,29.42,0.35,Latin America,Argentina
ORD-04534,CUST-0129,2020-05-29,Refunded,Mobile App,15.8,0.19,North America,Mexico
ORD-04535,CUST-0086,23 November 2024,Pending,Website,39.48,0.07,Europe,Spain
ORD-04536,CUST-0314,2021-08-06,Cancelled,Mobile App,6.46,0.31,North America,United States
ORD-04537,CUST-0203,07/30/2020,Refunded,Website,27.35,0.27,North America,Mexico
ORD-04538,CUST-0051,2024-02-26,Refunded,Partner Portal,9.7,0.19,Middle East,Qatar
ORD-04539,CUST-0396,2021-05-25,Pending,Website,1.98,0.35,Asia Pacific,India
ORD-04540,CUST-0171,"October 4, 2020",Completed,Mobile App,16.18,0.31,Europe,Netherlands
ORD-04541,CUST-0057,2021-07-08,Completed,Phone,30.61,0.2,Africa,Ghana
ORD-04542,CUST-0168,2022-06-20,Pending,,5.24,0.18,North America,Canada
ORD-04543,CUST-0351,2021-06-16,completed,Website,31.8,1.3,EUROPE,Spain
ORD-04544,CUST-0046,2023-01-09,Refunded,Partner Portal,27.73,0.08,Asia Pacific,Japan
ORD-04545,CUST-0072,2021-12-09,Pending,Mobile App,5.88,0.12,Latin America,Colombia
ORD-04546,CUST-0293,2021-02-14,Refunded,Partner Portal,25.04,1.48,Europe,Spain
ORD-04547,CUST-0057,2021-09-29,Completed,Website,37.99,0.04,Africa,Ghana
ORD-04548,CUST-0257,2020-05-21,REFUNDED,Phone,33.06,0.25,Europe,France
ORD-04549,CUST-0270,2020-05-06,Pending,In-Store,12.56,0.02,Middle East,Qatar
ORD-04550,CUST-0131,2021-02-15,Refunded,Partner Portal,$13.86,0.21,North America,Canada
ORD-04551,CUST-0270,2021-02-02,Completed,In-Store,14.49,0.08,Middle East,Qatar
ORD-04552,CUST-0262,2023-01-22,Cancelled,Partner Portal,12.3,0.15,North America,Canada
ORD-04553,CUST-0233,2021-05-16,Completed,Marketplace,20.03,0.13,Europe,Germany
ORD-04554,CUST-0032,2021-03-27,Completed,Phone,27.25,0.14,Europe,Netherlands
ORD-04555,CUST-0471,2021-08-05,Refunded,Website,18.56,0.24,Latin America,Brazil
ORD-04556,CUST-0213,2022-11-10,completed,Partner Portal,15.83,0.09,Middle East,Qatar
ORD-04557,CUST-0281,2024-12-11,Completed,In-Store,22.65,0.24,latin america,Colombia
ORD-04558,CUST-0182,2023-08-23,Pending,Marketplace,$15.30,0.1,Latin America,Colombia
ORD-04559,CUST-0002,3 December 2020,Completed,Phone,30.12,0.14,Middle East,Qatar
ORD-04560,CUST-0101,2021-07-01,Pending,Mobile App,1.66,0.3,Middle East,Qatar
ORD-04561,CUST-0045,2024-06-11,Completed,Phone,18.46,0.07,Latin America,Colombia
ORD-04562,CUST-0371,2023-12-03,Completed,Website,36.08,0.14,North America,United States
ORD-04563,CUST-0414,2020-03-29,Completed,Marketplace,28.14,0.24,North America,Canada
ORD-04564,CUST-0435,3 May 2021,Cancelled,Website,42.06,0.2,Asia Pacific,India
ORD-04565,CUST-0123,2020-03-30,Cancelled,Website,16.09,0.23,Asia Pacific,Singapore
ORD-04566,CUST-0397,2022-01-07,Completed,Partner Portal,12.38,0.03,Latin America,Argentina
ORD-04567,CUST-0156,2021-07-22,Pending,Website,2.09,0.2,African Region,Nigeria
ORD-04568,CUST-0256,2020-07-26,REFUNDED,Website,36.54,0.07,Europe,Netherlands
ORD-04569,CUST-0302,2022-04-09,Cancelled,Website,$22.40,0.29,Asia Pacific,Australia
ORD-04570,CUST-0191,2024-10-26,Completed,Website,27.92,0.03,North America,Canada
ORD-04571,CUST-0154,03/21/2024,Completed,Partner Portal,8.66,0.09,Africa,Nigeria
ORD-04572,CUST-0001,2024-02-07,Completed,In-Store,9.21,0.31,LatAm,Argentina
ORD-04573,CUST-0091,2023-09-25,cancelled,Partner Portal,18.3,0.01,Africa ,Ghana
ORD-04574,CUST-0129,2022-12-27,Completed,Mobile App,7.04,0.02,North America,Mexico
ORD-04575,CUST-0385,2023-07-21,Cancelled,Partner Portal,21.43,0.12,ME,Saudi Arabia
ORD-04576,CUST-0361,2020-09-28,Completed,Mobile App,1.84,0.32,Latin America,Brazil
ORD-04577,CUST-0261,2023-12-12,Completed,Website,27.22,0.33,Africa,Ghana
ORD-04578,CUST-0092,2020-01-02,Pending,Marketplace,19.53,0.05,Latin America,Brazil
ORD-04579,CUST-0191,12 April 2022,Refunded,,11,0.19,North America,Canada
ORD-04580,CUST-0302,2023-01-08,Refunded,Marketplace,34.95,0.01,Asia Pacific,Australia
ORD-04581,CUST-0213,2020-05-18,Completed,Mobile App,18.15,0.08,Middle East,Qatar
ORD-04582,CUST-0339,2021-09-08,Refunded,In-Store,3.21,0.24,AFRICA,South Africa
ORD-04583,CUST-0274,2022-05-30,Pending,Website,26.63,0.15,NA Region,Canada
ORD-04584,CUST-0306,2023-06-18,Completed,In-Store,32.98,0.12,Europe,Spain
ORD-04585,CUST-0085,2023-03-24,Completed,Website,42.15,0.03,Middle East,UAE
ORD-04586,CUST-0144,2022-06-14,Refunded,Marketplace,28.39,0.08,Asia Pacific,Japan
ORD-04587,CUST-0161,2 April 2022,Completed,In-Store,9,0.22,NA Region,Mexico
ORD-04588,CUST-0015,2021-06-08,Completed,Website,22.91,0.32,Africa,Nigeria
ORD-04589,CUST-0372,"March 7, 2024",Cancelled,Phone,41.37,0.27,Latin America ,Chile
ORD-04590,CUST-0361,2020-09-15,Pending,Partner Portal,5.18,0.23,LatAm,Brazil
ORD-04591,CUST-0204,2022-07-31,Completed,Website,28.58,0.13,Africa,South Africa
ORD-04592,CUST-0181,2020-04-03,Completed,,15.68,0.2,North America,Mexico
ORD-04593,CUST-0234,2024-07-16,Cancelled,Partner Portal,4.31,0.05,EUROPE,Germany
ORD-04594,CUST-0051,2021-04-05,COMPLETED,Partner Portal,27.18,0.25,Middle East,Qatar
ORD-04595,CUST-0054,2023-05-23,CANCELLED,Website,23.23,0.32,Africa,Ghana
ORD-04596,CUST-0003,2024-02-15,Cancelled,Website,18.68,0.17,Latin America,Colombia
ORD-04597,CUST-0216,30/09/2023,Completed,In-Store,30.64,0.33,Africa,Kenya
ORD-04598,CUST-0126,2020-08-07,Refunded,Website,37.24,0.22,Latin America ,Argentina
ORD-04599,CUST-0465,2024-07-19,Completed,In-Store,44.9,0.11,Asia Pacific,India
ORD-04600,CUST-0430,2022-11-12,Refunded,Phone,0.2,0.05,Middle East,Saudi Arabia
ORD-04601,CUST-0136,"March 24, 2021",Completed,,14.63,0.03,EUROPE,Sweden
ORD-04602,CUST-0073,2020-12-02,Completed,Phone,5.3,0.16,Latin America,Argentina
ORD-04603,CUST-0182,23/12/2021,Cancelled,Website,23.73,0.32,Latin America,Colombia
ORD-04604,CUST-0045,2022-02-23,Completed,Marketplace,23.64,0.1,Latin America,Colombia
ORD-04605,CUST-0144,2021-06-13,Completed,Partner Portal,20.19,0.14,Asia Pacific,Japan
ORD-04606,CUST-0039,2022-07-04,Completed,Website,7.17,0.02,North America,Mexico
ORD-04607,CUST-0341,2023-07-08,pending,In-Store,$13.24,0.14,middle east,UAE
ORD-04608,CUST-0180,2021-07-29,Completed,Website,44.89,0.31,N. America,Mexico
ORD-04609,CUST-0279,29 January 2023,Completed,In-Store,$29.50,0.27,Latin America ,Chile
ORD-04610,CUST-0403,2023-06-08,Completed,In-Store,29.63,0.2,Africa,Kenya
ORD-04611,CUST-0418,12/14/2022,Completed,,$42.67,0.06,Asia Pacific,Singapore
ORD-04612,CUST-0080,22/09/2023,CANCELLED,Website,1.65,0.25,EUROPE,United Kingdom
ORD-04613,CUST-0356,"May 16, 2023",Completed,Marketplace,20.91,0.16,Europe,Sweden
ORD-04614,CUST-0277,03/12/2022,COMPLETED,Phone,31.54,0.17,Middle East,Saudi Arabia
ORD-04615,CUST-0093,2024-05-15,Completed,Mobile App,4.37,0.3,N. America,Canada
ORD-04616,CUST-0278,2020-04-27,Completed,In-Store,$1.65,0.27,North America,United States
ORD-04617,CUST-0177,2023-09-25,Completed,Marketplace,22.72,0.08,Asia Pacific,India
ORD-04618,CUST-0191,"November 25, 2021",Refunded,Marketplace,33.38,0.12,North America,Canada
ORD-04619,CUST-0098,2020-12-30,Pending,Marketplace,20.5,0.25,Middle East ,UAE
ORD-04620,CUST-0294,2023-07-14,Pending,Phone,34.65,0.22,Africa,Nigeria
ORD-04621,CUST-0245,2022-12-01,Pending,Phone,4.89,0.15,Europe,Sweden
ORD-04622,CUST-0393,28/07/2024,cancelled,Website,12.7,0.23,Middle East,UAE
ORD-04623,CUST-0387,07/01/2020,Completed,In-Store,9.56,0.14,Middle East,Qatar
ORD-04624,CUST-0082,16 July 2021,Completed,Mobile App,13.14,0.19,Africa,South Africa
ORD-04625,CUST-0361,06/15/2024,Completed,Marketplace,16.54,0.06,Latin America,Brazil
ORD-04626,CUST-0301,2021-08-20,Cancelled,Marketplace,20.28,0.09,North America,United States
ORD-04627,CUST-0203,2021-03-09,Completed,Partner Portal,6.14,0.12,North America,Mexico
ORD-04628,CUST-0356,2022-04-05,Completed,Website,2.33,0.05,Europe,Sweden
ORD-04629,CUST-0284,2023-09-13,Completed,In-Store,32.7,0.02,North America,United States
ORD-04630,CUST-0239,05/08/2023,Completed,Phone,34.46,0.17,Africa,Kenya
ORD-04631,CUST-0214,2024-08-28,Refunded,In-Store,6.97,0.09,Middle East,UAE
ORD-04632,CUST-0094,2022-11-01,Refunded,Mobile App,7.16,1.2,EUROPE,Germany
ORD-04633,CUST-0323,2020-04-29,Refunded,,$29.45,0.24,Europe,Spain
ORD-04634,CUST-0355,2021-02-06,Completed,Partner Portal,$36.23,0.1,Africa,Ghana
ORD-04635,CUST-0362,"October 2, 2023",Completed,Mobile App,0.67,0.26,asia pacific,India
ORD-04636,CUST-0031,03/10/2020,Pending,Mobile App,3.47,0.2,North America,Mexico
ORD-04637,CUST-0461,2023-01-24,Completed,Phone,41.4,0.17,Middle East,Qatar
ORD-04638,CUST-0075,2022-10-18,Pending,Phone,34.58,0.26,Africa,South Africa
ORD-04639,CUST-0278,2023-12-09,Completed,Website,11.89,0.09,North America,United States
ORD-04640,CUST-0197,2020-11-03,Refunded,Marketplace,$23.79,0.03,Latin America,Colombia
ORD-04641,CUST-0340,2021-02-11,Completed,Marketplace,44.03,0.22,Africa,Ghana
ORD-04642,CUST-0075,30/11/2022,Cancelled,Mobile App,$42.84,0.22,Africa,South Africa
ORD-04643,CUST-0316,05/06/2020,PENDING,Partner Portal,19.09,0.32,Africa,Kenya
ORD-04644,CUST-0156,2024-11-28,Completed,Website,2.09,0.2,Africa,Nigeria
ORD-04645,CUST-0415,2022-03-05,Completed,Phone,36.18,0.07,Asia Pacific,South Korea
ORD-04646,CUST-0417,2020-02-19,Refunded,Website,34.1,0.21,Middle East,UAE
ORD-04647,CUST-0155,2022-11-15,Cancelled,Partner Portal,32.5,0.07,North America,Mexico
ORD-04648,CUST-0341,2022-09-12,Refunded,Phone,38.84,0.1,Middle East,UAE
ORD-04649,CUST-0404,2023-11-25,completed,Website,7.85,0.15,Latin America,Colombia
ORD-04650,CUST-0226,2024-10-10,Pending,Phone,3.02,0.25,Africa,Nigeria
ORD-04651,CUST-0259,2023-08-29,Refunded,Partner Portal,12.47,0.09,North America,Mexico
ORD-04652,CUST-0005,2024-12-24,CANCELLED,Marketplace,13.06,0.02,Africa,South Africa
ORD-04653,CUST-0304,2023-11-13,Cancelled,Phone,16.07,0.23,North America,Mexico
ORD-04654,CUST-0405,2021-10-18,Pending,In-Store,37.9,0.28,Asia Pacific,Japan
ORD-04655,CUST-0123,2022-06-07,completed,Phone,9.27,0.32,Asia Pacific ,Singapore
ORD-04656,CUST-0116,2020-03-25,Pending,In-Store,43.31,0.33,Latin America,Chile
ORD-04657,CUST-0148,2020-02-13,Completed,Mobile App,3.12,0.09,Mid East,UAE
ORD-04658,CUST-0170,25/03/2022,Pending,In-Store,$16.78,0.26,North America,Mexico
ORD-04659,CUST-0071,2023-12-24,Cancelled,In-Store,8.08,0.15,Latin America,Argentina
ORD-04660,CUST-0436,12 May 2021,Completed,Partner Portal,12.63,0.32,Middle East,Qatar
ORD-04661,CUST-0417,2023-07-03,Completed,Marketplace,32.67,0.28,Middle East,UAE
ORD-04662,CUST-0004,2024-03-21,Cancelled,In-Store,41.44,0.35,Latin America,Colombia
ORD-04663,CUST-0207,2024-10-15,Completed,Partner Portal,0.17,0.15,europe,United Kingdom
ORD-04664,CUST-0456,19 August 2023,Completed,Phone,26.88,0.3,Europe,Sweden
ORD-04665,CUST-0464,2023-05-02,Completed,,25.18,0.17,Europe,Netherlands
ORD-04666,CUST-0366,2021-12-11,REFUNDED,Partner Portal,43.59,0.19,Europe ,Spain
ORD-04667,CUST-0001,2022-10-24,Completed,Phone,39.24,0.22,Latam,Argentina
ORD-04668,CUST-0181,2022-02-19,Pending,Mobile App,38.08,0.09,North America,Mexico
ORD-04669,CUST-0209,2023-01-24,Pending,Marketplace,39.01,0.13,Europe,France
ORD-04670,CUST-0316,2024-04-26,Pending,Mobile App,20.81,0.23,African Region,Kenya
ORD-04671,CUST-0012,2022-12-22,Cancelled,Website,40.48,0.12,Europe,Netherlands
ORD-04672,CUST-0170,2020-07-30,Completed,,20.87,0,North America,Mexico
ORD-04673,CUST-0145,2021-08-14,Pending,In-Store,24.34,0.34,Europe,Germany
ORD-04674,CUST-0177,2021-04-23,Pending,In-Store,28.25,0.28,Asia Pacific,India
ORD-04675,CUST-0033,2022-06-21,Completed,Phone,10.37,0.11,Middle East,Qatar
ORD-04676,CUST-0403,2022-07-03,Completed,Partner Portal,$37.49,0.28,africa,Kenya
ORD-04677,CUST-0362,2024-10-22,Refunded,Partner Portal,24.93,0.27,Asia Pacific,India
ORD-04678,CUST-0271,29/11/2020,Completed,Marketplace,22.38,0.19,Latin America,Chile
ORD-04679,CUST-0322,2021-08-25,Pending,In-Store,31.27,1.34,Africa,Ghana
ORD-04680,CUST-0397,2024-06-05,Completed,Partner Portal,5.06,0.15,Latin America,Argentina
ORD-04681,CUST-0367,12/02/2024,Completed,Mobile App,33.5,0.26,Middle East,UAE
ORD-04682,CUST-0424,2021-12-30,Completed,Website,38.57,0.26,Latin America,Chile
ORD-04683,CUST-0327,2020-11-20,Completed,Website,42.89,0.31,Middle East,Saudi Arabia
ORD-04684,CUST-0093,2023-03-04,Pending,Partner Portal,17.14,1.37,North America,Canada
ORD-04685,CUST-0366,2021-09-17,Cancelled,Partner Portal,0.84,0.23,Europe,Spain
ORD-04686,CUST-0308,2021-02-28,completed,Phone,25.73,0.34,Europe,Sweden
ORD-04687,CUST-0247,2022-04-27,Completed,Marketplace,19.2,0.32,Middle East,UAE
ORD-04688,CUST-0168,2023-07-28,Refunded,In-Store,19.43,0.16,North America,Canada
ORD-04689,CUST-0236,2024-01-14,Completed,Website,5.04,0.3,Middle East,Qatar
ORD-04690,CUST-0334,"November 14, 2024",Cancelled,In-Store,16.74,0.28,Asia Pacific,South Korea
ORD-04691,CUST-0077,2024-08-29,Refunded,In-Store,27.5,0.33,Asia-Pacific,Australia
ORD-04692,CUST-0245,2022-05-03,Completed,In-Store,3.27,0.24,Europe,Sweden
ORD-04693,CUST-0214,2020-01-01,Completed,,6.42,0.33,Middle East ,UAE
ORD-04694,CUST-0348,19/02/2020,Completed,Partner Portal,44.88,0.08,Middle East,UAE
ORD-04695,CUST-0092,2023-03-17,Pending,Phone,11.47,0.02,Latin America,Brazil
ORD-04696,CUST-0312,2022-04-02,Pending,In-Store,5.99,0.06,Europe,Spain
ORD-04697,CUST-0015,2024-02-26,Refunded,,43.62,0.24,African Region,Nigeria
ORD-04698,CUST-0210,2020-08-09,Cancelled,,19.46,0.14,Europe,Germany
ORD-04699,CUST-0323,2024-09-29,Pending,Phone,12.36,0.33,European Region,Spain
ORD-04700,CUST-0003,2024-07-15,Cancelled,Partner Portal,35.81,0.27,Latin America,Colombia
ORD-04701,CUST-0397,2023-09-14,Completed,Partner Portal,0.97,0.17,Latin America,Argentina
ORD-04702,CUST-0250,8 October 2021,Completed,Marketplace,17.73,0.23,Europe,Sweden
ORD-04703,CUST-0376,2021-05-22,Completed,Partner Portal,11.25,0.07,Latin America,Brazil
ORD-04704,CUST-0426,2021-10-13,Completed,Website,7.14,0.29,Africa,Ghana
ORD-04705,CUST-0155,2020-02-19,Cancelled,Marketplace,12.99,1.14,NA Region,Mexico
ORD-04706,CUST-0420,05/07/2023,Completed,Website,38,0.12,Europe,France
ORD-04707,CUST-0331,2021-12-17,Completed,Website,38.27,0.1,Africa,Kenya
ORD-04708,CUST-0058,11/07/2020,Completed,Partner Portal,29.98,0.14,Asia Pacific,South Korea
ORD-04709,CUST-0038,2023-10-07,Completed,Website,6.79,0.15,Africa,South Africa
ORD-04710,CUST-0242,2020-09-16,Pending,In-Store,$39.07,0.26,asia pacific,India
ORD-04711,CUST-0447,2020-03-12,Refunded,Mobile App,43.14,1.17,Middle East,UAE
ORD-04712,CUST-0266,2020-11-03,Completed,Mobile App,26.38,0.33,Asia Pacific,Japan
ORD-04713,CUST-0457,2022-07-21,Completed,Marketplace,26.3,0.18,North America,Mexico
ORD-04714,CUST-0375,"June 25, 2024",Completed,Phone,24.23,0.23,North America,United States
ORD-04715,CUST-0184,2023-03-16,Pending,In-Store,34.5,0.27,Africa,South Africa
ORD-04716,CUST-0427,2020-12-29,Completed,Phone,21.75,0.24,Europe,United Kingdom
ORD-04717,CUST-0147,"October 6, 2022",Pending,Mobile App,26.15,0.26,Latin America,Brazil
ORD-04718,CUST-0437,7 December 2022,Refunded,In-Store,15.13,0.14,North America,Canada
ORD-04719,CUST-0212,2024-10-27,Completed,Website,32.87,0.04,Middle East,Saudi Arabia
ORD-04720,CUST-0183,2023-10-01,Refunded,Phone,12.17,0.02,Latin America ,Chile
ORD-04721,CUST-0370,2024-06-29,Completed,Marketplace,30.6,0.06,North america ,United States
ORD-04722,CUST-0213,2022-07-21,Pending,Marketplace,33.27,0.28,Middle East,Qatar
ORD-04723,CUST-0257,2020-08-27,Refunded,Mobile App,6.98,0.08,Eur,France
ORD-04724,CUST-0083,2023-01-03,Completed,,29.58,0.08,LATAM,Argentina
ORD-04725,CUST-0465,2023-02-06,Completed,Phone,36.74,0.27,Asia Pacific,India
ORD-04726,CUST-0173,2020-04-13,Completed,Phone,$12.03,0.02,European Region,United Kingdom
ORD-04727,CUST-0189,2020-08-05,Completed,Partner Portal,$31.64,0.32,Africa,Nigeria
ORD-04728,CUST-0356,2023-02-03,Cancelled,In-Store,40.48,0.03,Europe,Sweden
ORD-04729,CUST-0338,12/11/2023,Cancelled,Website,15.75,0.35,Europe,Sweden
ORD-04730,CUST-0208,2024-09-01,Refunded,Marketplace,18.11,0.28,Europe,Germany
ORD-04731,CUST-0396,2020-09-30,Completed,In-Store,29.89,0.17,Asia Pacific,India
ORD-04732,CUST-0050,2021-08-06,Cancelled,Phone,2.42,0.23,Latin America,Chile
ORD-04733,CUST-0161,2024-07-02,Pending,Website,25.73,0.15,NA Region,Mexico
ORD-04734,CUST-0025,2022-05-03,Completed,In-Store,9.06,0.06,Europe,Sweden
ORD-04735,CUST-0344,2023-04-20,Completed,Partner Portal,22.19,0.13,African Region,Nigeria
ORD-04736,CUST-0276,2024-10-31,Completed,Partner Portal,31.53,0.14,Asia Pacific,India
ORD-04737,CUST-0413,2020-06-22,Cancelled,Phone,33.13,0.04,Europe,Germany
ORD-04738,CUST-0120,2024-11-11,Pending,In-Store,$26.03,0.34,Middle East,Saudi Arabia
ORD-04739,CUST-0225,2022-07-28,Completed,Website,4.61,0.16,North America,Canada
ORD-04740,CUST-0399,2022-01-18,Completed,Marketplace,$11.39,0.04,Latin America,Chile
ORD-04741,CUST-0372,2023-08-20,Pending,Phone,22.91,0.33,latin america,Chile
ORD-04742,CUST-0208,2022-05-18,Pending,Mobile App,31.13,0.1,Europe,Germany
ORD-04743,CUST-0280,2020-02-01,Refunded,In-Store,31.39,0.04,LATAM,Colombia
ORD-04744,CUST-0401,2024-03-16,Refunded,Mobile App,29.82,0.2,Middle East,Qatar
ORD-04745,CUST-0093,2022-08-12,Refunded,Partner Portal,16.45,0.01,North America,Canada
ORD-04746,CUST-0342,2024-10-03,Refunded,Partner Portal,$40.63,0.26,Africa,South Africa
ORD-04747,CUST-0298,2021-07-23,completed,Phone,24.97,0.03,Africa,South Africa
ORD-04748,CUST-0469,09/19/2024,Completed,In-Store,14.97,0.22,Africa ,Nigeria
ORD-04749,CUST-0013,"July 26, 2020",Completed,Phone,1.12,0.07,Latin America,Brazil
ORD-04750,CUST-0130,2020-02-28,Completed,Website,35.31,0.01,Middle East,UAE
ORD-04751,CUST-0419,2024-09-20,Completed,Marketplace,5.04,0.34,Africa,Ghana
ORD-04752,CUST-0423,2023-04-08,Completed,,18.13,0.02,Latin America,Colombia
ORD-04753,CUST-0466,2022-04-21,Completed,In-Store,8.24,0.35,europe,Spain
ORD-04754,CUST-0235,2021-08-11,Completed,Marketplace,4.36,0,middle east,UAE
ORD-04755,CUST-0158,2023-04-07,Pending,Website,15.26,0.16,Middle East,Saudi Arabia
ORD-04756,CUST-0208,2022-08-27,cancelled,Marketplace,17.53,0,European Region,Germany
ORD-04757,CUST-0235,2024-10-13,Pending,Mobile App,8.91,0.35,Middle East,UAE
ORD-04758,CUST-0116,2023-07-04,Cancelled,Mobile App,24.81,0.1,Latin America,Chile
ORD-04759,CUST-0272,2020-04-25,Refunded,Mobile App,38.77,0.34,African Region,South Africa
ORD-04760,CUST-0036,2020-10-19,Pending,Website,38.89,0.2,LATAM,Colombia
ORD-04761,CUST-0069,2020-12-30,Completed,Partner Portal,$43.30,0.12,Latin America,Argentina
ORD-04762,CUST-0134,2021-10-12,Completed,Website,5.3,0.23,North America,United States
ORD-04763,CUST-0188,2021-03-07,Completed,Website,44.57,0.24,Africa,South Africa
ORD-04764,CUST-0291,22/12/2020,Completed,Partner Portal,11.57,0.03,Middle East,UAE
ORD-04765,CUST-0397,2020-01-15,Cancelled,In-Store,4.67,0.31,Latin America,Argentina
ORD-04766,CUST-0091,2023-07-17,Completed,Mobile App,24.86,0.25,Africa,Ghana
ORD-04767,CUST-0069,2020-04-03,Cancelled,Phone,41.87,0.03,Latin America,Argentina
ORD-04768,CUST-0412,2023-06-24,Cancelled,In-Store,44.25,0.18,Africa,South Africa
ORD-04769,CUST-0213,2022-02-10,Refunded,Marketplace,26.26,0.2,Middle East,Qatar
ORD-04770,CUST-0348,2023-04-16,Completed,Website,10.46,0.27,Middle East,UAE
ORD-04771,CUST-0016,"July 24, 2020",Refunded,Partner Portal,32.2,0.05,North America,Mexico
ORD-04772,CUST-0302,2023-06-17,Pending,Phone,10.19,0.17,Asia Pacific,Australia
ORD-04773,CUST-0047,2020-07-27,Completed,Partner Portal,12.61,0.11,Asia Pacific,India
ORD-04774,CUST-0470,2022-02-04,Cancelled,Partner Portal,33.46,0.07,Asia Pacific,Japan
ORD-04775,CUST-0299,2021-04-22,Refunded,Mobile App,18.99,0.33,Latin America,Argentina
ORD-04776,CUST-0139,2024-07-24,Completed,Website,19.91,1.32,Europe,Netherlands
ORD-04777,CUST-0201,2024-10-12,Cancelled,Website,12.99,0.11,Africa,Nigeria
ORD-04778,CUST-0325,2021-01-17,Completed,Mobile App,4.82,0.21,Latin America,Chile
ORD-04779,CUST-0357,2024-12-29,Completed,Partner Portal,33.33,0.19,north america,Mexico
ORD-04780,CUST-0339,18/05/2024,Completed,In-Store,35.46,0.14,Africa,South Africa
ORD-04781,CUST-0408,2023-08-25,Completed,Phone,$34.24,0.35,Latin America,Colombia
ORD-04782,CUST-0053,2024-09-07,Completed,Marketplace,25.13,0.06,Latin America,Argentina
ORD-04783,CUST-0071,12/06/2024,Completed,In-Store,21.4,1.11,LatAm,Argentina
ORD-04784,CUST-0190,2021-08-22,completed,Mobile App,10.62,0.2,Africa,South Africa
ORD-04785,CUST-0437,2021-06-03,Refunded,In-Store,22.57,0.08,North America,Canada
ORD-04786,CUST-0404,2024-10-05,Refunded,Mobile App,28.52,0.27,Latin America,Colombia
ORD-04787,CUST-0207,2022-02-04,Pending,Partner Portal,4.83,0.31,Europe,United Kingdom
ORD-04788,CUST-0435,2023-01-29,Completed,In-Store,7.92,0.11,Asia Pacific,India
ORD-04789,CUST-0136,08/30/2024,Completed,Marketplace,12.57,0.2,Europe,Sweden
ORD-04790,CUST-0147,2023-10-22,Completed,Website,20.56,0.02,Latin America,Brazil
ORD-04791,CUST-0358,2024-08-30,Completed,In-Store,5.29,0.34,Asia Pacific,India
ORD-04792,CUST-0121,2022-08-30,Completed,Phone,$31.74,0.06,Europe,Germany
ORD-04793,CUST-0150,15 March 2023,Cancelled,Phone,40.11,0.19,North America,Mexico
ORD-04794,CUST-0411,2022-04-02,Pending,Website,41.32,0.1,Asia Pacific,Singapore
ORD-04795,CUST-0452,2022-11-14,Completed,In-Store,2.61,0.05,Latin America,Brazil
ORD-04796,CUST-0228,2023-08-06,Completed,Marketplace,3.47,1.18,Europe,Spain
ORD-04797,CUST-0104,2023-11-06,Completed,,21.31,0.23,North America,Canada
ORD-04798,CUST-0468,17/08/2023,Pending,,14.15,0.2,North America,Canada
ORD-04799,CUST-0097,2021-07-17,Completed,,12.78,0.24,Europe,Netherlands
ORD-04800,CUST-0004,2023-08-07,Pending,Website,22.52,0.33,Latin America,Colombia
ORD-04801,CUST-0133,2021-11-24,Completed,In-Store,$25.08,0.25,Africa,Ghana
ORD-04802,CUST-0202,2020-03-31,Pending,Marketplace,0.06,0.06,Middle East,UAE
ORD-04803,CUST-0232,10 September 2024,Refunded,Phone,$39.13,0.34,Middle East,Saudi Arabia
ORD-04804,CUST-0414,2022-08-24,Completed,Partner Portal,$28.98,0.25,North America,Canada
ORD-04805,CUST-0149,2024-09-15,Completed,Mobile App,15.97,0.16,Europe,Germany
ORD-04806,CUST-0466,2021-11-05,Completed,In-Store,6.04,0.1,Europe,Spain
ORD-04807,CUST-0111,03/07/2020,PENDING,Phone,20.54,0.32,Latin America,Colombia
ORD-04808,CUST-0387,2020-07-10,Cancelled,Phone,25.97,0.32,Middle East,Qatar
ORD-04809,CUST-0088,2020-01-08,Completed,Mobile App,1.35,0.35,North America,Canada
ORD-04810,CUST-0460,2023-10-09,Cancelled,,28.22,0.08,Europe,Netherlands
ORD-04811,CUST-0368,2023-09-25,Completed,Partner Portal,1.4,0.28,africa,Nigeria
ORD-04812,CUST-0335,2021-03-14,Completed,Phone,12.24,0.18,Europe,Germany
ORD-04813,CUST-0446,17/03/2024,cancelled,Website,6.97,0.21,North America,Mexico
ORD-04814,CUST-0179,2023-07-18,Cancelled,,$43.81,0.29,Middle East,Qatar
ORD-04815,CUST-0036,2024-07-05,Completed,Website,$33.49,0.06,Latin America,Colombia
ORD-04816,CUST-0167,2021-02-01,Completed,In-Store,19.95,0.02,North America,United States
ORD-04817,CUST-0473,2024-07-10,Completed,,22.07,0.27,Europe,France
ORD-04818,CUST-0436,2023-06-02,Completed,Marketplace,0.48,0.31,Middle East,Qatar
ORD-04819,CUST-0382,"May 23, 2021",Completed,Phone,38.83,0.16,Latin America,Brazil
ORD-04820,CUST-0162,2021-09-18,Completed,Mobile App,42.4,0.35,Middle East,Qatar
ORD-04821,CUST-0110,2022-09-01,Completed,Partner Portal,$44.40,0.32,Middle East,Saudi Arabia
ORD-04822,CUST-0221,2024-02-25,Completed,Marketplace,$41.82,0.11,Asia Pacific,Japan
ORD-04823,CUST-0277,2024-05-09,Cancelled,Marketplace,41.86,0.3,Middle East,Saudi Arabia
ORD-04824,CUST-0144,2024-03-01,Completed,Marketplace,42.8,0.29,Asia Pacific,Japan
ORD-04825,CUST-0120,2020-01-23,Pending,In-Store,1.32,0.2,Middle East,Saudi Arabia
ORD-04826,CUST-0231,2022-01-24,Completed,Mobile App,41.24,0.16,Apac,India
ORD-04827,CUST-0432,2020-07-17,Completed,Marketplace,6.92,0.28,North America,United States
ORD-04828,CUST-0237,2024-06-04,Completed,Marketplace,16.82,0.12,Latin America,Brazil
ORD-04829,CUST-0042,2024-02-10,Completed,Phone,$43.74,0.01,Africa,Kenya
ORD-04830,CUST-0080,2024-02-02,Completed,Partner Portal,44.35,0.05,Europe,United Kingdom
ORD-04831,CUST-0183,2020-04-19,Completed,Marketplace,13.3,0.11,Latin America,Chile
ORD-04832,CUST-0227,2022-03-29,Completed,Marketplace,26.12,0.11,N. America,Mexico
ORD-04833,CUST-0087,2024-09-16,Completed,,7.04,0.1,Asia Pacific,Australia
ORD-04834,CUST-0263,16/02/2021,Refunded,In-Store,29.07,0.29,Asia Pacific,Singapore
ORD-04835,CUST-0206,"January 25, 2022",Completed,Mobile App,24.99,0.28,Europe,Netherlands
ORD-04836,CUST-0092,2021-01-29,Completed,Mobile App,$29.22,0.27,Latin America,Brazil
ORD-04837,CUST-0334,2022-01-08,Completed,Marketplace,23.44,0.29,Asia Pacific,South Korea
ORD-04838,CUST-0096,2024-11-21,Completed,Marketplace,$42.94,0.13,Middle East,UAE
ORD-04839,CUST-0395,2021-07-16,Completed,Marketplace,2.32,0.04,Middle East,Qatar
ORD-04840,CUST-0070,2022-05-07,Pending,Partner Portal,29.32,0.23,Middle East,Qatar
ORD-04841,CUST-0457,2023-01-18,Refunded,Mobile App,21.39,0.11,North America,Mexico
ORD-04842,CUST-0263,"August 30, 2022",Completed,Mobile App,19.59,0.17,Asia Pacific,Singapore
ORD-04843,CUST-0214,"September 17, 2022",Completed,Website,28.84,0.11,Middle East,UAE
ORD-04844,CUST-0028,2023-07-19,Cancelled,Phone,19.04,0.25,Middle East,Saudi Arabia
ORD-04845,CUST-0421,2022-08-18,Refunded,Mobile App,18.01,0.25,NA Region,Canada
ORD-04846,CUST-0237,14/09/2022,Refunded,Website,30.54,0.1,Latin America,Brazil
ORD-04847,CUST-0178,2020-05-19,Completed,Mobile App,14.67,0.05,Latin America,Argentina
ORD-04848,CUST-0446,"March 2, 2020",Cancelled,Phone,36.29,0.04,N. America,Mexico
ORD-04849,CUST-0469,5 August 2024,Cancelled,Phone,26.43,0.14,Africa,Nigeria
ORD-04850,CUST-0416,2021-04-23,pending,Partner Portal,26.95,0.09,middle east,Saudi Arabia
ORD-04851,CUST-0258,2020-11-07,Cancelled,In-Store,37.75,0.18,Asia Pacific,Singapore
ORD-04852,CUST-0105,2022-08-24,Completed,Phone,19,0.32,North America,Canada
ORD-04853,CUST-0136,2023-04-06,Completed,,38.81,0.14,Europe,Sweden
ORD-04854,CUST-0240,2024-11-15,Pending,Phone,11.87,0.2,Europe,United Kingdom
ORD-04855,CUST-0339,2022-05-02,Completed,Website,6.52,0.25,Africa,South Africa
ORD-04856,CUST-0160,2020-04-07,cancelled,Website,11.05,0.03,Latin America,Colombia
ORD-04857,CUST-0166,2020-12-30,Completed,Mobile App,5.48,0.14,Latin America,Argentina
ORD-04858,CUST-0419,2021-08-10,Completed,Website,5.85,0.1,AFRICA,Ghana
ORD-04859,CUST-0057,2022-05-01,Pending,Marketplace,26.01,0.33,Africa,Ghana
ORD-04860,CUST-0381,2021-07-15,Completed,Marketplace,43.15,0.17,Middle East,UAE
ORD-04861,CUST-0364,"November 23, 2024",Completed,Phone,14.98,0.28,Africa,Nigeria
ORD-04862,CUST-0275,2023-05-06,Completed,Website,$18.63,0.15,Africa,South Africa
ORD-04863,CUST-0232,2020-09-17,Completed,,5.73,0.19,Middle East,Saudi Arabia
ORD-04864,CUST-0113,11 February 2023,COMPLETED,Mobile App,3.77,0.14,North America,United States
ORD-04865,CUST-0037,2021-11-16,Completed,Partner Portal,7.03,0.32,North America,Mexico
ORD-04866,CUST-0459,2020-03-14,Completed,Partner Portal,5.19,0.29,europe,Spain
ORD-04867,CUST-0402,2023-10-28,Completed,Mobile App,9.22,0.05,Africa,Nigeria
ORD-04868,CUST-0147,2021-07-31,Completed,Website,22.1,0.32,Latin America,Brazil
ORD-04869,CUST-0046,2022-06-18,Pending,Phone,16.65,0.32,Asia Pacific,Japan
ORD-04870,CUST-0343,2022-03-17,Pending,Marketplace,42.76,0.32,EUROPE,France
ORD-04871,CUST-0372,2020-01-26,Completed,Website,28.12,0.23,Latin America,Chile
ORD-04872,CUST-0310,2020-06-04,Pending,Phone,22.07,0.26,latin america,Chile
ORD-04873,CUST-0427,04/25/2022,Completed,Partner Portal,20.8,0.28,Europe ,United Kingdom
ORD-04874,CUST-0455,2022-04-04,Completed,Website,10.6,0.34,Asia Pacific,Australia
ORD-04875,CUST-0346,2021-04-07,Cancelled,In-Store,13.56,0.25,North America,Canada
ORD-04876,CUST-0098,2021-07-22,Refunded,Phone,1.23,0.27,Middle East,UAE
ORD-04877,CUST-0423,11/09/2020,Pending,In-Store,26.13,0.27,Latin America,Colombia
ORD-04878,CUST-0413,2024-04-08,Pending,Mobile App,24.04,0.15,Europe,Germany
ORD-04879,CUST-0014,2022-06-03,Cancelled,Website,40.5,0.17,Africa,South Africa
ORD-04880,CUST-0067,2024-02-05,Pending,Marketplace,22.42,0.26,Africa,Ghana
ORD-04881,CUST-0259,2020-04-14,Completed,In-Store,5.63,0.22,North America,Mexico
ORD-04882,CUST-0014,2021-05-27,Pending,Website,12.01,0.06,AFRICA,South Africa
ORD-04883,CUST-0074,2022-07-31,Completed,,24.58,0.34,Africa,Nigeria
ORD-04884,CUST-0308,2023-03-27,Pending,In-Store,32.37,0.08,Europe,Sweden
ORD-04885,CUST-0089,2023-04-23,Pending,Website,35.26,0.25,Europe,Sweden
ORD-04886,CUST-0445,2022-12-22,Completed,Website,18.74,0.28,Asia Pacific,India
ORD-04887,CUST-0065,2022-08-09,Refunded,Marketplace,12.31,0.21,Middle East,UAE
ORD-04888,CUST-0470,2023-07-14,Completed,Partner Portal,20.16,0.02,Asia Pacific,Japan
ORD-04889,CUST-0058,2024-01-02,Completed,,2.55,0.33,Asia Pacific,South Korea
ORD-04890,CUST-0157,2023-01-11,Completed,Partner Portal,11.99,0.2,Latin America,Chile
ORD-04891,CUST-0146,2021-03-01,PENDING,Marketplace,43.94,0.34,Africa,Kenya
ORD-04892,CUST-0325,2022-12-27,Refunded,Marketplace,9.33,0.02,Latin America,Chile
ORD-04893,CUST-0413,2021-07-28,Pending,Phone,36.35,0.18,Eur,Germany
ORD-04894,CUST-0154,07/06/2020,COMPLETED,Phone,37.72,0.19,Africa,Nigeria
ORD-04895,CUST-0465,2023-04-09,Completed,Partner Portal,9.84,0.27,Asia Pacific,India
ORD-04896,CUST-0225,2022-04-12,Completed,Phone,20.39,0.34,north america,Canada
ORD-04897,CUST-0300,26 April 2020,Cancelled,Partner Portal,7.1,0.18,Africa,Nigeria
ORD-04898,CUST-0226,2024-02-25,Completed,Website,4.79,0.2,Africa,Nigeria
ORD-04899,CUST-0245,06/11/2024,Refunded,Marketplace,42.63,0.18,Europe,Sweden
ORD-04900,CUST-0372,2020-12-07,COMPLETED,Marketplace,2.94,0.23,latin america,Chile
ORD-04901,CUST-0380,2024-05-07,Completed,Mobile App,41.65,0.23,Asia Pacific,Singapore
ORD-04902,CUST-0390,2022-03-02,Completed,Mobile App,44.98,0.3,Middle East,Saudi Arabia
ORD-04903,CUST-0136,6 January 2024,Completed,Mobile App,27.99,0.12,Europe,Sweden
ORD-04904,CUST-0414,2023-06-05,Completed,Phone,19.92,0.29,North America,Canada
ORD-04905,CUST-0129,4 July 2024,Completed,Partner Portal,1.09,0.27,North America,Mexico
ORD-04906,CUST-0130,2020-05-25,Completed,Mobile App,29.63,0.02,middle east,UAE
ORD-04907,CUST-0258,2021-02-28,Completed,Mobile App,19.45,0.03,Asia Pacific,Singapore
ORD-04908,CUST-0012,2020-09-20,Refunded,Partner Portal,12.44,0.13,EUROPE,Netherlands
ORD-04909,CUST-0148,2020-03-20,completed,In-Store,38.86,0.04,Middle East,UAE
ORD-04910,CUST-0086,14 August 2021,Completed,In-Store,23.64,0.16,Europe,Spain
ORD-04911,CUST-0235,2022-11-15,Cancelled,Marketplace,24.1,0.04,Middle East,UAE
ORD-04912,CUST-0258,2021-12-05,Refunded,Marketplace,40.95,0.01,Apac,Singapore
ORD-04913,CUST-0453,17/03/2020,Pending,In-Store,34.66,0.05,Latin America,Argentina
ORD-04914,CUST-0370,07/29/2024,Cancelled,Phone,30.17,0.03,North America,United States
ORD-04915,CUST-0061,19 April 2024,Refunded,Marketplace,28.56,0.17,Africa,Ghana
ORD-04916,CUST-0237,2023-10-29,Pending,In-Store,37.42,0.18,Latin America,Brazil
ORD-04917,CUST-0411,2024-07-07,Completed,Mobile App,32.15,0.09,Asia Pacific,Singapore
ORD-04918,CUST-0068,2022-09-08,Refunded,Website,5.97,0.35,Eur,Sweden
ORD-04919,CUST-0371,2022-04-29,Completed,Mobile App,34.96,0.04,North America,United States
ORD-04920,CUST-0455,2020-10-13,Completed,Partner Portal,38.72,0.22,Asia-Pacific,Australia
ORD-04921,CUST-0048,2024-01-07,Completed,Partner Portal,28.22,0.01,North America,Canada
ORD-04922,CUST-0037,2022-03-26,Cancelled,In-Store,26.03,0.31,North America,Mexico
ORD-04923,CUST-0103,10 June 2021,Completed,Partner Portal,17.33,0.33,N. America,Canada
ORD-04924,CUST-0221,2024-02-12,Completed,Partner Portal,2.1,0.01,Asia Pacific,Japan
ORD-04925,CUST-0450,"November 12, 2020",Refunded,Partner Portal,34.56,0.28,Europe,France
ORD-04926,CUST-0212,2023-05-02,Completed,Website,3.89,0.31,Middle East,Saudi Arabia
ORD-04927,CUST-0036,2021-11-01,Pending,Mobile App,18.29,0.26,Latin America,Colombia
ORD-04928,CUST-0201,2023-08-01,Refunded,Marketplace,42.82,0.07,Africa,Nigeria
ORD-04929,CUST-0434,2020-08-01,Pending,Website,25.44,0.04,Europe,Sweden
ORD-04930,CUST-0110,2023-08-29,Cancelled,Website,2.53,0.23,Middle East ,Saudi Arabia
ORD-04931,CUST-0399,"December 30, 2021",Completed,In-Store,38.52,0.26,Latin America,Chile
ORD-04932,CUST-0095,2024-04-08,Pending,Mobile App,7.3,0.07,Africa ,Ghana
ORD-04933,CUST-0244,2024-05-08,Cancelled,,38.42,0.22,North America,Mexico
ORD-04934,CUST-0327,2022-12-26,Completed,In-Store,42.22,0.24,Middle East,Saudi Arabia
ORD-04935,CUST-0152,01/05/2023,Completed,Website,44.21,0.13,Middle East,Saudi Arabia
ORD-04936,CUST-0295,2021-12-06,Completed,In-Store,25.09,0.25,Europe,France
ORD-04937,CUST-0236,2022-09-20,Pending,Website,37.4,0.04,Middle East,Qatar
ORD-04938,CUST-0402,21 January 2021,Completed,Partner Portal,31.17,0.04,Africa,Nigeria
ORD-04939,CUST-0276,2021-07-13,Cancelled,Website,$2.16,0.28,Asia Pacific,India
ORD-04940,CUST-0453,02/09/2021,Refunded,Partner Portal,$43.88,0.32,Latin America,Argentina
ORD-04941,CUST-0320,2023-07-19,Completed,Phone,35.46,1.2,Middle East,UAE
ORD-04942,CUST-0445,"August 24, 2023",Cancelled,Partner Portal,41.13,0.07,Asia Pacific,India
ORD-04943,CUST-0070,2021-03-15,Completed,Partner Portal,15.7,0.22,Middle East,Qatar
ORD-04944,CUST-0459,2020-04-02,Completed,Partner Portal,5.02,0.33,Europe,Spain
ORD-04945,CUST-0277,"December 7, 2021",Completed,Mobile App,43.03,0.19,Middle East,Saudi Arabia
ORD-04946,CUST-0430,15 November 2022,Completed,Phone,8.56,0.11,Middle East,Saudi Arabia
ORD-04947,CUST-0398,"August 30, 2023",Pending,Partner Portal,4.11,0.31,Latin America,Brazil
ORD-04948,CUST-0320,2024-08-30,Cancelled,Phone,25.2,0.21,Middle East,UAE
ORD-04949,CUST-0355,2024-12-20,Completed,In-Store,10.49,0.17,africa,Ghana
ORD-04950,CUST-0258,2023-09-29,Completed,In-Store,6.08,0.25,Asia-Pacific,Singapore
ORD-04951,CUST-0302,2020-09-16,Completed,Partner Portal,43.61,0.02,Asia Pacific,Australia
ORD-04952,CUST-0073,2024-01-08,Pending,Website,24.39,0.05,Latin America,Argentina
ORD-04953,CUST-0444,2022-10-30,Pending,In-Store,22.31,0.3,Asia Pacific,Singapore
ORD-04954,CUST-0108,05/12/2022,Refunded,,25.98,0.12,north america,United States
ORD-04955,CUST-0480,2020-07-14,Cancelled,Partner Portal,15.8,0.15,North America,Canada
ORD-04956,CUST-0006,"December 18, 2023",Refunded,Partner Portal,27.67,0,Asia Pacific,South Korea
ORD-04957,CUST-0075,2020-03-31,Refunded,In-Store,3.78,0.07,Africa,South Africa
ORD-04958,CUST-0455,2023-09-10,Completed,In-Store,4.55,0.1,Asia Pacific,Australia
ORD-04959,CUST-0414,2021-02-10,Completed,In-Store,22.98,0.19,North America,Canada
ORD-04960,CUST-0438,2020-03-07,Cancelled,Marketplace,2.14,0.27,Europe,Sweden
ORD-04961,CUST-0388,2024-07-18,Refunded,In-Store,35.49,0.33,Apac,South Korea
ORD-04962,CUST-0086,2020-09-05,Pending,Mobile App,40.76,0,Europe,Spain
ORD-04963,CUST-0373,2022-11-29,Cancelled,In-Store,26.4,0.05,Europe,France
ORD-04964,CUST-0113,11 March 2020,Pending,Marketplace,30.93,0.06,North America,United States
ORD-04965,CUST-0248,2021-06-14,Completed,In-Store,0.76,0.18,Europe,Netherlands
ORD-04966,CUST-0253,2021-09-22,Pending,Partner Portal,2.36,0.26,Africa,Nigeria
ORD-04967,CUST-0161,2024-10-21,Completed,Partner Portal,23.25,0.27,North America,Mexico
ORD-04968,CUST-0404,2024-03-15,refunded,Phone,15.67,0.07,Latin America,Colombia
ORD-04969,CUST-0168,2024-12-22,Completed,In-Store,36.14,0.05,North America,Canada
ORD-04970,CUST-0037,9 June 2023,pending,Marketplace,36.89,0.14,N. America,Mexico
ORD-04971,CUST-0332,09/28/2021,Completed,Website,$7.30,0.12,Africa,Nigeria
ORD-04972,CUST-0112,2022-01-04,Pending,Marketplace,24.01,0.22,Africa,Kenya
ORD-04973,CUST-0262,2020-05-28,Completed,In-Store,21.15,0.2,North America,Canada
ORD-04974,CUST-0065,12/03/2021,Cancelled,Phone,41.91,0.32,Middle East,UAE
ORD-04975,CUST-0474,2023-06-29,Completed,Website,44.32,0.07,Europe,Germany
ORD-04976,CUST-0171,2021-05-22,Cancelled,Phone,6.6,0.28,Europe ,Netherlands
ORD-04977,CUST-0423,2023-12-06,Completed,In-Store,5.16,0.14,Latin America,Colombia
ORD-04978,CUST-0397,2023-07-12,completed,Partner Portal,$2.54,0,Latin America,Argentina
ORD-04979,CUST-0274,2020-06-10,Refunded,Phone,17.19,0.1,North America,Canada
ORD-04980,CUST-0045,2024-08-08,Completed,Partner Portal,4.38,0.06,LatAm,Colombia
ORD-04981,CUST-0475,2020-05-12,Pending,Mobile App,$4.51,0.14,North America,Mexico
ORD-04982,CUST-0037,2024-08-15,Pending,Mobile App,18.98,0.17,north america,Mexico
ORD-04983,CUST-0132,2023-12-26,Completed,Partner Portal,$13.23,0.08,Africa,South Africa
ORD-04984,CUST-0336,9 September 2024,Refunded,Partner Portal,$19.65,0.25,Latin America ,Chile
ORD-04985,CUST-0165,2022-09-02,Cancelled,Phone,37.11,0.33,Europe,Germany
ORD-04986,CUST-0411,2023-07-05,CANCELLED,Partner Portal,18.16,0.27,Asia Pacific,Singapore
ORD-04987,CUST-0284,2024-06-25,Cancelled,In-Store,41.98,0.04,North America,United States
ORD-04988,CUST-0054,"December 3, 2021",Completed,Mobile App,41.58,0.07,Africa,Ghana
ORD-04989,CUST-0445,2020-11-07,Completed,Website,$5.33,0.25,Asia Pacific,India
ORD-04990,CUST-0457,2024-05-30,Refunded,Website,16.1,0.16,North America,Mexico
ORD-04991,CUST-0335,2021-09-15,Completed,,16.54,0.01,Europe,Germany
ORD-04992,CUST-0407,2024-12-03,completed,Mobile App,6.26,0.29,Middle East,Qatar
ORD-04993,CUST-0106,2020-09-30,Pending,Phone,38.04,0.1,Latin America,Chile
ORD-04994,CUST-0121,2023-11-22,Pending,In-Store,1.76,0.12,Europe,Germany
ORD-04995,CUST-0110,2020-05-14,COMPLETED,Website,30.14,0.05,Middle East,Saudi Arabia
ORD-04996,CUST-0274,2021-08-28,Completed,Website,10.79,0.23,North America,Canada
ORD-04997,CUST-0431,2024-07-24,Completed,Phone,39.02,0.17,Asia Pacific,Singapore
ORD-04998,CUST-0221,"January 26, 2024",Pending,,4.09,0.1,Asia Pacific,Japan
ORD-04999,CUST-0011,2020-02-10,Refunded,Phone,6.05,0.22,North America,Canada
ORD-05000,CUST-0047,2020-11-11,Completed,Website,15.28,0.35,Asia Pacific,India
